"myAUC","avg_diff","power","avg_log2FC","pct.1","pct.2","cluster","gene"
0.952,2.43819513970815,0.904,3.51959359812742,1,0.689,"0","STMN2"
0.945,2.19867769590757,0.89,3.17403447990307,1,0.954,"0","DCX"
0.942,2.00282702038012,0.884,2.89334039590321,1,0.928,"0","MLLT11"
0.933,2.20464855788984,0.866,3.18129838894802,1,1,"0","SOX4"
0.916,2.2264471039564,0.832,3.21774188155054,0.935,0.367,"0","MYT1L"
0.903,2.04106353569858,0.806,2.9668268307952,1,0.805,"0","KIF5A"
0.898,2.72804000598595,0.796,3.94330155961599,0.961,0.529,"0","GAP43"
0.893,2.71968078102414,0.786,3.97361893042926,0.883,0.186,"0","HMP19"
0.89,2.14219537827251,0.78,3.09960993535054,0.922,0.325,"0","NRXN1"
0.884,2.83074518703028,0.768,4.09086182009533,0.909,0.422,"0","RTN1"
0.853,2.94759940605322,0.706,4.65645821638031,0.805,0.172,"0","RAB3A"
0.844,1.1411068872828,0.688,1.64643067640586,1,1,"0","MAP1B"
0.844,2.91225722822068,0.688,4.34442696184283,0.857,0.29,"0","MAPT"
0.84,1.54111269741425,0.68,2.22495795559569,1,0.947,"0","MAP2"
0.839,1.77352237436012,0.678,2.56319634363401,1,0.77,"0","SYT1"
0.838,2.27197605357307,0.676,3.28535229860824,1,0.8,"0","RBFOX2"
0.833,1.42333358012479,0.666,2.0563303552237,1,0.954,"0","CXADR"
0.832,1.26835243435868,0.664,1.82986665406714,1,1,"0","TUBA1A"
0.83,2.9169479242803,0.66,4.2882637163403,0.766,0.206,"0","SCN2A"
0.829,1.37967104024463,0.658,1.99069175114816,1,0.993,"0","TMSB10"
0.826,2.08710209819267,0.652,3.02035262387153,0.922,0.555,"0","ELAVL4"
0.825,1.98723811288608,0.65,2.97221482068521,0.844,0.292,"0","CDK5R1"
0.818,0.81846374739112,0.636,1.35449833143561,0.883,0.371,"0","ELAVL3"
0.817,2.87599070725358,0.634,4.31884487522144,0.805,0.285,"0","SCN3A"
0.817,1.39242814609171,0.634,2.01624641121607,1,0.893,"0","KIDINS220"
0.814,2.25396876045283,0.628,3.30040184561107,0.922,0.587,"0","AMER2"
0.813,2.0750722618917,0.626,3.06134158552922,0.792,0.239,"0","INA"
0.811,2.76068814199945,0.622,3.99103158382354,0.779,0.297,"0","GRIA2"
0.811,1.80507313033507,0.622,2.7523171286536,0.74,0.172,"0","SRRM4"
0.81,1.18065152028116,0.62,1.70925347534566,0.974,0.629,"0","ANK3"
0.808,2.55224531671004,0.616,3.75642967843491,0.909,0.499,"0","GNAO1"
0.805,2.16238681647094,0.61,3.50286509865812,0.805,0.292,"0","KIF21B"
0.804,1.22134466687629,0.608,1.77633260393189,0.87,0.427,"0","SCG3"
0.804,1.60914773746192,0.608,2.42651855602117,0.805,0.285,"0","UNC79"
0.801,2.2457351018416,0.602,3.30446439521252,0.792,0.285,"0","CELF4"
0.798,1.62410809092019,0.596,2.34476884704812,1,0.977,"0","TUBB2A"
0.793,1.73675475375044,0.586,2.51543116933187,0.87,0.552,"0","RUNX1T1"
0.791,1.23370838444231,0.582,1.78022735175434,1,0.995,"0","NREP"
0.791,1.15042100857769,0.582,1.66767992232584,0.883,0.459,"0","DCC"
0.79,2.02886848806581,0.58,2.94743670510973,0.779,0.288,"0","SNAP25"
0.79,1.5015474281413,0.58,2.17195377094073,0.974,0.896,"0","FNBP1L"
0.789,2.59447680904324,0.578,3.80810688014115,0.714,0.174,"0","PHACTR3"
0.788,1.5801138488879,0.576,2.2819314864958,1,0.903,"0","TUBB3.1"
0.784,2.26829620544315,0.568,3.47890419572323,0.688,0.16,"0","NMNAT2"
0.779,1.63996610475931,0.558,2.71319988033241,0.675,0.162,"0","GRIN2B"
0.776,1.32667808753778,0.552,1.91920998242303,1,0.986,"0","NUDT3"
0.772,1.18508453542358,0.544,1.71043196254089,1,0.972,"0","AKAP9"
0.772,1.29467999697855,0.544,2.09978488929724,0.753,0.241,"0","JPH4"
0.77,2.86210798935001,0.54,4.43483243762376,0.675,0.183,"0","CACNA1E"
0.769,1.31861472251222,0.538,1.92016496412342,0.831,0.399,"0","AKAP6"
0.769,2.38321892936469,0.538,3.54779022013678,0.779,0.362,"0","LRRC7"
0.768,1.54953630546002,0.536,2.24340458949096,0.935,0.754,"0","ANK2"
0.767,1.41196996166011,0.534,2.03830865979048,1,0.972,"0","UCHL1"
0.767,1.48021619296166,0.534,2.15517709623007,0.857,0.469,"0","ATCAY"
0.766,1.33227097019486,0.532,1.9937773990427,0.753,0.295,"0","NFASC"
0.766,2.02970883864646,0.532,2.96278063651712,0.896,0.708,"0","XPR1"
0.765,2.05097775515431,0.53,3.02605165758601,0.831,0.561,"0","PGM2L1"
0.763,2.11780229429822,0.526,3.1258906387464,0.688,0.19,"0","SLC4A10"
0.763,2.52063769652135,0.526,3.73650509940333,0.714,0.334,"0","KIF3C"
0.237,0.982343848100842,0.526,1.58264219157964,0.792,0.94,"0","HNRNPA1P35"
0.762,2.55628588803755,0.524,3.70873759318952,0.922,0.592,"0","SEPT3"
0.762,1.88249871193824,0.524,2.83034332784155,0.74,0.306,"0","NCAN"
0.238,0.45208620899248,0.524,0.692094819802622,0.87,0.972,"0","RPS3AP47"
0.76,1.48817858072109,0.52,2.15259565964149,0.935,0.842,"0","SPTAN1"
0.759,2.17143245516784,0.518,3.1443765826951,0.857,0.545,"0","MTSS1"
0.758,2.37938857391091,0.516,3.43833603291044,0.883,0.71,"0","BCL11A"
0.758,2.22705192146955,0.516,3.29950004500762,0.727,0.316,"0","BCL11B"
0.757,3.48021757141504,0.514,5.51525816541168,0.662,0.2,"0","PAK7"
0.757,0.962136739032209,0.514,1.39075358133202,0.818,0.459,"0","PPFIA2"
0.753,1.23572246498043,0.506,1.79790910386942,0.922,0.645,"0","CPEB4"
0.753,2.73551555144207,0.506,3.97741264174137,0.714,0.297,"0","CAMKV"
0.753,0.825518654170798,0.506,1.19101118596532,1,1,"0","STMN1"
0.752,1.58078426530554,0.504,2.29224380637886,0.974,0.831,"0","PAK3"
0.752,2.84001487051866,0.504,4.54808604846785,0.61,0.139,"0","TBR1"
0.749,1.62766024069418,0.498,2.35514710931446,0.974,0.861,"0","CRMP1"
0.749,2.22293154316772,0.498,3.2431463916018,0.662,0.223,"0","GDAP1L1"
0.748,1.48742999674746,0.496,2.29618381679066,0.623,0.144,"0","L1CAM"
0.748,0.83161878159318,0.496,1.19990664941104,1,1,"0","DPYSL2"
0.748,1.60512742076685,0.496,2.58445017680622,0.662,0.227,"0","POU2F2"
0.748,1.99683490715675,0.496,2.88661846961021,0.727,0.367,"0","GNG3"
0.747,1.84556707085378,0.494,2.67464820154778,0.883,0.645,"0","ATAT1"
0.745,1.64365521633128,0.49,2.37733676189994,0.974,0.907,"0","PPP3CA"
0.745,0.959578985133485,0.49,1.39115443519379,0.961,0.747,"0","KIF5C"
0.743,2.2257379414011,0.486,3.39240448455475,0.61,0.188,"0","SCN3B"
0.742,2.6331141402184,0.484,3.92774908242785,0.649,0.23,"0","CACNA2D1"
0.742,1.32172162501097,0.484,1.90974418098915,0.987,0.891,"0","CEP170"
0.74,3.30782890481866,0.48,4.90197832388886,0.597,0.16,"0","RP11-35N6.1"
0.74,1.2065138837741,0.48,1.74436509289194,0.857,0.561,"0","TAGLN3"
0.739,1.89327222913759,0.478,2.77397047362572,0.818,0.51,"0","PWAR6"
0.736,3.43637376869125,0.472,4.96457653911775,0.61,0.267,"0","NEUROD6"
0.733,0.975779845672103,0.466,1.43878111290448,0.961,0.798,"0","MIAT"
0.732,1.57586079013268,0.464,2.290372762188,0.779,0.471,"0","STXBP1"
0.732,1.38043815667079,0.464,1.99329945921603,1,0.984,"0","TUBB2B"
0.732,1.94522737542052,0.464,2.8258808095004,0.883,0.654,"0","TERF2IP"
0.731,2.64671766793828,0.462,3.88754371072703,0.532,0.086,"0","RALYL"
0.731,0.970088150488907,0.462,1.40554345413911,0.909,0.631,"0","KIAA0408"
0.73,1.66085521845146,0.46,2.4204578942876,0.909,0.731,"0","NBEA"
0.729,2.00072170873323,0.458,2.91010347026176,0.714,0.385,"0","D4S234E"
0.729,1.3995338863499,0.458,2.02872417451437,0.714,0.306,"0","SYT4"
0.728,3.5003716662892,0.456,5.63874975492235,0.519,0.09,"0","GABBR2"
0.728,2.08715215706566,0.456,3.02947338209802,0.662,0.246,"0","GRIK2"
0.728,0.785400619800805,0.456,1.1335359658893,1,1,"0","TTC3"
0.727,1.50362867523997,0.454,2.18080823290949,0.909,0.78,"0","DPYSL3"
0.727,1.87198953225303,0.454,2.70495708129653,0.779,0.503,"0","SCG5"
0.727,2.12447176408842,0.454,3.15674806318069,0.558,0.13,"0","IGSF21"
0.726,1.70401473713128,0.452,2.46734806994242,0.818,0.571,"0","GDAP1"
0.726,0.995893951816389,0.452,1.43849139589123,0.987,0.747,"0","CD24"
0.726,1.33474736039072,0.452,2.00014559552939,0.935,0.773,"0","TUBB2BP1"
0.725,1.63537123731553,0.45,2.38772067261598,0.675,0.288,"0","SNAP91"
0.724,1.22712967359226,0.448,1.77227114522217,0.922,0.787,"0","FEZ1"
0.723,2.20931453278942,0.446,3.37091820158151,0.61,0.248,"0","SSTR2"
0.723,1.80008900623698,0.446,4.61621508117549,0.506,0.074,"0","NEUROD2"
0.723,1.91340760309051,0.446,2.97052829554162,0.766,0.469,"0","SBK1"
0.722,1.46914644354504,0.444,2.12105069389242,0.974,0.81,"0","BEX1"
0.722,1.12818434837318,0.444,1.63630444386981,0.818,0.559,"0","GNG2"
0.722,1.86769533229019,0.444,2.84742158501123,0.571,0.146,"0","SLIT1"
0.721,1.05236707911765,0.442,1.52079902879831,0.948,0.78,"0","GPM6A"
0.72,1.9394188509491,0.44,2.95176835939477,0.714,0.411,"0","MTURN"
0.72,1.35116771558615,0.44,1.97200610391999,0.662,0.297,"0","REEP1"
0.72,2.67104306442279,0.44,3.97782930481324,0.558,0.146,"0","CNTN1"
0.72,1.88568182270989,0.44,2.85517711905637,0.727,0.413,"0","SLC1A2"
0.283,1.03691041993052,0.434,1.5213416061674,0.364,0.687,"0","AC011933.2"
0.717,2.19558268395736,0.434,3.33999604089085,0.636,0.26,"0","HIP1R"
0.717,1.1560606235383,0.434,1.67446404849772,0.922,0.673,"0","KIFAP3"
0.717,1.82483221492,0.434,2.66168476698258,0.727,0.506,"0","PRKACB"
0.716,1.28811346847579,0.432,1.86076199067017,0.961,0.787,"0","BEX2"
0.716,1.33805479838136,0.432,1.93967386700718,0.896,0.784,"0","PHACTR1"
0.715,1.62472769410495,0.43,2.37341150212135,0.779,0.49,"0","DCLK1"
0.715,0.665761289064635,0.43,0.963044318130613,0.974,0.891,"0","NCAM1"
0.715,3.20435469683311,0.43,4.74289331718076,0.494,0.077,"0","SLC17A6"
0.713,1.66881451879418,0.426,2.45315247392454,0.584,0.22,"0","OLFM1"
0.712,0.78899536333454,0.424,1.14147631426423,1,0.986,"0","USP22"
0.712,1.79221539688156,0.424,2.93810710223452,0.584,0.251,"0","DISP2"
0.712,1.87955448942843,0.424,2.76631163579423,0.701,0.439,"0","KIAA1598"
0.289,1.02220247861922,0.422,1.83831329537994,0.416,0.791,"0","CCDC73"
0.711,1.86242164401465,0.422,2.75122956102182,0.623,0.274,"0","STMN4"
0.711,2.18293894880092,0.422,3.17002970641036,0.675,0.394,"0","THSD7A"
0.711,2.22629376107718,0.422,3.21854962042613,0.649,0.336,"0","RP11-380L11.4"
0.71,0.760077969807186,0.42,1.09744469183504,1,0.991,"0","TSPYL1"
0.71,1.0231221099394,0.42,1.48490045438565,0.649,0.302,"0","CTNNA2"
0.71,1.18515787006031,0.42,1.71080386994736,0.987,0.949,"0","SNRPN"
0.71,1.85511291684294,0.42,2.68438052539162,0.805,0.545,"0","SLC6A15"
0.71,1.52710992716114,0.42,2.21208218914482,0.87,0.749,"0","KIAA1467"
0.709,1.1342961325062,0.418,1.64383766806545,0.948,0.773,"0","CPE"
0.708,1.44286650398021,0.416,2.2436102794721,0.532,0.137,"0","HECW1"
0.708,1.42461108032404,0.416,2.06069515545637,0.948,0.833,"0","CLASP2"
0.708,1.98266699127719,0.416,2.92802159418907,0.584,0.237,"0","SH3BP5"
0.707,1.72243359294025,0.414,2.5267415344017,0.623,0.265,"0","TMEM35"
0.705,0.908550448505844,0.41,1.31163926568137,1,0.993,"0","RTN4"
0.705,0.827266117102952,0.41,1.2274460789429,0.766,0.469,"0","CHD3"
0.705,0.906181249294375,0.41,1.3086566198106,1,0.984,"0","DAAM1"
0.704,1.27561062692184,0.408,1.84452513045618,0.87,0.622,"0","CD200"
0.703,3.14364515514137,0.406,4.74931753019174,0.494,0.121,"0","GABRG2"
0.703,1.12208795843712,0.406,1.63117848772588,0.818,0.717,"0","PCDH9"
0.703,0.773828779421515,0.406,1.12361527721997,0.987,0.951,"0","R3HDM2"
0.703,1.34497399500281,0.406,1.98718560925048,0.753,0.543,"0","SYT14"
0.702,1.64458047515706,0.404,2.39081453533572,0.571,0.202,"0","ST18"
0.702,2.30375428137208,0.404,3.34716519434838,0.675,0.313,"0","PPP2R2B"
0.702,1.8820429957178,0.404,2.9985082786664,0.571,0.22,"0","SEZ6L"
0.934,1.88923148517921,0.868,2.75953136123313,1,0.716,"1","RPL41P2"
0.903,1.05280544297752,0.806,1.97628279323684,1,0.702,"1","HNRNPA1P8"
0.9,1.44001407874166,0.8,2.16452576909846,1,0.959,"1","TUBAP2"
0.896,1.05736248958929,0.792,1.87296235986163,1,0.845,"1","HNRNPA1P4"
0.894,0.866067437214537,0.788,1.89044869433559,1,0.725,"1","EEF1A1P12"
0.885,0.831994331898861,0.77,1.50076090501256,0.985,0.575,"1","RPS3AP25"
0.885,0.905451011526927,0.77,1.3278246494993,1,0.945,"1","AC004069.2"
0.876,1.28267291461207,0.752,1.9424276994764,1,0.793,"1","RP11-203F10.6"
0.875,1.47867040142689,0.75,2.61842637165701,0.912,0.205,"1","RPS20P35"
0.874,1.17793820683427,0.748,1.77114382584418,1,0.616,"1","MTRNR2L1"
0.871,0.343652543059713,0.742,0.562371872047484,1,0.905,"1","HNRNPA1P35"
0.871,1.04553394362465,0.742,1.5314125735721,1,0.98,"1","HNRNPA1P48"
0.87,1.08544441319404,0.74,1.63746424115061,1,0.905,"1","AC021224.1"
0.869,0.975664297931107,0.738,1.45381278838163,1,0.98,"1","EEF1A1P13"
0.869,1.1059049396729,0.738,1.69374050879,1,0.843,"1","HMGB1P10"
0.868,1.15645016426141,0.736,1.69774264107383,1,0.961,"1","RPLP0P6"
0.865,0.960127337027926,0.73,1.39634288275473,1,0.975,"1","RP11-50D9.1"
0.864,0.448052991477958,0.728,0.684859053838764,1,0.85,"1","RPL15P2"
0.862,1.06854148930743,0.724,1.56033149711341,1,0.959,"1","HNRNPA1P10"
0.86,0.724776292318356,0.72,1.10559567797354,1,0.825,"1","RP11-592N21.1"
0.859,1.35325153080269,0.718,1.97704950831662,0.985,0.848,"1","RP11-750B16.1"
0.859,0.855389768722816,0.718,1.31756004358777,1,0.92,"1","EEF1A1P11"
0.857,1.19791256863205,0.714,1.72847418569682,1,0.764,"1","MTATP8P1"
0.856,0.922572782755199,0.712,1.55251603426521,1,0.73,"1","RPL13AP7"
0.856,1.00302278638344,0.712,1.52344726829008,1,0.807,"1","RP11-492M23.2"
0.854,1.02858807124653,0.708,1.48929270028093,1,0.923,"1","RPS23P8"
0.853,0.759201892823098,0.706,1.65069685316902,1,0.677,"1","RPL4P5"
0.852,1.63556545898627,0.704,2.85387689359047,0.912,0.343,"1","RPL5P1"
0.851,1.06394350381594,0.702,1.54627297370679,1,0.92,"1","RPS26P8"
0.85,0.574410024286476,0.7,0.934893108352885,1,0.568,"1","ALYREF"
0.85,0.364489030820838,0.7,1.97687196961644,0.926,0.391,"1","EEF1A1P14"
0.849,1.16464860367286,0.698,1.71501123955221,1,0.989,"1","EEF1A1P19"
0.848,0.84169482244846,0.696,1.32769235479126,1,0.923,"1","RPL4P4"
0.847,0.932614064635618,0.694,1.35398350787716,1,0.959,"1","HNRNPA1P7"
0.846,0.950639742559534,0.692,1.77167986585468,0.971,0.614,"1","RPSAP15"
0.845,1.04049991065816,0.69,1.52137960038028,1,0.795,"1","AC012005.3"
0.845,1.37735427709236,0.69,2.2162663803425,0.897,0.307,"1","RP11-112J1.1"
0.845,0.119114019441818,0.69,0.192495834786985,1,0.711,"1","RPL13AP20"
0.844,1.03878255849109,0.688,1.5188834606817,1,0.795,"1","AC006386.1"
0.844,0.877083112823025,0.688,1.33877467909288,1,0.795,"1","AC092155.1"
0.844,0.262970570099546,0.688,0.38707515848008,0.985,0.584,"1","AC011933.2"
0.84,0.762783371181136,0.68,1.1468472240293,1,0.861,"1","RP11-464D20.2"
0.839,1.02256161267564,0.678,1.53848034630396,1,0.882,"1","PPIAP22"
0.838,1.05108453713466,0.676,1.52428504141155,1,0.927,"1","RPS26P6"
0.838,0.948815191271762,0.676,1.36932145875896,1,0.98,"1","CTB-63M22.1"
0.837,0.871605961954159,0.674,1.43034185821286,1,0.77,"1","RPL3P2"
0.836,1.04599398308484,0.672,1.52764772113052,0.971,0.43,"1","PRTG"
0.836,0.861941038608432,0.672,1.3952258550042,1,0.605,"1","RPS26P47"
0.835,1.01010346788327,0.67,1.52217055281246,1,0.68,"1","RPS26P15"
0.834,0.0982092229272307,0.668,0.149456998812068,0.956,0.448,"1","RP11-402J6.3"
0.834,0.966236148104118,0.668,1.54178752479748,0.985,0.691,"1","RPS7P1"
0.833,1.02407845477311,0.666,1.48458149003569,1,0.786,"1","RP11-175B9.3"
0.832,0.938454132049639,0.664,1.49804136434293,0.985,0.655,"1","RPL23AP2"
0.831,0.859797336685872,0.662,1.26340141005964,1,0.975,"1","RPL7P23"
0.831,0.936624659026826,0.662,1.48177827316897,0.985,0.864,"1","RPSAP54"
0.831,1.55905722003402,0.662,2.25153683711953,0.926,0.4,"1","MGST1"
0.831,0.695821234217338,0.662,1.28318045426222,1,0.811,"1","EEF1A1P4"
0.831,0.948205063084926,0.662,1.39394898866287,1,0.925,"1","RP11-425L10.1"
0.83,0.866834383754033,0.66,1.26509415487596,1,0.807,"1","AC007969.5"
0.829,0.853821151879124,0.658,1.29534662851657,1,0.793,"1","RPL21P39"
0.825,1.1045821516412,0.65,1.59992865728007,1,0.893,"1","ERH"
0.825,0.748801586199931,0.65,1.10667846498729,1,0.809,"1","H3F3BP1"
0.824,0.86445975502058,0.648,1.32487105896808,1,0.714,"1","RP11-349N19.2"
0.824,0.764635451708572,0.648,1.15826549728899,0.971,0.468,"1","RP11-343H5.4"
0.823,0.970518818962661,0.646,1.45057891409311,1,0.659,"1","RPL35P2"
0.822,0.951274502227637,0.644,1.38623563324785,1,0.875,"1","RPL21P28"
0.821,1.03575483300911,0.642,1.51904641897966,1,0.543,"1","NR6A1"
0.82,1.02933735889161,0.64,1.49318781534873,0.985,0.461,"1","RRM2"
0.82,1.01299053140287,0.64,1.74052210501421,0.926,0.441,"1","RP11-51O6.1"
0.819,0.373978715733489,0.638,0.563510758360549,0.941,0.43,"1","RPL7AP11"
0.818,0.851894578040547,0.636,1.2410197951762,1,0.805,"1","SUMO2P1"
0.818,0.967928066636611,0.636,1.39655223874233,1,0.975,"1","RP11-380M21.2"
0.818,0.368940474266745,0.636,0.541373851238226,1,0.991,"1","HNRNPA1L2"
0.817,1.10857493337777,0.634,1.85446670260945,0.838,0.214,"1","RP11-390K5.1"
0.816,0.784943109618863,0.632,1.13786585104866,1,0.975,"1","RPL21P75"
0.816,0.98243430272088,0.632,1.53174702192043,0.985,0.802,"1","RANP1"
0.816,0.893778242548015,0.632,1.37305515655024,1,0.793,"1","AC010468.1"
0.816,0.937530061459166,0.632,1.54323527651475,0.838,0.216,"1","TRIM71"
0.816,0.746690185915209,0.632,1.07971226743847,0.985,0.591,"1","FANCI"
0.815,0.83762467561764,0.63,1.2209776888169,1,0.805,"1","RP1-241P17.4"
0.815,0.944074328775178,0.63,1.39096572230464,0.985,0.652,"1","AC016708.2"
0.815,0.771652335985313,0.63,1.11887499947863,1,0.989,"1","RPS3AP6"
0.815,1.3741491534394,0.63,2.01428773516646,0.971,0.466,"1","CLSPN"
0.813,0.808139671947054,0.626,1.17455792197059,1,0.964,"1","HNRNPL"
0.813,0.815597662650048,0.626,1.26666888192479,1,0.739,"1","RPL14P1"
0.811,0.778944575005965,0.622,1.36212350477947,0.985,0.805,"1","RPSAP47"
0.811,0.751777359630055,0.622,1.08877775139679,1,0.975,"1","RPL21P119"
0.81,0.842141333377585,0.62,1.35582265505737,1,0.768,"1","TUBBP1"
0.81,0.831193148575957,0.62,1.19977964113282,1,0.959,"1","RPS26"
0.809,0.83466473747974,0.618,1.25757110556762,1,0.9,"1","RPS10P3"
0.809,0.851941917741718,0.618,1.23953291291872,1,0.948,"1","RPSAP58"
0.808,1.33822508908393,0.616,2.02291234261511,0.985,0.823,"1","GREB1"
0.807,0.760567111639695,0.614,1.09914612794177,1,0.782,"1","RP11-761N21.2"
0.806,0.861578485679138,0.612,1.25397967007632,1,0.798,"1","CTD-2287O16.1"
0.806,0.621990931865652,0.612,0.921396688648437,0.882,0.345,"1","BRIP1"
0.805,0.680021437391702,0.61,0.992962943905768,1,0.98,"1","RPS3AP26"
0.805,0.853564344968219,0.61,1.2350915309534,1,0.925,"1","AC004057.1"
0.803,0.322909679175798,0.606,0.466319529873475,1,0.998,"1","RPL18AP3"
0.803,0.830753028219531,0.606,1.20758412879135,1,0.991,"1","MTRNR2L8"
0.801,1.33331283143234,0.602,1.93406763311383,0.853,0.305,"1","HIST1H3B"
0.801,1.25270042829561,0.602,1.81624608522549,0.926,0.466,"1","RP11-192N10.2"
0.8,0.708403774531007,0.6,1.02214298478997,1,0.995,"1","RPL41.1"
0.8,0.613032393523985,0.6,0.901194419184511,1,0.98,"1","RPL7P32"
0.8,1.42914613334183,0.6,2.06544572259613,0.882,0.355,"1","HIST1H1B"
0.8,0.819719659770978,0.6,1.42561689258995,0.985,0.63,"1","PPIAP29"
0.8,1.24658380128357,0.6,1.80673657418961,0.926,0.466,"1","CKS1BP3"
0.8,1.11210577849902,0.6,1.63660589310862,0.897,0.436,"1","CIT"
0.8,0.963710296617581,0.6,1.39847593032501,0.985,0.62,"1","RP11-488L18.10"
0.8,0.900726101760268,0.6,1.35026989895454,1,0.78,"1","RPS13P2"
0.799,0.477690550993452,0.598,0.89300747018152,0.985,0.639,"1","RPSAP9"
0.798,1.33878488252939,0.596,1.93166307278227,1,0.88,"1","HMGB2"
0.798,0.665523372085293,0.596,1.00879643423621,1,0.82,"1","CTD-2192J16.15"
0.798,0.874345685914166,0.596,1.26423964097219,1,0.92,"1","SNRPF"
0.798,0.701685590119457,0.596,1.04167075651339,1,0.857,"1","RPS3AP5"
0.798,0.804733971795681,0.596,1.16120766226319,1,0.97,"1","ANP32E"
0.796,0.644338128432978,0.592,0.9549236247052,0.985,0.718,"1","CTB-36O1.7"
0.796,1.08602268263294,0.592,1.7334399152605,0.897,0.391,"1","AC079922.2"
0.795,0.780076597088823,0.59,1.25151610747701,0.985,0.689,"1","AC079250.1"
0.795,0.625266480078593,0.59,1.48064375156111,0.941,0.486,"1","NPM1P39"
0.794,0.905243379049444,0.588,1.42335630080607,0.985,0.855,"1","HNRNPCP2"
0.793,0.474257743043618,0.586,1.68981369318353,0.868,0.361,"1","RP6-105D16.1"
0.793,0.487336544807335,0.586,1.65599124321336,0.912,0.491,"1","EEF1A1P9"
0.793,0.928621524688561,0.586,1.47662694553802,0.956,0.586,"1","RPL29P33"
0.793,0.946848824137312,0.586,1.36660551126848,1,0.652,"1","CKS1B"
0.792,0.901266095627707,0.584,1.46232210373864,0.985,0.636,"1","RPS26P31"
0.791,0.523940826773917,0.582,0.774930579316718,1,0.964,"1","KB-1208A12.3"
0.791,0.503849536082654,0.582,0.745589612994362,1,0.816,"1","RPL7P19"
0.791,0.653671583345428,0.582,0.954338702929481,1,0.92,"1","H3F3AP6"
0.791,0.835738482851148,0.582,1.21408295847607,1,0.964,"1","RPL6P27"
0.791,1.0427039396893,0.582,1.5060600077787,1,0.975,"1","KIAA0101"
0.79,0.87046260371072,0.58,1.25592503853639,1,1,"1","TUBA1B"
0.79,0.818211705204348,0.58,1.18044735250156,1,1,"1","RP11-386G11.10"
0.789,0.9153213080174,0.578,1.32492317072312,1,0.691,"1","BARD1"
0.788,0.15398218217614,0.576,1.32275049751097,0.897,0.332,"1","TRIM60"
0.788,0.837141566779881,0.576,2.0397624216723,0.779,0.239,"1","AC005884.1"
0.788,0.957894145673619,0.576,1.39203763100429,0.941,0.468,"1","WDHD1"
0.788,0.593972158528552,0.576,0.873824658940717,0.838,0.289,"1","STIL"
0.787,0.763040919882076,0.574,1.10272216030718,1,0.905,"1","CTD-2659N19.10"
0.786,0.73279029776958,0.572,1.11620634061744,1,0.8,"1","GS1-184P14.2"
0.786,0.940715457690159,0.572,1.37891862558354,0.985,0.693,"1","MTND6P4"
0.786,0.411809405417879,0.572,0.630695316525925,1,0.95,"1","RPS3AP47"
0.786,0.601135615063244,0.572,0.876499357891803,0.971,0.582,"1","TIMELESS"
0.786,0.924816153224745,0.572,1.36374062924691,0.853,0.286,"1","COL2A1"
0.785,0.72150758422273,0.57,3.73633892748613,0.779,0.277,"1","RP11-3P17.4"
0.785,0.776786451646228,0.57,1.12166138218365,1,0.823,"1","BIRC5"
0.785,0.717151675191483,0.57,1.03467313388334,1,0.993,"1","HMGN2"
0.784,1.01050984825019,0.568,1.52563510501846,1,0.907,"1","RPL7AP6"
0.784,0.716966468741391,0.568,1.03592310173092,0.985,0.916,"1","TMPO"
0.784,0.641356005290678,0.568,1.24108388292267,0.941,0.414,"1","RP11-16F15.2"
0.784,1.08173793872116,0.568,1.57012481403889,0.897,0.414,"1","DNA2"
0.783,0.87226164939419,0.566,1.25898861919944,1,0.945,"1","HMGB3"
0.783,0.50613156426912,0.566,0.731951488464004,0.985,0.605,"1","CENPU"
0.783,0.672861159686794,0.566,0.971574960399494,1,0.998,"1","HMGB1P5"
0.783,0.792168831302673,0.566,1.14300187737834,1,0.986,"1","RAN"
0.782,0.500351502552914,0.564,0.725647902075546,0.971,0.491,"1","KIAA1524"
0.782,0.256872132174778,0.564,0.3712312919696,1,0.695,"1","FANCD2"
0.782,1.37922357980666,0.564,1.99851797433147,0.897,0.411,"1","PARPBP"
0.781,1.25108884147078,0.562,2.33272811264051,0.853,0.368,"1","FAM166A"
0.781,0.78005289141876,0.562,1.16660285816312,0.956,0.545,"1","HMGA1"
0.781,0.633263436579415,0.562,0.933870829206101,0.956,0.457,"1","RTKN2"
0.78,1.01763839950228,0.56,1.47590212253765,0.956,0.518,"1","PRPS2"
0.78,1.56125754600656,0.56,2.29076003207615,0.809,0.307,"1","U2.3"
0.78,0.937991347378634,0.56,1.35966429790074,0.912,0.414,"1","CDCA8"
0.779,1.2939988671829,0.558,1.89670648098425,0.824,0.325,"1","ZCCHC9"
0.779,0.604272147370922,0.558,0.872850117167774,1,0.977,"1","H3F3AP4"
0.779,0.342504338514575,0.558,2.73741241880402,0.662,0.152,"1","RPL12P38"
0.779,1.48746187807223,0.558,2.16519724851116,0.809,0.33,"1","RNU2-1.8"
0.779,1.49387864052788,0.558,2.17485210428931,0.809,0.33,"1","RNU2-1.7"
0.779,1.49387864052788,0.558,2.17485210428931,0.809,0.33,"1","RNU2-1.6"
0.779,1.49387864052788,0.558,2.17485210428931,0.809,0.33,"1","RNU2-1.5"
0.779,1.49387864052788,0.558,2.17485210428931,0.809,0.33,"1","RNU2-1.4"
0.778,1.11809451788849,0.556,1.61308225724859,1,0.973,"1","HIST1H4C"
0.778,0.798391080669549,0.556,1.17029641811494,0.941,0.52,"1","DHFR"
0.778,1.50738418608014,0.556,2.19673973337764,0.809,0.325,"1","U2.2"
0.778,1.47752285008919,0.556,2.14918014638245,0.809,0.33,"1","RNU2-1.3"
0.777,0.361450116161751,0.554,1.51837962687812,0.838,0.343,"1","HNRNPA3P3"
0.777,0.83506825571704,0.554,1.21090772951601,0.882,0.37,"1","MELK"
0.777,0.987684021362741,0.554,1.50995391219429,0.912,0.489,"1","TEAD2"
0.777,1.4756337680453,0.554,2.14679116507774,0.809,0.332,"1","RNU2-1.2"
0.777,0.642305711507555,0.554,0.926692612462784,1,1,"1","HNRNPA1"
0.776,1.45399414297304,0.552,2.11414945719387,0.809,0.334,"1","RNU2-1.10"
0.776,1.45534803337408,0.552,2.11616502609652,0.809,0.336,"1","RNU2-1.1"
0.776,0.779674178148502,0.552,1.13460996997409,0.985,0.605,"1","SRP9P1"
0.775,0.946078082024693,0.55,1.36585651451885,1,0.93,"1","SNRPD1"
0.775,1.46902328673923,0.55,2.13630990253587,0.809,0.332,"1","RNU2-1.9"
0.774,1.15420346643744,0.548,1.68995369695844,0.824,0.355,"1","CTB-36O1.4"
0.774,0.443922348221447,0.548,1.61143048547375,0.765,0.227,"1","HMGB1P1"
0.774,1.44810569067894,0.548,2.10503593344403,0.809,0.334,"1","RNU2-1"
0.774,0.848926927481988,0.548,1.23133234127876,0.956,0.493,"1","BRCA2"
0.774,0.662998234485839,0.548,0.956539496025234,1,0.986,"1","RP5-940J5.9"
0.774,0.793154972957774,0.548,1.15049313602089,1,0.955,"1","RP11-20O24.4"
0.773,1.07996794317457,0.546,1.58695184527062,0.971,0.739,"1","RP11-32K4.1"
0.773,0.585400307801207,0.546,1.31961770683366,0.971,0.793,"1","HSP90AB3P"
0.773,0.641731157427594,0.546,1.00257875434994,0.985,0.866,"1","RPS7P11"
0.773,0.860715027285091,0.546,1.24753262512941,0.912,0.48,"1","RFC5"
0.773,0.747512222485202,0.546,1.08390335691174,1,0.791,"1","RP11-543P15.1"
0.772,0.330502801082672,0.544,0.778996451904187,1,0.641,"1","FKSG54"
0.772,0.731583473630264,0.544,1.0567818993134,0.971,0.593,"1","UBE2T"
0.771,0.56941299009398,0.542,0.822920427275626,0.985,0.611,"1","GMNN"
0.771,0.822307274582056,0.542,1.18847917065526,0.985,0.718,"1","SAE1"
0.771,0.872790922755732,0.542,1.26874024445522,1,0.75,"1","RP13-104F24.1"
0.771,0.526313066758211,0.542,0.759588484777629,1,0.743,"1","NUSAP1"
0.77,1.00439972713095,0.54,1.46051181688873,0.882,0.43,"1","SNRPGP15"
0.77,0.836256147504922,0.54,1.21215295240542,0.882,0.432,"1","BRCA1"
0.77,0.616865374211715,0.54,0.897420483106289,0.956,0.55,"1","HN1L"
0.77,0.814939045228416,0.54,1.17629239288663,0.971,0.641,"1","CCNB2"
0.769,0.731341526616513,0.538,1.05867292379084,0.941,0.52,"1","RPA3"
0.769,0.667961775085337,0.538,0.966970693218922,0.985,0.62,"1","MCM3"
0.769,1.56171607757925,0.538,2.28086835088609,0.794,0.316,"1","LINC01224"
0.769,0.17684717791436,0.538,0.257169201848538,0.956,0.477,"1","SPC24"
0.769,0.798082766240949,0.538,1.1706472836455,0.765,0.218,"1","HS3ST3B1"
0.769,0.833171688861272,0.538,1.20762049457265,0.926,0.523,"1","FEN1"
0.767,0.756003458181866,0.534,1.09326678552381,0.941,0.477,"1","NDC80"
0.767,0.865949279035354,0.534,1.25096034974273,0.882,0.425,"1","AURKB"
0.767,1.0905574848292,0.534,1.66434940668176,0.75,0.216,"1","LIN28A"
0.766,0.693290901192315,0.532,1.00206426720193,1,0.884,"1","SMC1A"
0.766,1.31921039577402,0.532,1.91871200652465,0.809,0.316,"1","CDC25C"
0.766,0.659998080806045,0.532,0.966990951051659,0.912,0.616,"1","SKA1"
0.766,0.624109729476003,0.532,0.900628087165893,1,0.975,"1","RPLP2"
0.766,0.624412360580217,0.532,0.903100186435951,1,0.975,"1","RP11-572P18.1"
0.765,0.68367233824123,0.53,0.986517643962831,1,0.998,"1","SET"
0.765,0.772425556364122,0.53,1.11782530355469,0.882,0.439,"1","BUB1B"
0.765,0.667165321737747,0.53,0.96981872280483,1,0.925,"1","RPL3P4"
0.765,0.804902840579957,0.53,1.16199781328262,0.971,0.702,"1","KNTC1"
0.765,0.88933157982702,0.53,1.28421088731058,1,0.798,"1","HELLS"
0.765,0.802316724563501,0.53,1.16879253511725,1,0.952,"1","RP4-706A16.3"
0.764,0.641035184373734,0.528,0.92609501234636,0.985,0.593,"1","MAD2L1"
0.764,0.714506054423037,0.528,1.11206277955943,0.971,0.655,"1","RPS24P8"
0.764,0.721396265361729,0.528,1.04641488658604,0.941,0.482,"1","CDC7"
0.763,0.673099387371995,0.526,1.05974902143325,0.971,0.657,"1","RP3-417G15.1"
0.763,0.551740241440159,0.526,0.79667607620061,1,0.986,"1","RPL7P9"
0.762,0.563220645890157,0.524,0.82421193835209,1,0.625,"1","CDK6"
0.762,0.632457073441417,0.524,0.914223689537787,0.956,0.534,"1","CENPK"
0.762,0.670200113033474,0.524,0.970215129797176,1,0.832,"1","ZNF738"
0.762,0.341798920929506,0.524,1.13673162686748,0.809,0.252,"1","RP11-184D12.1"
0.762,0.33915849349651,0.524,0.489783715048645,1,0.832,"1","CENPF"
0.761,1.55886402117611,0.522,2.26559969309242,0.794,0.311,"1","MND1"
0.761,0.562845118841347,0.522,0.812127249404362,1,0.977,"1","RPLP1"
0.761,0.275428623230704,0.522,0.402184019434085,1,0.643,"1","CLEC2D"
0.76,0.668543511520451,0.52,0.968597857865689,0.941,0.593,"1","MAT2B"
0.76,0.471044800085636,0.52,0.681001262833291,0.985,0.561,"1","RFC4"
0.76,0.816086686738437,0.52,1.19837535102192,0.853,0.352,"1","MCM10"
0.759,0.759774822083684,0.518,1.25635992678299,0.956,0.593,"1","HNRNPA3P6"
0.759,0.988141040100325,0.518,1.43641016286852,0.985,0.711,"1","CH507-154B10.2"
0.759,0.553433024479961,0.518,0.799517820954019,1,0.986,"1","RP11-673C5.1"
0.758,0.578584888272493,0.516,0.845623918692647,0.735,0.211,"1","NMU"
0.758,0.668725231449367,0.516,0.974267400778501,0.926,0.498,"1","RFC3"
0.758,0.397237621761126,0.516,1.14153964771785,1,0.814,"1","AL354828.1"
0.758,0.713808241703281,0.516,1.03365107366339,0.882,0.389,"1","PRIM1"
0.758,0.748263145491888,0.516,1.09769854688841,0.882,0.452,"1","DDX11"
0.758,1.30196533250538,0.516,2.14675120257372,0.779,0.359,"1","RP11-864N7.2"
0.757,0.489544820366039,0.514,2.38005179188034,0.647,0.155,"1","MTRNR2L6"
0.757,0.639234191836326,0.514,0.923898993878426,0.971,0.709,"1","EFNA5"
0.757,0.361557190737518,0.514,0.7565306142305,0.853,0.389,"1","RP5-1099D15.1"
0.757,0.728862753325613,0.514,1.39006624862585,0.912,0.632,"1","MEX3D"
0.756,0.534548729580999,0.512,0.771486186429305,1,1,"1","EEF1A1P5"
0.756,0.722906776145277,0.512,1.04726334217716,0.868,0.434,"1","DEPDC1B"
0.756,0.257506387645601,0.512,0.376451205481068,0.779,0.302,"1","MECOM"
0.756,1.02698918097499,0.512,1.49429906817726,0.882,0.439,"1","TYMS"
0.756,0.441695262954307,0.512,0.849117606703191,1,0.857,"1","AC243945.1"
0.756,0.719307034700996,0.512,1.04034439894467,0.956,0.482,"1","RAD51AP1"
0.756,0.633455653563557,0.512,0.914033450220753,1,0.986,"1","SRP9"
0.754,0.107085138166345,0.508,0.74203067368251,1,0.984,"1","CTA-228A9.4"
0.754,0.784839807066508,0.508,1.13858823119448,0.941,0.507,"1","PRR11"
0.754,0.719505618462925,0.508,1.07320489360628,1,0.889,"1","ANKRD40"
0.754,0.982500147230043,0.508,1.43160863080035,0.882,0.43,"1","USP28"
0.753,0.442105885933522,0.506,0.648069737243861,0.765,0.234,"1","CCDC160"
0.753,0.853149494802699,0.506,1.23554663993891,0.985,0.677,"1","ELOVL5"
0.753,0.645156312322965,0.506,0.962522913837478,0.941,0.761,"1","RP11-641D5.1"
0.753,0.526012618475257,0.506,0.761004166703804,0.985,0.595,"1","MIS18BP1"
0.752,0.298671443981932,0.504,0.445460416800589,0.868,0.466,"1","NCAPG2"
0.752,0.923246863560909,0.504,1.35821950254287,0.735,0.241,"1","PROM1"
0.752,0.424684755596754,0.504,0.616087561145645,0.985,0.561,"1","KIF15"
0.752,0.718261339943623,0.504,1.21514625933132,0.971,0.693,"1","RP11-490G8.1"
0.752,0.338878255685318,0.504,0.730009385067004,0.897,0.425,"1","MORF4L1P1"
0.752,0.798666530108477,0.504,1.16340029674222,0.809,0.391,"1","DTL"
0.751,0.894429865758053,0.502,1.2925197000663,0.809,0.339,"1","RPL39P3"
0.751,0.682477964891668,0.502,0.991629501277386,0.985,0.684,"1","AC018738.2"
0.751,0.682477964891668,0.502,0.991629501277386,0.985,0.684,"1","AC107983.4"
0.751,0.603471684543909,0.502,0.893902816722367,1,0.87,"1","MSI1"
0.751,0.68699403364934,0.502,0.998414517122425,0.985,0.677,"1","RPS28P7"
0.751,0.62341676724744,0.502,0.900849553526834,1,0.905,"1","RP11-466H18.1"
0.751,0.545221616125183,0.502,0.806667039192709,0.868,0.38,"1","KIF14"
0.751,0.73790654683375,0.502,1.06745880414382,0.971,0.72,"1","RP11-101E13.5"
0.75,0.733328912667768,0.5,1.37109230283637,0.676,0.191,"1","STRIP2"
0.75,0.630573620847633,0.5,0.912810811682663,1,0.88,"1","MTRNR2L9"
0.75,1.0216415496524,0.5,1.49822115957262,0.971,0.668,"1","CH507-145C22.3"
0.75,1.21971774467177,0.5,1.79027510437467,0.706,0.225,"1","SALL4"
0.75,0.652557927111998,0.5,0.94508854577921,0.897,0.434,"1","RNASEH2A"
0.75,0.675891468495281,0.5,0.978283186662415,0.868,0.466,"1","SPAG5"
0.75,0.18014746504569,0.5,0.270556373551454,0.941,0.45,"1","IGDCC3"
0.75,0.459356200998008,0.5,0.688431994294779,1,0.973,"1","PTMAP5"
0.75,0.100993413503487,0.5,0.148047043711883,0.941,0.598,"1","SLCO1A2"
0.75,0.778484505770978,0.5,1.98868095939809,0.706,0.25,"1","HMGB3P6"
0.75,0.740037700857004,0.5,1.06768252296578,1,0.989,"1","RP5-857K21.11"
0.749,0.308660545848974,0.498,0.449915856554803,0.882,0.436,"1","ETV1"
0.749,0.486931977157502,0.498,0.704768313205441,0.824,0.343,"1","KIF20A"
0.749,0.0724685255741155,0.498,0.105863214643911,0.926,0.498,"1","CCNA2"
0.749,0.699821245004947,0.498,1.01556645766029,0.941,0.552,"1","GINS2"
0.749,0.550551872721676,0.498,0.795233833497928,1,1,"1","CBX5"
0.749,0.765459421047646,0.498,1.10562672230796,1,0.905,"1","RP11-161H23.5"
0.749,0.932598828460202,0.498,1.37478371574098,0.853,0.423,"1","ARHGAP19"
0.749,0.499237539863734,0.498,0.72363024265608,0.897,0.45,"1","KIF2C"
0.748,1.12051956190052,0.496,1.63438304173088,0.941,0.55,"1","MZT1"
0.748,1.11900088103632,0.496,1.6798561165944,0.618,0.12,"1","RP11-365O16.1"
0.747,0.505596953980661,0.494,0.730611321466208,1,0.97,"1","RP11-3P17.3"
0.747,0.517814967690724,0.494,0.747517934294308,1,0.85,"1","TOP2A"
0.747,0.806340218213063,0.494,1.1651148883012,1,0.782,"1","RRM1"
0.746,0.543455233544164,0.492,0.784357773337192,1,0.998,"1","MTRNR2L12"
0.746,0.861167361816613,0.492,1.24299242078042,0.868,0.495,"1","RP11-809N8.5"
0.746,0.358756903601629,0.492,0.518889570862363,1,0.655,"1","KIF20B"
0.745,2.43207401442181,0.49,4.8070558401165,0.706,0.22,"1","ISPD-AS1"
0.745,0.724638871082209,0.49,1.0670433700089,1,0.852,"1","LSM3"
0.745,0.882714205353165,0.49,1.30036687147919,0.897,0.361,"1","LRP2"
0.745,0.660834313479161,0.49,0.964910067967761,0.912,0.561,"1","CENPO"
0.744,0.277639706620874,0.488,0.402499725069071,1,0.998,"1","ESCO2"
0.744,0.617838425423908,0.488,0.89163317008488,1,0.989,"1","XRCC5"
0.744,0.580154937005182,0.488,0.839613489381554,0.897,0.486,"1","BUB1"
0.744,0.469548063376755,0.488,0.687366852922531,0.956,0.607,"1","UHRF1"
0.744,0.631259701294619,0.488,0.917799115146738,0.912,0.523,"1","ENOSF1"
0.744,0.76784391821752,0.488,1.12469457726689,0.985,0.707,"1","IGF2BP1"
0.744,0.64910133449241,0.488,0.937262897836078,1,0.961,"1","HSBP1"
0.744,1.30850930908989,0.488,1.90384571738273,0.824,0.393,"1","AE000658.22"
0.744,0.745897614235455,0.488,1.08257333178235,0.971,0.598,"1","NCAPD2"
0.743,0.498250040252396,0.486,0.719261250185371,1,1,"1","EEF1A1P6"
0.743,0.654717192904224,0.486,0.965241316003026,0.985,0.895,"1","RPL26P19"
0.743,0.307808940772817,0.486,0.446404301717322,0.897,0.457,"1","BLM"
0.743,0.650888104872894,0.486,0.969950170193596,0.765,0.345,"1","E2F7"
0.743,0.704292390048438,0.486,1.01677339531884,1,0.87,"1","FAM60A"
0.742,0.548771424584853,0.484,0.791750195844864,1,1,"1","LDHB"
0.741,0.610658780158487,0.482,0.884936702956147,0.912,0.534,"1","OARD1"
0.741,0.597235054318831,0.482,0.861883251684072,1,0.952,"1","SNRPG"
0.741,0.625451782589615,0.482,0.916813573613247,0.926,0.482,"1","C18orf54"
0.741,0.583570095226328,0.482,0.854134528285856,1,0.959,"1","AC010761.8"
0.741,0.609780781150139,0.482,0.879875832049112,1,0.998,"1","TUBA1C"
0.741,1.60201546735544,0.482,2.41607182489148,0.779,0.361,"1","ILDR2"
0.741,0.584448353853379,0.482,0.862055815558998,0.985,0.673,"1","NES"
0.74,0.604160362336753,0.48,0.872959978122207,1,0.841,"1","H2AFV"
0.74,1.24467705184887,0.48,1.8455337292107,0.779,0.352,"1","LIN28B"
0.74,0.612863764384818,0.48,0.886953756692543,0.985,0.602,"1","EXOSC9"
0.74,0.885583078578966,0.48,1.29710348738689,0.985,0.664,"1","CH507-24F1.1"
0.74,0.568502470943611,0.48,0.824807908728246,0.956,0.605,"1","CASC5"
0.74,0.731745698600828,0.48,1.08494754633039,0.574,0.102,"1","FZD10"
0.74,0.671102576868237,0.48,0.969790666438826,1,0.83,"1","MINOS1"
0.739,0.561467764376742,0.478,0.810234770416656,1,0.991,"1","RPS4X"
0.739,1.02890182633742,0.478,1.48763642509512,0.956,0.682,"1","HIST1H1E"
0.739,0.483281612111917,0.478,0.702876576992326,1,0.966,"1","NUP62"
0.739,0.710865145727387,0.478,1.02774840288846,0.941,0.566,"1","CENPN"
0.739,0.440450424531857,0.478,1.35268851042259,0.897,0.484,"1","CTD-2033A16.2"
0.739,0.433980911736796,0.478,0.736895466147069,1,0.884,"1","AL135745.1"
0.739,0.594786832012403,0.478,0.868551915035201,1,0.893,"1","RP11-290D2.6"
0.739,0.652685616121566,0.478,1.31676859055267,0.75,0.286,"1","RP11-22B23.1"
0.739,0.298409584047612,0.478,0.440538750501664,0.926,0.509,"1","RCC2"
0.738,0.388013432025084,0.476,0.567301064472441,0.838,0.398,"1","SLC25A13"
0.738,0.664447381618988,0.476,0.971249196823708,0.926,0.486,"1","POU3F2"
0.738,0.531529161190979,0.476,0.770428511701578,0.985,0.7,"1","ANKRD32"
0.738,0.551406415600222,0.476,0.894836306021626,0.926,0.575,"1","IL17RD"
0.738,0.695464724157814,0.476,1.00828287316116,1,0.998,"1","COPS7B"
0.738,0.789847779886051,0.476,1.14394774472584,0.853,0.411,"1","NIF3L1"
0.738,0.378932731224336,0.476,0.547886448832445,1,0.995,"1","ORC6"
0.737,0.512384647133846,0.474,0.739315045545611,1,0.991,"1","RPS20"
0.737,2.37651406186159,0.474,3.7606017918238,0.529,0.061,"1","EN2"
0.737,0.66835086474445,0.474,0.967458449406291,0.897,0.45,"1","CENPW"
0.737,1.02824424169191,0.474,1.48986251026363,0.838,0.457,"1","PPIL1"
0.737,0.701167381080707,0.474,1.0131630409654,0.971,0.648,"1","HAT1"
0.737,0.675088660652814,0.474,1.09871695842829,1,0.9,"1","RPL7AP66"
0.737,0.948463276476065,0.474,1.39590051598464,0.721,0.259,"1","CDC6"
0.737,0.575740234912587,0.474,0.843211027117825,0.985,0.798,"1","WASF3"
0.737,0.71787327187263,0.474,1.154643802284,0.868,0.418,"1","IQGAP3"
0.736,0.819406122299458,0.472,1.18845534041934,0.926,0.498,"1","KIF4A"
0.736,0.516368407144931,0.472,0.745783299573571,1,0.798,"1","PSAT1"
0.736,0.791045783428808,0.472,1.14163596041799,0.941,0.67,"1","CCNB1"
0.736,0.377032233325741,0.472,0.550596821879549,1,0.914,"1","GOLIM4"
0.736,0.915856862108636,0.472,1.32324677130041,0.897,0.536,"1","VEPH1"
0.736,0.457087633468266,0.472,0.724206857899933,0.765,0.311,"1","ZNF813"
0.736,0.658333110925886,0.472,0.971562520031249,0.779,0.314,"1","GREB1L"
0.736,0.268523488615285,0.472,0.390367086746068,0.912,0.466,"1","VWA9"
0.736,0.318730028860776,0.472,0.470113878098744,0.868,0.461,"1","ARHGAP11A"
0.736,0.579380863836372,0.472,0.844683529731903,0.853,0.395,"1","NUDT15"
0.735,0.932094556872918,0.47,1.35402115430554,0.868,0.473,"1","FBXO5"
0.735,0.481729302807666,0.47,0.696812846654312,1,0.984,"1","RPL7P1"
0.735,0.453701473798219,0.47,0.654599214751405,1,0.984,"1","RPS23"
0.735,0.748800786122734,0.47,1.21626770947534,0.735,0.257,"1","SGOL1-AS1"
0.735,0.482882533686977,0.47,0.723664122284637,0.824,0.355,"1","EMC3-AS1"
0.735,1.42508224409765,0.47,2.54729320067951,0.603,0.166,"1","HSPE1P2"
0.735,0.630906546039064,0.47,0.956000581798731,0.882,0.502,"1","GDF11"
0.735,0.578159505372393,0.47,0.849579992303468,0.838,0.393,"1","SLC16A9"
0.735,0.787774369185612,0.47,1.13836868842177,0.941,0.666,"1","RPA2"
0.734,0.348007609485363,0.468,0.503889477739954,1,0.868,"1","MMS22L"
0.734,0.851119287097231,0.468,1.23914742197541,1,0.764,"1","CH507-154B10.1"
0.734,0.395141467940057,0.468,0.695595806208112,1,0.882,"1","AL133335.1"
0.734,0.506398277409575,0.468,0.730735124930382,1,1,"1","SUMO2"
0.734,0.52245015929803,0.468,0.753758334333192,1,1,"1","RPL23"
0.734,1.19356744133961,0.468,1.7286382903141,0.794,0.375,"1","TROAP"
0.733,0.739612640126818,0.466,1.07398304879682,0.735,0.314,"1","CHEK2"
0.733,0.836826859604182,0.466,1.2460574757216,0.941,0.573,"1","LRRC37A4P"
0.733,0.156567330639015,0.466,1.85824348711248,0.691,0.243,"1","EIF5AL1"
0.733,0.753198718276338,0.466,1.10439780674924,0.926,0.636,"1","HDGF"
0.733,0.822622038548378,0.466,1.21257437179086,0.971,0.75,"1","SPCS2P4"
0.732,0.711798153827528,0.464,1.03165900511789,0.882,0.495,"1","PTGR1"
0.732,0.182771606219312,0.464,0.264752892847113,0.868,0.43,"1","PBK"
0.732,0.872142274290121,0.464,1.26326125585206,0.853,0.505,"1","HIST1H1C"
0.732,0.358026367783548,0.464,0.517496922539829,0.926,0.607,"1","ACTL6A"
0.732,0.290338796392357,0.464,0.421949547764415,0.882,0.514,"1","TMEM237"
0.732,0.783656361111683,0.464,1.137648960721,0.926,0.67,"1","ZNF43"
0.732,0.433506636061649,0.464,0.669884401819241,1,0.868,"1","SEMA6B"
0.732,0.496151369935455,0.464,0.722404808736571,0.985,0.793,"1","TP53"
0.732,0.219747076843013,0.464,0.367448325329387,0.603,0.136,"1","RP11-83J16.1"
0.732,0.473058254577981,0.464,0.684300709155631,1,0.8,"1","IPO5"
0.732,0.468313312478714,0.464,0.676389695538457,1,0.741,"1","CKAP2"
0.732,0.503912343871569,0.464,0.737688447326091,0.838,0.398,"1","FOXM1"
0.732,0.241517423722386,0.464,0.516017170581272,1,0.998,"1","HNRNPA1P54"
0.732,0.553338620987282,0.464,0.802573646315891,0.868,0.414,"1","RP1-20B21.4"
0.731,0.505483659325916,0.462,0.736109676724849,0.971,0.627,"1","ANP32B"
0.731,0.498608066557029,0.462,0.719451310122617,1,0.948,"1","RPS21"
0.731,0.651810855415575,0.462,1.85742777191107,0.662,0.245,"1","FAM60CP"
0.731,0.912781405124525,0.462,1.32221449584497,0.956,0.561,"1","SALL2"
0.731,0.593093484381074,0.462,0.85823642957867,0.897,0.52,"1","NUP37"
0.73,0.925185417994585,0.46,1.34191552969145,0.735,0.309,"1","HMMR"
0.73,0.420935426858327,0.46,0.613723471254784,0.926,0.534,"1","TMA16"
0.73,0.179924073592749,0.46,0.260244602413428,1,0.65,"1","CENPE"
0.73,0.799960118741157,0.46,1.15550288258483,0.882,0.561,"1","RP11-138C9.1"
0.73,0.699399083967589,0.46,1.01817331809285,0.868,0.502,"1","VSIG10"
0.73,0.458128975354654,0.46,0.660947390724569,1,0.998,"1","RPL41"
0.73,0.733167801191629,0.46,1.06279986206373,0.853,0.43,"1","KIF18A"
0.73,0.452844903903642,0.46,0.655086219340221,0.868,0.486,"1","ZWINT"
0.729,0.410985548038893,0.458,0.595427440167169,1,0.905,"1","NHSL1"
0.729,0.881476349335465,0.458,1.3104444389906,0.765,0.37,"1","MYLK"
0.729,0.543085251719734,0.458,0.846129854922118,0.706,0.252,"1","TICRR"
0.729,0.520393216807736,0.458,0.766287410159727,0.926,0.595,"1","DTX4"
0.729,0.66965124095845,0.458,0.977456234672836,0.824,0.391,"1","TTF2"
0.728,0.842745546153816,0.456,1.24561205397729,0.838,0.416,"1","SCML2"
0.728,1.38111648269445,0.456,3.09054749923145,0.559,0.118,"1","HIST1H4I"
0.728,0.52418907833341,0.456,0.759580082853173,0.912,0.53,"1","NAA50"
0.728,0.836697421240357,0.456,1.36871817641511,0.941,0.616,"1","CH507-145C22.4"
0.728,0.484419727432858,0.456,0.700096604782157,1,0.832,"1","DNMT1"
0.728,1.42172698679093,0.456,2.12142897683948,0.779,0.441,"1","DLEU2"
0.728,0.211365718830378,0.456,0.315745078482484,0.956,0.695,"1","PIK3C2B"
0.728,0.243749300142152,0.456,0.352129654584701,0.838,0.414,"1","CDC20"
0.728,0.236061385945115,0.456,0.399430180452661,1,0.882,"1","FKSG62"
0.727,0.537830779627084,0.454,0.776122975813594,0.985,0.72,"1","PTTG1"
0.727,0.583634234936911,0.454,0.851657164755031,0.912,0.498,"1","BMPR1B"
0.727,0.236230419733219,0.454,0.34227446333766,0.956,0.541,"1","DTYMK"
0.727,0.868133186687105,0.454,1.26634418385362,0.838,0.45,"1","CEP152"
0.727,0.688671579921282,0.454,1.02652074073068,0.912,0.545,"1","RN7SL524P"
0.727,0.455171640963838,0.454,0.663111271537947,0.868,0.459,"1","RAB13"
0.726,0.46801743910277,0.452,0.675369604972939,1,0.857,"1","TMSB15A"
0.726,0.661179736895493,0.452,0.961937545202718,0.809,0.407,"1","RAD54B"
0.726,0.843647540937611,0.452,1.22406074601396,0.897,0.486,"1","ANLN"
0.726,0.553178408344818,0.452,0.798276789483284,1,0.995,"1","TUBB"
0.726,0.531868966549573,0.452,0.836104587023321,0.765,0.336,"1","POLQ"
0.726,0.642925807060447,0.452,0.927634817817516,1,0.948,"1","KPNA2"
0.726,0.865762963561577,0.452,1.2509416463279,0.912,0.536,"1","KIF23"
0.725,0.543104678133213,0.45,0.783684743371229,1,0.973,"1","XXbac-BPG252P9.9"
0.725,0.63706839181449,0.45,0.929862574736734,0.809,0.343,"1","CENPH"
0.725,0.526292407869231,0.45,0.776217992176624,0.926,0.47,"1","RP11-452N17.1"
0.725,1.3971246463805,0.45,2.0338214405535,0.676,0.252,"1","CA14"
0.724,0.861033701695918,0.448,1.54719720101267,0.809,0.464,"1","HIST1H2AG"
0.724,0.465262533004676,0.448,0.671776606894177,1,0.98,"1","RPL15P3"
0.724,0.870146445989961,0.448,1.25557016590783,0.926,0.577,"1","UBE2C"
0.724,0.616320426413256,0.448,0.891384364012623,0.926,0.566,"1","TPX2"
0.724,0.48249450750049,0.448,0.702523364105841,0.765,0.341,"1","NCAPH"
0.724,0.628428304871091,0.448,0.910637419778368,0.897,0.505,"1","C17orf75"
0.724,1.99585489001542,0.448,2.9711691871473,0.588,0.155,"1","SNORD3B-2.3"
0.724,0.937397647850605,0.448,1.59191011514832,0.662,0.236,"1","SNORD3B-2.2"
0.724,0.521644405503563,0.448,0.759603425256822,0.809,0.407,"1","ZWILCH"
0.724,0.705262046636554,0.448,1.01834547271429,1,0.843,"1","EXOSC8"
0.724,0.0700230673553035,0.448,0.1022669796856,0.926,0.47,"1","KIF11"
0.723,0.396721211686366,0.446,0.572383053847014,1,0.991,"1","RPS6"
0.723,1.03135316610945,0.446,1.90741163141775,0.632,0.205,"1","NOP56P1"
0.723,0.640398184078651,0.446,0.934432843027726,0.838,0.425,"1","MGME1"
0.723,0.0932902893632033,0.446,0.135747662341502,0.882,0.441,"1","AAMP"
0.723,1.98908096595326,0.446,2.94707959295178,0.588,0.157,"1","SNORD3B-2"
0.723,0.567178125085409,0.446,0.824846456622319,0.971,0.648,"1","DNAJC9"
0.722,0.476010482620579,0.444,0.686808116157261,1,0.984,"1","RPL32"
0.722,0.825995981977362,0.444,1.19758921016875,0.838,0.436,"1","NUP85"
0.722,0.528018958085966,0.444,0.905139899498382,0.853,0.468,"1","LRRC37A17P"
0.722,0.11647076982498,0.444,0.169730326394753,0.75,0.316,"1","OIP5"
0.722,0.578587549112151,0.444,0.84160901180051,0.809,0.355,"1","SKA3"
0.722,0.448405914917158,0.444,0.653591651277215,1,0.841,"1","RUSC1-AS1"
0.722,0.415369193004418,0.444,2.43108041197254,0.603,0.164,"1","RP11-556K13.1"
0.722,0.487847404110546,0.444,0.706660244852221,0.926,0.527,"1","CTPS1"
0.721,1.58526405657446,0.442,2.30246684157946,0.588,0.18,"1","RP11-360L9.7"
0.721,0.705885288184592,0.442,1.02865776515291,0.897,0.573,"1","FGFR1OP"
0.721,0.743365655392332,0.442,1.08147488291389,0.809,0.418,"1","GTF2E1"
0.721,0.726695067408558,0.442,1.08803190980333,0.985,0.827,"1","BZW1P2"
0.721,0.714822667901664,0.442,1.09836043660838,0.735,0.284,"1","BANF1P3"
0.721,0.849087197826179,0.442,1.34264451718449,0.588,0.157,"1","SNORD3B-1.1"
0.721,0.897522352213537,0.442,1.31170719436591,0.838,0.461,"1","CDK2"
0.721,0.721043204166741,0.442,1.04084707181556,0.985,0.875,"1","MRPL51"
0.721,0.484154900520949,0.442,0.6985550825855,1,0.993,"1","RPS25"
0.721,0.430307823035177,0.442,0.622430697498782,1,0.991,"1","NUCKS1"
0.721,0.619766571004374,0.442,1.48853734696519,0.794,0.384,"1","RP11-312J18.5"
0.721,0.736199038055194,0.442,1.06802172054226,0.926,0.55,"1","EXTL2"
0.72,0.739595048694706,0.44,1.07406066420244,0.956,0.725,"1","RP11-111F16.2"
0.72,0.487409094758734,0.44,0.7032558130413,1,0.982,"1","RPL35"
0.72,0.233182652833874,0.44,0.347777657361185,0.838,0.416,"1","GTSE1"
0.72,0.519726286495633,0.44,0.749913465084749,1,0.982,"1","ATP5G2"
0.72,0.465442410186637,0.44,0.671754964371495,1,0.966,"1","NASP"
0.719,0.186786846968301,0.438,0.270391377808364,0.985,0.668,"1","SMC2"
0.719,0.470427086671975,0.438,0.681534635597074,1,0.966,"1","RP11-475C16.1"
0.719,0.525218973734954,0.438,0.758363940284219,0.985,0.909,"1","NDUFA6"
0.719,0.457791652022603,0.438,0.680437422654683,0.853,0.416,"1","RFWD3"
0.719,0.333889900005345,0.438,0.485087957087639,0.779,0.355,"1","ARHGAP11B"
0.719,0.654968970854202,0.438,0.945438075908092,1,0.945,"1","UBE2N"
0.719,0.311967685719947,0.438,0.470385663077753,1,0.9,"1","RP11-254B13.1"
0.719,0.457936089260521,0.438,0.719509904266047,0.868,0.489,"1","PDE3B"
0.719,2.06479717896928,0.438,3.10848664137907,0.838,0.461,"1","MAP1LC3C"
0.718,0.455943719342254,0.436,0.659868193077914,0.941,0.595,"1","MCM4"
0.718,0.77404213735504,0.436,1.12828168254719,0.941,0.616,"1","TNPO3"
0.718,0.251834317662193,0.436,0.368993000240106,0.971,0.714,"1","CDKAL1"
0.718,0.537099773266722,0.436,0.777774106316758,0.912,0.577,"1","AHCY"
0.718,0.316221894327508,0.436,0.456522167608728,0.868,0.534,"1","MEIS1"
0.718,0.171931529845025,0.436,0.30571643494469,1,0.868,"1","ZNF526"
0.718,1.1470642785964,0.436,1.77003086376015,0.588,0.159,"1","SNORD3B-2.1"
0.718,0.325223753314093,0.436,0.484771528239269,0.779,0.386,"1","DIAPH3"
0.718,0.126675017621995,0.436,0.182835995658472,1,0.645,"1","MDK"
0.717,0.422497550061536,0.434,0.619731643459576,0.853,0.434,"1","TOX"
0.717,0.491157677570579,0.434,0.70872569351719,1,0.968,"1","RPS12"
0.717,0.33020606362462,0.434,0.478552734774047,1,0.805,"1","DCBLD2"
0.717,0.996508881661172,0.434,1.47816871561603,0.662,0.245,"1","MYBL2"
0.717,0.590103194937489,0.434,0.877620575866975,0.706,0.305,"1","ADCY3"
0.717,0.412506410229087,0.434,0.608152518300088,0.985,0.909,"1","RPL13P12"
0.717,0.162367954784987,0.434,0.967743121281616,0.926,0.48,"1","LINC00355"
0.717,0.595072653052285,0.434,0.903928230324606,0.794,0.391,"1","RP11-983P16.4"
0.717,0.424868814208692,0.434,0.614609935691085,0.882,0.511,"1","CHEK1"
0.717,0.443220695928124,0.434,0.936848510667101,0.985,0.845,"1","HSP90AA2P"
0.717,0.098575341352805,0.434,0.143466419651394,0.794,0.357,"1","STK33"
0.717,0.78939827998136,0.434,1.14815514954526,0.75,0.334,"1","CENPL"
0.717,0.571422874896805,0.434,0.82585829998624,1,0.78,"1","SF3A3"
0.716,0.109259146459897,0.432,0.330695131276985,0.985,0.757,"1","MIRLET7BHG"
0.716,0.410596664735924,0.432,0.606598324803694,0.971,0.689,"1","CH507-145C22.1"
0.716,0.228332648274987,0.432,0.335351977559402,0.985,0.661,"1","ATAD5"
0.716,0.404863698157191,0.432,0.584130394609648,1,0.998,"1","HMGB1"
0.716,0.475218377641555,0.432,1.18276118211522,0.691,0.259,"1","DDX12P"
0.716,0.602030242418151,0.432,0.877433357268488,0.882,0.445,"1","CCND1"
0.716,1.16875965761019,0.432,1.70179391633684,0.662,0.227,"1","U1.6"
0.715,0.667790067981419,0.43,0.973647193548105,0.794,0.373,"1","AMPH"
0.715,0.152213126121119,0.43,0.221229563444412,0.794,0.382,"1","PLK4"
0.715,0.258463622788676,0.43,0.376861845095812,0.912,0.507,"1","CXXC4"
0.715,0.322704752309872,0.43,0.539253687224227,1,0.88,"1","AC055733.1"
0.715,0.28334035647864,0.43,2.15571578839131,0.574,0.164,"1","RP5-828K20.1"
0.715,0.300437121188506,0.43,0.453700802426437,0.779,0.377,"1","MCM8"
0.714,0.498681643858773,0.428,0.720840528899407,1,0.945,"1","EIF1AX"
0.714,0.433977178319684,0.428,0.627324095564651,1,0.961,"1","PSIP1"
0.714,1.19967298389013,0.428,1.96598874798369,0.809,0.525,"1","LUC7L2"
0.714,0.321878903676465,0.428,1.08296387623577,0.765,0.364,"1","RP11-306G20.1"
0.714,0.454485442183571,0.428,1.32119735824,0.794,0.42,"1","EIF4BP6"
0.714,0.296142960070259,0.428,0.42947227508484,0.941,0.632,"1","UGDH"
0.714,0.442471626084812,0.428,0.638417712325502,1,0.991,"1","RPL35A"
0.714,0.110381230676275,0.428,1.02332524121589,0.926,0.702,"1","KCNJ15"
0.714,0.110074103033615,0.428,0.160892027327177,0.941,0.657,"1","CARD8"
0.714,0.76804787405165,0.428,1.11176224196852,0.971,0.716,"1","ACAA2"
0.714,0.863364577461233,0.428,1.36395063554667,0.691,0.286,"1","SOX1"
0.714,0.353487278081832,0.428,0.514641052084583,0.868,0.459,"1","CHCHD1"
0.713,0.274972188584631,0.426,0.397361832507904,0.941,0.623,"1","ECT2"
0.713,0.311523684931088,0.426,0.502353700328591,0.75,0.33,"1","RP11-84C10.4"
0.713,0.78448889225814,0.426,1.15812973653614,0.809,0.427,"1","PARP4"
0.713,0.421253415814643,0.426,0.609333860622881,0.794,0.407,"1","DERA"
0.713,0.987672332554321,0.426,1.44042331069027,0.765,0.398,"1","PPP2R1B"
0.713,0.238603547109979,0.426,0.35329412938093,0.956,0.625,"1","RP11-124N14.3"
0.712,0.340710239667601,0.424,0.494083009188266,0.956,0.73,"1","PIN4"
0.712,0.755666109366073,0.424,1.09037804185563,0.985,0.843,"1","CKS2"
0.712,0.98032282171927,0.424,1.45884246288944,0.691,0.268,"1","FKBP5"
0.712,0.460111467853707,0.424,0.66397671597079,1,0.984,"1","RPL37"
0.712,0.604254166127109,0.424,0.872635597640063,1,0.82,"1","TRIM59"
0.712,0.570673295702013,0.424,0.842008912344692,0.809,0.377,"1","GINS1"
0.712,0.436290448948407,0.424,0.629545781472274,1,0.952,"1","SNRPD2"
0.712,1.18170772693372,0.424,1.76113687000966,0.735,0.336,"1","CHAF1A"
0.712,0.265030207085953,0.424,0.399461883252025,0.809,0.411,"1","KIF18B"
0.712,0.396365684579814,0.424,0.572443051525163,0.897,0.525,"1","CDKN3"
0.712,0.494776460704204,0.424,0.719007446894971,0.971,0.745,"1","TMX1"
0.712,0.509275377894271,0.424,0.736947873886177,0.941,0.67,"1","PARP2"
0.712,0.725602416907233,0.424,1.04785752386403,0.985,0.807,"1","GLUL"
0.712,0.457853256941722,0.424,0.705110765220224,0.603,0.198,"1","E2F2"
0.711,0.201877945090131,0.422,0.295373966067729,0.926,0.545,"1","MAP7D3"
0.711,0.326453433506649,0.422,0.473946263469873,0.882,0.491,"1","MTAP"
0.711,0.549509644728024,0.422,0.811257578759138,0.868,0.477,"1","MOB3B"
0.711,0.552646722406777,0.422,0.797390535359824,1,0.995,"1","PPIA"
0.711,0.362286036483209,0.422,0.523476246696383,1,0.998,"1","CTNNB1"
0.711,0.428982115712883,0.422,0.621395399034519,0.853,0.507,"1","CCDC138"
0.711,0.557354123102302,0.422,0.80633335607302,1,0.959,"1","CDH2"
0.711,0.3760382690912,0.422,0.604533773753008,0.941,0.623,"1","LRRC37A"
0.711,1.3349449674846,0.422,1.9501187423295,0.603,0.195,"1","RP11-303E16.2"
0.711,0.380357788635479,0.422,0.548763351681517,1,0.977,"1","RPS29"
0.711,0.227669658682548,0.422,0.329950703467596,0.956,0.636,"1","RFX4"
0.711,0.446946749275257,0.422,0.644824339019488,1,1,"1","GAPDH"
0.711,0.282492558267708,0.422,0.408816548823088,0.838,0.48,"1","CRYZ"
0.71,0.469282960201481,0.42,0.677083285807385,1,0.977,"1","RPL36A"
0.71,0.404659427193399,0.42,0.584373753878262,1,0.768,"1","TSPAN6"
0.71,0.33221066940371,0.42,0.48526429137656,0.75,0.343,"1","CDCA2"
0.71,0.311461238261395,0.42,0.450019920294586,1,0.916,"1","HNRNPD"
0.71,0.525705654506888,0.42,0.75907907975845,1,0.911,"1","RHOA"
0.71,0.604162241492525,0.42,0.872471141630204,0.985,0.836,"1","NME1"
0.71,0.407651087233847,0.42,0.588656524718148,0.926,0.657,"1","PRC1"
0.709,0.441193926588924,0.418,1.34941533043562,0.765,0.423,"1","EIF4BP7"
0.709,0.535117052119196,0.418,0.782199101278183,0.941,0.645,"1","POLA1"
0.709,0.39254967742333,0.418,0.573049281113456,0.868,0.473,"1","MIS18A"
0.709,0.264283975401189,0.418,0.915308337791712,0.926,0.711,"1","RP11-15A1.4"
0.709,0.397451364235632,0.418,0.579399151168449,0.956,0.652,"1","CPSF2"
0.709,0.204451929608511,0.418,1.71150090240155,0.676,0.35,"1","RP11-473N11.2"
0.709,0.425724666674048,0.418,0.615678324733626,0.971,0.689,"1","MAGOHB"
0.709,0.33885524609359,0.418,0.490154401588892,0.838,0.455,"1","NUF2"
0.708,0.134066272379987,0.416,0.194168444330206,0.809,0.402,"1","PLP1"
0.708,0.175357048824342,0.416,1.33672908583554,0.706,0.314,"1","EIF4BP3"
0.708,0.331868081586349,0.416,0.481854745650435,0.809,0.43,"1","RFC2"
0.708,1.23978375204418,0.416,1.8565036753322,0.765,0.375,"1","ZNF765"
0.708,0.358058231049357,0.416,0.519816680779233,0.971,0.823,"1","MSI2"
0.708,0.68303388607516,0.416,0.999470706993246,0.897,0.559,"1","GJC1"
0.708,0.352005058595531,0.416,0.50862648254579,0.985,0.677,"1","CCDC144NL-AS1"
0.708,0.104255545274664,0.416,0.152366474448867,0.853,0.486,"1","POLR3K"
0.708,0.50758302343912,0.416,0.751017586514259,0.838,0.452,"1","KDM2B"
0.708,0.272703683912225,0.416,0.393585575652898,1,0.864,"1","CSRP2"
0.708,0.907339998045102,0.416,1.31591366025619,0.926,0.602,"1","FGFBP3"
0.707,0.212695500971831,0.414,0.308178836655793,0.941,0.564,"1","CCDC25"
0.707,0.603793021629602,0.414,1.32151141710681,0.735,0.432,"1","AC006995.8"
0.707,0.527853993197945,0.414,0.765057397931679,0.971,0.734,"1","PLAGL1"
0.707,0.422972366004131,0.414,0.611663698707327,0.941,0.593,"1","RANBP17"
0.707,0.522115643219597,0.414,0.768211059378615,0.838,0.455,"1","ZNF280B"
0.707,0.756594533682896,0.414,1.15786445016881,0.603,0.223,"1","GYPC"
0.707,0.250945562062885,0.414,0.392641646823882,0.853,0.53,"1","ZSCAN22"
0.707,0.671783469233748,0.414,1.48330874939189,0.691,0.359,"1","RP11-519G16.5"
0.707,0.319135921312459,0.414,0.475133624636641,0.897,0.543,"1","TYRO3"
0.707,0.509088116908522,0.414,0.735060959351888,0.941,0.616,"1","RMST"
0.707,0.634264038335184,0.414,0.932476129078367,0.809,0.459,"1","TRDMT1"
0.707,0.354197595888778,0.414,0.511086781089354,1,0.991,"1","H3F3A"
0.707,0.520184551977354,0.414,0.750976652983489,1,0.941,"1","FUBP1"
0.706,0.470392850232435,0.412,0.680916128830643,0.868,0.507,"1","HMGN5"
0.706,0.450334929546431,0.412,0.656917629164312,0.779,0.43,"1","TBC1D31"
0.706,0.669086566445932,0.412,1.01724375979387,0.971,0.82,"1","EEF1B2P6"
0.706,0.45335941757582,0.412,0.654607136355731,1,0.823,"1","MCM7"
0.706,0.804722447254215,0.412,1.1657436169346,0.824,0.489,"1","MITD1"
0.706,0.630238284636148,0.412,0.912845592216674,0.897,0.568,"1","TAF1B"
0.706,0.36686083397355,0.412,0.535701437773025,0.735,0.341,"1","TMEM107"
0.706,0.429352798281611,0.412,0.619718128591092,1,0.889,"1","BUB3"
0.705,0.410807066518213,0.41,0.592757288003376,1,0.975,"1","RPS10"
0.705,0.238082392182859,0.41,1.36901168127028,0.662,0.257,"1","BRD7P2"
0.705,0.427526775112827,0.41,0.723647665736409,0.676,0.225,"1","FANCD2P2"
0.705,0.378836613124326,0.41,0.552468769964792,0.809,0.477,"1","POLDIP3"
0.705,0.237671435365612,0.41,0.346963214588254,0.794,0.425,"1","FANCM"
0.705,0.247003513449097,0.41,0.357342849979542,0.941,0.552,"1","METTL17"
0.705,0.563512191934726,0.41,1.02662726073584,0.941,0.702,"1","CCDC73"
0.705,0.186973372445879,0.41,0.280468808307153,0.941,0.575,"1","SKIDA1"
0.705,0.503796421544525,0.41,0.794834834100583,1,0.752,"1","TPI1P1"
0.704,0.716475074440485,0.408,1.04331169203756,0.912,0.616,"1","GNG10"
0.704,0.379809972884186,0.408,0.623326159026341,0.809,0.459,"1","DOCK5"
0.704,0.5310995417314,0.408,0.76693895632593,1,0.932,"1","SHFM1"
0.704,0.234409799962054,0.408,0.339672059875621,0.941,0.659,"1","GART"
0.704,0.397232273304536,0.408,0.583069742536331,0.809,0.427,"1","ZNF100"
0.704,0.682224422331903,0.408,0.991610459420842,0.735,0.311,"1","HAUS8"
0.704,0.434582343195475,0.408,0.632109091731789,0.691,0.282,"1","TK1"
0.704,1.52598048380951,0.408,2.22824724819104,0.588,0.205,"1","SNORD3A.1"
0.704,0.604112425221727,0.408,0.896071629963458,0.912,0.686,"1","AC002550.5"
0.704,0.28986252451358,0.408,0.56760896352183,0.662,0.245,"1","RP11-726G1.1"
0.703,0.432932719989298,0.406,0.626123685901343,1,0.832,"1","PHF6"
0.703,0.589213072686275,0.406,0.875748157086458,0.618,0.239,"1","CENPI"
0.703,0.740090155384262,0.406,1.11491113815235,0.603,0.216,"1","ERCC6L"
0.703,0.427624142718856,0.406,0.619460116813557,1,0.818,"1","BAG4"
0.703,0.499196449453193,0.406,0.737333752767247,0.765,0.414,"1","XRCC2"
0.703,0.299178139615558,0.406,0.436214481089899,0.824,0.441,"1","PRIM2"
0.703,0.535292756546776,0.406,0.778526283545312,0.75,0.348,"1","NRM"
0.703,0.332627304738823,0.406,0.55189814695434,1,0.88,"1","AC016142.1"
0.703,0.439069975808864,0.406,0.637061275333203,0.809,0.423,"1","AC006011.4"
0.703,0.485262721977,0.406,0.728127109511602,0.529,0.109,"1","RP11-19G24.3"
0.703,0.142694563472459,0.406,0.206610495594308,0.824,0.455,"1","CENPV"
0.703,0.172532925872575,0.406,0.252803390015194,0.941,0.686,"1","NXN"
0.703,0.443875114029063,0.406,0.641718741976096,0.897,0.527,"1","UCP2"
0.703,0.247994454616253,0.406,0.359423266006246,0.912,0.525,"1","ADK"
0.703,0.147207088202773,0.406,0.212769436416776,1,0.752,"1","SNRNP40"
0.702,0.520961773858334,0.404,0.761094288913315,0.838,0.53,"1","ZNF280C"
0.702,0.233238334270551,0.404,0.338054701345397,1,0.789,"1","TMEM209"
0.702,0.563699040634613,0.404,0.814054454657237,1,0.918,"1","DDX39B"
0.702,0.648533845291754,0.404,0.936674063444148,1,0.918,"1","PAICS"
0.702,0.37161914333733,0.404,0.540370940153805,1,0.827,"1","NUP50"
0.702,0.17228693552851,0.404,0.812248869284625,0.912,0.589,"1","LINC01441"
0.702,0.294476916536813,0.404,0.427607352903416,0.809,0.407,"1","HJURP"
0.702,0.550460324177237,0.404,0.801832998209567,0.721,0.359,"1","ZNF730"
0.702,0.331849448406862,0.404,0.480188316275813,0.794,0.416,"1","FAM64A"
0.702,0.977529157102119,0.404,1.4149841486225,0.853,0.525,"1","RHNO1"
0.701,0.580924341785577,0.402,0.839743447657135,1,0.939,"1","G3BP1"
0.701,0.552802839708159,0.402,0.80155156817645,0.912,0.584,"1","PPAT"
0.701,0.30276047641377,0.402,0.438056750343458,0.897,0.566,"1","DANCR"
0.701,0.258639785832626,0.402,0.386549953271423,0.794,0.448,"1","RPRD1B"
0.701,0.798857674705913,0.402,1.16528722184361,0.838,0.495,"1","ZNF90"
0.701,0.504042223724993,0.402,0.72912808480095,0.985,0.795,"1","CTC-425F1.4"
0.701,0.277792007846801,0.402,0.922873286379549,0.853,0.5,"1","RP11-21L1.1"
0.701,0.238499400886679,0.402,0.403406353638048,1,0.886,"1","FKSG62.1"
0.701,0.518529089706474,0.402,0.750304103385286,0.941,0.725,"1","MPHOSPH9"
0.701,0.593810426857505,0.402,0.856936467181267,1,0.977,"1","ATP5L"
0.701,0.338741948745171,0.402,0.49163679319856,0.985,0.734,"1","WEE1"
0.867,1.2803532404816,0.734,1.88382267489802,0.968,0.357,"2","LRP2"
0.867,1.1836575188773,0.734,1.76427560348311,1,0.973,"2","PTMAP5"
0.853,1.58372266288243,0.706,2.28714405017029,1,0.69,"2","BCAT1"
0.852,1.36688009806737,0.704,1.97322193603218,1,0.874,"2","RBBP7"
0.849,0.963385912762665,0.698,2.53427419397278,0.937,0.378,"2","HSP90AB2P"
0.848,1.17857327679436,0.696,1.7004040233624,1,0.989,"2","H2AFZ"
0.848,1.76808932732311,0.696,2.55103267462342,1,0.933,"2","SNRPE"
0.847,1.29906773203728,0.694,1.87516671515164,1,0.901,"2","SMS"
0.846,0.926450672542242,0.692,1.34152989580676,1,0.975,"2","RPL21P119"
0.842,1.54631771292351,0.684,2.23157588831871,1,0.973,"2","PTGES3"
0.841,1.00452692956251,0.682,1.46353593280818,1,0.876,"2","RPL21P28"
0.84,1.70855714139505,0.68,2.47281893110456,1,0.957,"2","SPC25"
0.84,1.55251236325895,0.68,2.57020631259476,0.81,0.148,"2","SIX3"
0.839,1.49378170394279,0.678,2.19646297058975,0.968,0.47,"2","RP11-452N17.1"
0.839,1.57698223147114,0.678,2.27596770161987,1,0.829,"2","PDCD5"
0.837,1.1006525361982,0.674,1.80362481727633,0.889,0.216,"2","TRIM71"
0.836,1.45648703939905,0.672,2.16534540002316,0.968,0.452,"2","IGDCC3"
0.835,0.915013916741504,0.67,1.32022474250202,1,0.996,"2","MORF4L1"
0.835,1.18926267998316,0.67,1.71728575626787,0.952,0.447,"2","DLK1"
0.834,0.934345134415154,0.668,1.38489610056356,1,0.858,"2","RPS3AP5"
0.833,1.21025142649814,0.666,1.7471504358803,1,0.802,"2","GNG5"
0.832,1.93323154847463,0.664,2.78958867559261,1,0.674,"2","CDK1"
0.83,1.21638262111741,0.66,1.75544097866299,1,0.649,"2","MDK"
0.829,1.29989363338225,0.658,1.87613265125528,1,0.811,"2","CCNG1"
0.829,1.2974237179476,0.658,1.88726435236693,0.968,0.497,"2","CCNA2"
0.828,2.09422023892863,0.656,3.20257071357904,0.825,0.211,"2","LIN28A"
0.827,1.44304144055283,0.654,2.08306587406529,0.984,0.544,"2","GPC3"
0.823,0.82065249058537,0.646,1.18677159529977,1,0.975,"2","RP11-572P18.1"
0.822,1.17877345005283,0.644,1.70201498713936,1,0.771,"2","TSPAN6"
0.822,1.53750239271505,0.644,2.22105204029144,0.984,0.62,"2","ECT2"
0.822,1.43819150335455,0.644,2.07578963265705,0.952,0.488,"2","RP11-809N8.5"
0.82,1.33792155984803,0.64,1.93258709047642,1,0.596,"2","MAD2L1"
0.82,1.26245037853884,0.64,1.82306921573392,0.984,0.746,"2","CKAP2"
0.818,1.07318864250646,0.636,1.54860902564015,1,0.858,"2","TMSB15A"
0.818,1.17074139784251,0.636,1.71431146779452,0.968,0.521,"2","DHFR"
0.817,2.22849925762247,0.634,3.2219275572747,0.921,0.515,"2","NCAPG"
0.817,0.853979940153372,0.634,1.99450114814192,0.905,0.373,"2","RP11-312J18.5"
0.816,0.849838356664172,0.632,1.22874024358733,1,0.834,"2","PHF6"
0.816,1.23964599112593,0.632,1.79653778322265,1,0.461,"2","CKS1BP3"
0.816,1.34326225511962,0.632,1.97075999802485,0.825,0.213,"2","SALL4"
0.816,0.386891115539298,0.632,0.558221502283082,1,0.708,"2","NNAT"
0.816,1.20186820709467,0.632,1.7381691306235,1,0.598,"2","MIS18BP1"
0.816,1.22855172316497,0.632,1.78109103013138,1,0.461,"2","RP11-192N10.2"
0.816,0.993312657484932,0.632,2.01093065793984,0.937,0.425,"2","MORF4L1P1"
0.815,0.846503010017875,0.63,1.22668699880458,0.952,0.49,"2","PTGR1"
0.815,0.775333319814705,0.63,1.12389748422422,1,0.975,"2","RPL21P75"
0.815,0.806492421973347,0.63,1.17254037246495,0.905,0.301,"2","MND1"
0.815,1.01956401298269,0.63,1.5577789700197,1,0.845,"2","RP13-104F24.2"
0.813,0.771305000039279,0.626,1.26712716004673,1,0.773,"2","RPL3P2"
0.813,1.04597560498879,0.626,1.51134139815209,1,0.834,"2","GMPS"
0.811,1.01519181992205,0.622,1.4724428837859,0.921,0.396,"2","HJURP"
0.811,1.19113212647562,0.622,1.72418256493849,1,0.676,"2","USP1"
0.81,1.40355577313942,0.62,2.06609935151467,0.921,0.396,"2","XRCC2"
0.81,1.4236509936336,0.62,2.05812784008939,0.984,0.609,"2","CENPU"
0.809,1.77302402936441,0.618,2.57021045523046,0.905,0.461,"2","CEP162"
0.809,0.901844610437629,0.618,1.31343422359075,0.952,0.44,"2","CCND1"
0.808,1.05832357148795,0.616,1.52987420303432,1,0.634,"2","DBF4"
0.808,0.998129419622454,0.616,1.46151272550852,0.937,0.344,"2","CTB-36O1.4"
0.807,1.11131002574212,0.614,1.60527282504471,1,0.87,"2","SNRPB"
0.806,1.10240320737488,0.612,1.62360722040655,0.841,0.29,"2","NEIL3"
0.806,0.81692116904763,0.612,1.19021646365184,0.889,0.337,"2","NKAIN4"
0.806,0.909848557767653,0.612,1.31266826442523,1,0.998,"2","CALM2"
0.806,0.649063551161272,0.612,0.951661529887444,1,0.98,"2","HNRNPA1P48"
0.805,1.73659689159811,0.61,2.52057515876522,0.825,0.339,"2","FANCB"
0.805,0.954259942058892,0.61,1.37693500995548,0.984,0.573,"2","UBE2C"
0.805,1.0720939469606,0.61,1.55504647122741,0.905,0.479,"2","RRM2"
0.804,0.596989505923762,0.608,0.887612652214013,0.921,0.337,"2","LIN28B"
0.804,1.17717632602652,0.608,1.70092407556795,0.984,0.616,"2","GMNN"
0.804,0.866960862858241,0.608,1.25208062626243,0.952,0.402,"2","MGST1"
0.804,0.222089995033931,0.608,1.30977738127274,1,0.387,"2","EEF1A1P14"
0.803,0.681727315413726,0.606,0.983906185788237,1,0.998,"2","MTRNR2L12"
0.802,0.718504984460024,0.604,1.08643680688603,1,0.906,"2","AC021224.1"
0.802,1.88626198709007,0.604,2.72454042075627,0.921,0.485,"2","DLGAP5"
0.801,1.40552994719461,0.602,2.03397967289817,0.952,0.524,"2","RPA3"
0.801,0.965236360066128,0.602,1.39345382623862,1,0.766,"2","PPA2"
0.801,0.885824260373848,0.602,1.29563454185343,0.937,0.481,"2","FAM161A"
0.801,1.87304265189923,0.602,2.72936590833755,0.873,0.357,"2","NAALAD2"
0.8,0.904322710647923,0.6,1.30646728597024,1,0.906,"2","DEK"
0.8,1.07173260947483,0.6,1.56490481947104,0.968,0.436,"2","PRTG"
0.8,0.444325903366801,0.6,0.641629461400893,1,0.998,"2","RPL18AP3"
0.8,1.25188964122894,0.6,2.08587825289655,0.825,0.222,"2","RP11-390K5.1"
0.8,1.11808740534832,0.6,1.61880241748511,1,0.681,"2","ASPM"
0.8,0.91813980738745,0.6,1.33145408026393,0.937,0.488,"2","CDC7"
0.798,1.1307089264783,0.596,1.64209601068878,0.937,0.467,"2","FBXO5"
0.798,1.89317843969409,0.596,2.74542834597382,0.81,0.303,"2","HMMR"
0.798,1.16063380887566,0.596,1.67458570481348,1,0.948,"2","KPNA2"
0.798,1.2399041072533,0.596,1.79782575050721,0.952,0.499,"2","BRCA2"
0.798,0.999454018259756,0.596,1.45391023702769,0.937,0.474,"2","KIF11"
0.796,0.831072936631559,0.592,1.20177910607908,0.984,0.645,"2","LSM4"
0.796,0.998851741901581,0.592,1.44757463661496,0.952,0.427,"2","BRCA1"
0.795,0.550174346125696,0.59,0.809514395013302,0.952,0.449,"2","ZIK1"
0.793,1.39647936262508,0.586,2.03720831624004,0.857,0.402,"2","LRRCC1"
0.793,0.72174557874458,0.586,1.04449210272733,0.905,0.44,"2","BUB1B"
0.791,1.03965490263431,0.582,1.51393842604712,1,0.807,"2","SUMO2P1"
0.791,0.09081680445441,0.582,0.638815546977596,0.857,0.272,"2","RP11-3P17.4"
0.791,0.9590428899662,0.582,1.38398238055732,1,0.953,"2","SNRPG"
0.791,1.46220805795213,0.582,2.15872532426012,0.714,0.148,"2","CHTF18"
0.791,0.663406011310847,0.582,0.969689231249762,0.889,0.342,"2","CDCA5"
0.791,0.582842822471135,0.582,1.13044199995888,0.984,0.413,"2","RP11-16F15.2"
0.79,0.517787256870143,0.58,0.93642124351471,1,0.847,"2","HNRNPA1P4"
0.79,1.42639791815228,0.58,2.06173415409349,0.937,0.757,"2","PFDN4"
0.79,0.739880723016974,0.58,1.11501852812056,1,0.96,"2","TUBAP2"
0.79,0.799738915316798,0.58,1.17325512821473,0.937,0.476,"2","CLSPN"
0.789,0.895106424389187,0.578,1.33713504809165,0.984,0.546,"2","HMGA1"
0.789,0.762173184001747,0.578,1.12849310006795,0.984,0.721,"2","CTB-36O1.7"
0.789,0.478262187798043,0.578,0.693623676032296,0.952,0.499,"2","KIAA1524"
0.789,1.52615010495565,0.578,2.20860074023349,0.873,0.434,"2","SGOL1"
0.789,1.00959491714169,0.578,1.45801741935676,1,0.67,"2","PCNA"
0.789,1.10083828850753,0.578,1.5888192914397,1,0.584,"2","RP11-546D6.3"
0.789,0.921021805293829,0.578,1.3900898259108,0.889,0.351,"2","ILDR2"
0.788,1.01940792074313,0.576,1.47332739148522,0.968,0.537,"2","CENPK"
0.788,0.204665961408755,0.576,0.947944717089732,1,0.993,"2","RP3-323A16.1"
0.788,2.57205147485163,0.576,3.73336923642419,0.794,0.409,"2","RP11-227G15.3"
0.788,0.930134613684335,0.576,1.38368101984744,0.937,0.58,"2","SKIDA1"
0.787,1.02275831222595,0.574,1.49020388650054,1,0.807,"2","RP1-241P17.4"
0.787,0.859652013829248,0.574,1.3238185707215,0.762,0.173,"2","FEZF1"
0.787,0.985502981389436,0.574,1.43002443317645,0.984,0.663,"2","SCUBE3"
0.787,0.475032081123748,0.574,0.695592652139636,0.921,0.402,"2","SLC16A14"
0.787,0.712492406201114,0.574,1.07898678852162,1,0.822,"2","CTD-2192J16.15"
0.787,0.935832123927828,0.574,1.35268059765443,1,0.735,"2","C11orf31"
0.787,1.90099039734528,0.574,2.76144358412032,0.825,0.366,"2","DEPDC1"
0.787,1.20579462908094,0.574,1.74363657393689,1,0.978,"2","ITGB3BP"
0.786,0.661188359727241,0.572,0.972185842378136,1,0.975,"2","RPL7P23"
0.786,0.562265428809376,0.572,0.815539620198267,0.937,0.429,"2","LIG1"
0.785,0.809097583078386,0.57,1.1719949901351,0.873,0.438,"2","DEPDC1B"
0.785,1.28512822051396,0.57,1.88007036789419,0.984,0.802,"2","CTD-2256P15.4"
0.785,0.539368776816889,0.57,0.78891255101641,0.873,0.31,"2","LINC01224"
0.785,0.669344229207242,0.57,0.975273763416379,0.81,0.303,"2","HAUS4"
0.784,1.06046327650585,0.568,1.53132493969175,1,0.822,"2","TRIM59"
0.784,1.3547872610497,0.568,1.95907011395088,0.921,0.6,"2","MBIP"
0.783,1.66208223998015,0.566,2.40547451676225,0.921,0.539,"2","DTWD1"
0.783,1.01125611383101,0.566,1.48382545280158,0.889,0.353,"2","MCM10"
0.782,1.10666351818555,0.564,1.60073035398767,1,0.67,"2","SMC2"
0.782,0.720099327375054,0.564,1.03948967653157,1,0.847,"2","LSM5"
0.782,1.09461224730448,0.564,1.58286349033425,0.905,0.494,"2","RAD51AP1"
0.782,0.833668711176008,0.564,1.20566029641782,0.937,0.481,"2","ZWINT"
0.782,0.738629811641265,0.564,1.12401636489073,1,0.809,"2","RP11-492M23.2"
0.781,1.41312121385188,0.562,2.1866593008781,0.683,0.146,"2","FEZF1-AS1"
0.781,1.13967591918187,0.562,1.66790416458668,0.746,0.193,"2","PTX3"
0.781,0.536105155987254,0.562,0.776393095189488,0.984,0.542,"2","DTYMK"
0.781,1.0765918110418,0.562,1.56449443228009,0.984,0.755,"2","RP13-104F24.1"
0.781,0.568906429201138,0.562,0.8295361382009,0.984,0.584,"2","TIMELESS"
0.78,0.627736794081994,0.56,0.913387250459441,1,0.975,"2","RP11-50D9.1"
0.78,0.783072900304957,0.56,1.13148642020776,1,0.674,"2","HAUS1"
0.78,1.29035381382284,0.56,1.86259642195149,1,0.852,"2","TOP2A"
0.78,0.850999324389024,0.56,1.22788839484401,1,0.998,"2","NAP1L1"
0.779,0.807203458809623,0.558,1.16460358136523,1,0.993,"2","NPM1"
0.779,0.881850842438085,0.558,1.27361561395187,1,0.775,"2","SMC4"
0.779,0.97012153299161,0.558,1.40274279899221,0.937,0.483,"2","NDC80"
0.778,0.591020324042512,0.556,1.11942771426384,0.984,0.616,"2","RPSAP15"
0.778,0.692273888982911,0.556,0.998875014233901,1,1,"2","HNRNPA2B1"
0.778,0.769849936553867,0.556,1.11168460162138,1,0.856,"2","PAIP2"
0.778,0.98366376940031,0.556,1.42472943853426,0.952,0.528,"2","NAA50"
0.778,0.488656495726985,0.556,0.710667440306977,0.968,0.519,"2","ENOSF1"
0.778,0.904269580683704,0.556,1.31135529917738,0.968,0.607,"2","CASC5"
0.777,0.506375804964201,0.554,0.976200499282998,1,0.706,"2","HNRNPA1P8"
0.777,0.84795124561973,0.554,1.2258104324648,0.984,0.634,"2","NT5C3A"
0.777,0.547637011646722,0.554,0.794880600902223,0.968,0.553,"2","GINS2"
0.776,1.01938395327304,0.552,1.48575385479381,0.889,0.425,"2","STK26"
0.776,0.36336780634686,0.552,0.674839524130754,1,0.578,"2","RPS3AP25"
0.776,0.255351233827423,0.552,0.372132199609856,0.889,0.351,"2","DNPH1"
0.776,1.30792183180323,0.552,1.90663857453031,0.841,0.344,"2","CENPH"
0.776,1.75101579333538,0.552,2.53278351596341,0.921,0.533,"2","SGOL2"
0.776,0.896604073179813,0.552,1.30829667909255,1,0.809,"2","AC007969.5"
0.776,0.324713143174976,0.552,0.470684960809976,0.968,0.564,"2","SALL2"
0.776,0.836323087306122,0.552,1.22517965533043,0.889,0.524,"2","NDC1"
0.775,0.97282515418199,0.55,1.40571266003934,1,0.737,"2","MRPL3"
0.775,0.830283169126841,0.55,1.19919321913104,1,0.937,"2","SMC3"
0.775,1.42507622208094,0.55,2.10139896557716,0.841,0.389,"2","KIF14"
0.774,1.23989215268737,0.548,1.86809400841285,0.778,0.267,"2","C20orf27"
0.774,1.08111588929674,0.548,1.56641699371103,0.889,0.463,"2","BLM"
0.774,0.773663646279932,0.548,1.11742136631282,0.857,0.416,"2","CDC20"
0.773,0.841983556425173,0.546,1.2168721206923,1,0.946,"2","EIF1AX"
0.773,1.10500386509297,0.546,1.59897896872372,1,0.87,"2","MMS22L"
0.773,1.61018192865246,0.546,2.5482700432891,0.683,0.169,"2","FZD5"
0.773,0.804829697160736,0.546,1.16545069568079,1,0.694,"2","PRMT1"
0.773,0.626071611908093,0.546,0.93014710547223,0.746,0.193,"2","MRPL12"
0.773,1.03400178765642,0.546,1.4927362724932,1,0.816,"2","NAE1"
0.773,0.417691249076441,0.546,0.617650426292519,0.841,0.294,"2","COL2A1"
0.772,0.84910069038135,0.544,1.22569522778795,1,0.894,"2","PSMA2.1"
0.772,1.04013943813288,0.544,1.50126872858587,1,0.991,"2","WTAP"
0.772,0.920739738487963,0.544,1.32895515497616,1,0.955,"2","HDAC2"
0.772,0.882134741737794,0.544,1.27393562709882,0.968,0.796,"2","CTB-43P18.1"
0.772,0.540535912629136,0.544,0.79237276603442,1,0.708,"2","IGF2BP1"
0.772,0.792717901440025,0.544,1.14473330756252,0.968,0.519,"2","CDKN3"
0.772,0.72119459368229,0.544,1.04050569444979,1,0.993,"2","HMGN2"
0.771,0.271807917137534,0.542,0.40048400970192,0.984,0.542,"2","RBM10"
0.771,0.57735809204294,0.542,0.842553085474253,0.921,0.418,"2","MGME1"
0.771,0.937209795759485,0.542,1.35674866008262,0.937,0.584,"2","CCDC18"
0.77,1.16094149818583,0.54,1.67690799489937,0.984,0.764,"2","GTF3C6"
0.77,0.734351733070271,0.54,1.07148175076329,0.968,0.501,"2","SNRPA"
0.77,0.491180120929706,0.54,0.711602114415763,1,0.654,"2","ARL2"
0.769,0.803789257191158,0.538,1.1793724069427,0.984,0.551,"2","NR6A1"
0.769,0.502525442963244,0.538,0.731352575950025,0.952,0.515,"2","CCDC124"
0.769,1.129985436943,0.538,1.63583232431194,0.857,0.398,"2","PRIM1"
0.768,0.593471372063457,0.536,0.858960896037069,0.952,0.499,"2","HMGN5"
0.768,0.118298314810059,0.536,0.172694361376874,1,0.499,"2","CXXC4"
0.768,1.4529969685537,0.536,2.10069886574385,0.873,0.454,"2","NUF2"
0.767,1.01880974958214,0.534,1.48651353864337,0.794,0.297,"2","ZIC1"
0.767,0.364978545253194,0.534,0.528711497926414,0.921,0.463,"2","APEH"
0.767,0.592272300354501,0.534,0.856800693829699,0.905,0.404,"2","FAM64A"
0.767,1.08438302729584,0.534,1.58118748059525,0.794,0.324,"2","USP44"
0.767,0.859178382499978,0.534,1.2531474790078,1,0.867,"2","RIC3"
0.767,1.13975465668478,0.534,1.78961507613988,0.937,0.634,"2","CCNJ"
0.766,0.752953289929915,0.532,1.08653997929981,1,1,"2","RBMX"
0.766,0.915196701063376,0.532,1.32654204761959,0.952,0.564,"2","IFT74"
0.766,1.13496503859144,0.532,1.64024063609075,0.968,0.613,"2","GGCT"
0.766,0.711010192267761,0.532,1.03581941092199,0.889,0.384,"2","DTL"
0.765,0.729862521815781,0.53,1.05350452628239,1,0.928,"2","SNHG6"
0.765,1.0201098159734,0.53,1.48702023023195,0.825,0.337,"2","CDCA2"
0.765,0.918464476003093,0.53,1.32587918719256,0.984,0.548,"2","LINC01021"
0.765,1.5858965929982,0.53,2.35327832401297,0.794,0.371,"2","MYLK"
0.765,0.489420225300406,0.53,0.715775709397001,1,0.719,"2","RPL41P2"
0.765,0.730542635329865,0.53,1.06225458440058,0.841,0.355,"2","SKA3"
0.764,0.892837894514919,0.528,1.29221513145727,0.873,0.434,"2","PBK"
0.764,1.16124999096221,0.528,1.68447522147058,0.921,0.492,"2","ZGRF1"
0.764,0.589760060658909,0.528,0.852560346261399,1,0.564,"2","RFC4"
0.764,0.946406860896136,0.528,1.39573684314879,0.762,0.249,"2","VAT1L"
0.764,0.700164916512701,0.528,1.01100932640072,1,0.834,"2","CENPF"
0.763,0.64652296522624,0.526,0.935145299874527,0.937,0.524,"2","MRPL15"
0.763,0.587297466020086,0.526,0.892255977069297,0.73,0.218,"2","PRDM5"
0.763,0.685463184438751,0.526,1.02301853305751,0.698,0.169,"2","CYYR1"
0.763,0.767287977445388,0.526,1.10921665322935,0.937,0.58,"2","HIBCH"
0.763,0.9483979160858,0.526,1.3795302363825,0.921,0.539,"2","SMC6"
0.763,0.850111199906417,0.526,1.51012615107538,0.794,0.229,"2","RPS20P35"
0.763,0.72352112403177,0.526,1.04620261218153,0.984,0.596,"2","FANCI"
0.763,0.434017881732525,0.526,0.630523428800331,0.921,0.467,"2","ZMYM1"
0.762,0.681145979725195,0.524,0.984930062431111,1,0.834,"2","CSE1L"
0.762,0.52485861317885,0.524,0.774557456749458,0.905,0.369,"2","GINS1"
0.762,0.475635977705137,0.524,0.706620080759859,0.905,0.474,"2","LAMA1"
0.762,0.91208014918145,0.524,1.31684785103816,1,0.939,"2","EID1"
0.762,0.542300799605467,0.524,0.782475863996767,1,0.998,"2","HSP90AA1"
0.762,1.6966609610768,0.524,2.45184124445036,0.937,0.622,"2","PPP2R3C"
0.762,0.867881244273224,0.524,1.27471936077694,0.968,0.521,"2","H2AFY2"
0.761,0.559429695845713,0.522,0.80725164760829,1,0.98,"2","COX7C"
0.761,0.188319174265346,0.522,0.272263141613818,0.968,0.645,"2","KIF22"
0.761,0.517725372554493,0.522,0.748768076460223,0.968,0.649,"2","SIVA1"
0.76,1.33129122468557,0.52,1.9243508762836,0.984,0.656,"2","CENPE"
0.76,0.541448537132025,0.52,0.781204831767008,1,1,"2","PTMA"
0.76,1.12380953280728,0.52,1.64547452811038,0.73,0.227,"2","ASF1B"
0.76,0.628264825563234,0.52,1.00855492250818,1,0.692,"2","RPS7P1"
0.76,0.960280002146819,0.52,1.390005234485,1,0.771,"2","IFT81"
0.76,0.409790552558602,0.52,0.592603534754033,0.968,0.643,"2","VPS72"
0.759,1.05806388608084,0.518,1.5346636226391,0.841,0.413,"2","EXOSC3"
0.759,0.855291457737043,0.518,1.23597851748573,1,0.784,"2","RP11-761N21.2"
0.759,1.3893993577744,0.518,2.00813408086514,0.841,0.479,"2","CMC1"
0.759,0.750645462891703,0.518,1.09144980054469,0.984,0.715,"2","CH507-154B10.2"
0.759,0.935602773822365,0.518,1.35374368244102,0.937,0.582,"2","SPAG16"
0.759,0.683292662218532,0.518,0.998556416607283,1,0.996,"2","AC007743.1"
0.759,1.25241023951068,0.518,1.89179083827638,0.984,0.825,"2","GREB1"
0.759,0.364039767645737,0.518,0.525993694709328,0.905,0.427,"2","AURKB"
0.758,0.917074856482449,0.516,1.35613096643321,1,0.827,"2","RP11-946L20.4"
0.758,0.0765655947524357,0.516,0.116632058512196,0.921,0.438,"2","RPL7AP11"
0.758,0.255783930962726,0.516,0.371211401452303,0.984,0.566,"2","KIF15"
0.758,0.747874576787295,0.516,1.08154680261062,0.937,0.569,"2","TPX2"
0.758,0.386077667330316,0.516,0.885576152902531,1,0.728,"2","EEF1A1P12"
0.758,0.91055504909423,0.516,1.36554039770705,0.937,0.656,"2","EIF4EP2"
0.758,0.512809850401093,0.516,0.741482086233056,0.968,0.566,"2","CENPN"
0.757,0.517484511274538,0.514,0.773535652661803,1,0.98,"2","EEF1A1P13"
0.757,1.49675772229687,0.514,2.17386305143914,0.81,0.416,"2","GEN1"
0.757,0.483877487998521,0.514,0.698753156044162,1,0.825,"2","BIRC5"
0.757,0.879584957583215,0.514,1.27227816490367,0.937,0.542,"2","MPHOSPH6"
0.757,0.648848118087436,0.514,0.938650995784325,0.984,0.699,"2","TUFM"
0.757,0.941790028114567,0.514,1.36884762140621,0.762,0.319,"2","OIP5"
0.756,0.552427882515249,0.512,0.798641954162957,0.921,0.571,"2","TBPL1"
0.756,0.682143185989325,0.512,1.0502196258478,1,0.796,"2","AC010468.1"
0.756,0.145849715651531,0.512,0.218688203593319,0.746,0.198,"2","NUDT6"
0.756,1.03637233893479,0.512,1.49986006858035,1,0.998,"2","LINC00504"
0.756,0.758485248488289,0.512,1.09461838006398,1,0.971,"2","ZNF638"
0.756,0.619178254248846,0.512,0.8992923374447,0.952,0.573,"2","ISYNA1"
0.756,0.591965616404659,0.512,0.854203792622995,1,1,"2","SUMO2"
0.756,0.750782075586637,0.512,1.08545511074268,1,0.946,"2","SERBP1"
0.755,0.695491821201963,0.51,1.31554245655475,0.698,0.209,"2","CRB2"
0.755,0.346894349315748,0.51,0.505689890274398,1,0.769,"2","PI4KAP1"
0.755,0.586773064094868,0.51,0.848207919374723,0.984,0.706,"2","TMEM230"
0.755,0.0970165689692912,0.51,0.140566030199505,0.937,0.461,"2","SPAG5"
0.755,0.523531022158232,0.51,0.772482429047886,0.921,0.467,"2","RTKN2"
0.755,0.882016874579932,0.51,1.272671801306,1,0.766,"2","MTATP8P1"
0.754,1.36647246834895,0.508,1.97898761441534,0.794,0.396,"2","TTK"
0.754,0.707873046411889,0.508,1.05478045585113,0.746,0.265,"2","FKBP5"
0.754,0.817658541624543,0.508,1.18840368244345,0.889,0.488,"2","PCIF1"
0.754,0.108332771408105,0.508,0.168110312121824,1,0.827,"2","RP11-592N21.1"
0.754,0.844944824573165,0.508,1.2272997356827,0.825,0.411,"2","ISCA2"
0.754,0.618377717665237,0.508,0.894945652849623,1,0.683,"2","PPP1CA"
0.754,1.20449870002907,0.508,1.77772705263241,0.81,0.362,"2","SCCPDH"
0.754,0.418740744872272,0.508,0.639223572357548,1,0.796,"2","RP11-203F10.6"
0.754,0.76319375278604,0.508,1.14972274929037,1,0.993,"2","MAB21L3"
0.754,0.386465628708319,0.508,0.560858124810088,1,0.712,"2","NUDC"
0.753,0.660613370709086,0.506,0.957483144866921,0.937,0.548,"2","FAM49B"
0.753,0.456341946293289,0.506,0.666967519098242,0.889,0.396,"2","SLC25A13"
0.753,1.2918466003441,0.506,1.91225024946043,0.73,0.283,"2","RRP7A"
0.753,0.679793236450987,0.506,0.984480666785442,0.873,0.443,"2","RNASEH2A"
0.753,0.771734697186557,0.506,1.11663416681269,1,0.843,"2","MARCKSL1"
0.752,0.558811831581517,0.504,0.816721744517952,0.746,0.267,"2","TACC3"
0.752,0.980364476633251,0.504,1.41645517824305,0.952,0.654,"2","HAT1"
0.752,1.15497752348862,0.504,1.6682115068019,0.984,0.822,"2","METTL5"
0.752,0.932031719027245,0.504,1.34940644631686,0.873,0.508,"2","CCDC138"
0.752,0.459613992095662,0.504,0.668437405040888,0.921,0.53,"2","OSBPL1A"
0.752,0.926513000973546,0.504,1.36179871805303,0.921,0.458,"2","ARHGAP11A"
0.752,0.518659664447621,0.504,0.779213295149127,0.73,0.236,"2","PRSS23"
0.751,0.591208410139118,0.502,0.857696034940041,0.905,0.506,"2","KIF4A"
0.751,0.221330107469524,0.502,0.320175484193005,0.937,0.575,"2","NRCAM"
0.751,0.90331731324553,0.502,1.30515779828465,0.937,0.557,"2","ARL4A"
0.751,0.760135815322376,0.502,1.11617650342099,0.841,0.407,"2","MRS2"
0.751,0.639249963067432,0.502,0.930446445694482,0.794,0.324,"2","CDC25C"
0.751,0.786274209330807,0.502,1.13474638999227,0.952,0.672,"2","CCNB1"
0.751,0.757568097320619,0.502,1.09354565233697,1,0.912,"2","CCT8"
0.751,1.86897230608297,0.502,2.71829647000606,0.714,0.27,"2","AP001347.6"
0.751,0.845780221708786,0.502,1.2310674745434,0.857,0.389,"2","WWOX"
0.751,0.783641989780414,0.502,1.13733995983321,0.952,0.566,"2","GCSH"
0.751,0.42748206293241,0.502,0.617063925479769,0.952,0.647,"2","CCNB2"
0.751,0.584361389358828,0.502,0.843876830005167,1,0.8,"2","HELLS"
0.751,0.488862307821342,0.502,0.721449061427003,1,0.674,"2","NES"
0.75,1.156587024269,0.5,1.78185712447922,0.762,0.315,"2","RP2"
0.75,0.792955056081469,0.5,1.18604534602082,1,0.663,"2","RPL35P2"
0.75,1.39540436386405,0.5,2.03496474273194,0.683,0.175,"2","HIST1H4K"
0.75,1.00399539314161,0.5,1.45660762913064,0.81,0.384,"2","PLK4"
0.75,0.617803214636946,0.5,2.05069061180487,0.73,0.272,"2","RNPS1P1"
0.75,0.565971041723713,0.5,0.827478887472467,0.81,0.369,"2","MRPL38"
0.75,1.16921764066368,0.5,1.6882621302483,0.937,0.694,"2","ZNF770"
0.75,0.516108545520988,0.5,0.745826360476819,1,0.784,"2","RRM1"
0.75,0.52083883607041,0.5,0.760710351367867,0.857,0.425,"2","DDIT4"
0.75,0.956484633244871,0.5,1.40481374824631,1,0.957,"2","RABGAP1L-IT1"
0.749,0.725438709633575,0.498,1.05779240632407,0.905,0.472,"2","MIS18A"
0.749,1.55047072727037,0.498,2.24922256023142,0.937,0.744,"2","RPL17-C18orf32"
0.749,0.426104750207989,0.498,0.618299377086491,0.889,0.503,"2","POLI"
0.749,1.32826186865592,0.498,1.93242220427265,0.683,0.202,"2","LINC01515"
0.749,0.454340544113463,0.498,0.704399918388901,1,0.921,"2","EEF1A1P11"
0.748,0.663800690899314,0.496,0.970047034746238,0.984,0.548,"2","ATAD2"
0.748,0.605833098720588,0.496,0.874798286735707,1,0.998,"2","HMGB1P5"
0.748,0.580992673377916,0.496,0.953157359300361,0.825,0.396,"2","HIC2"
0.748,0.691384333668252,0.496,0.999292950556319,0.984,0.721,"2","SAE1"
0.748,0.802955111069384,0.496,1.15996961944011,1,0.76,"2","LSM7"
0.748,0.855003623974403,0.496,1.24257074116109,0.889,0.481,"2","WDHD1"
0.748,0.561172767541714,0.496,1.3343458667721,0.921,0.494,"2","NPM1P39"
0.747,0.390381264050402,0.494,0.884344954163597,1,0.681,"2","RPL4P5"
0.747,0.821690969791255,0.494,1.19502553333309,0.825,0.409,"2","RAD54B"
0.747,0.500168428294989,0.494,0.88579851944976,1,0.804,"2","RPSAP47"
0.747,0.163655584958613,0.494,0.244394803687442,0.889,0.499,"2","NSUN5"
0.747,0.122059268759242,0.494,0.177416678271698,0.968,0.481,"2","ANLN"
0.747,0.75014046771955,0.494,1.08992542027026,0.81,0.31,"2","POLE2"
0.747,1.14782298776392,0.494,1.66265913562787,0.889,0.512,"2","PUS7L"
0.747,0.732014133787566,0.494,1.05652270422797,1,0.982,"2","RBBP4"
0.746,0.641742747470576,0.492,0.937717660701034,0.952,0.663,"2","HAUS6"
0.746,1.07672394398712,0.492,1.57641365291494,0.857,0.378,"2","MCM2"
0.746,0.701973065719019,0.492,1.01579264785413,0.889,0.492,"2","BUB1"
0.746,0.172807478419372,0.492,0.251682898298172,0.825,0.326,"2","TRAPPC6A"
0.746,0.878359494799604,0.492,1.28576222824467,0.984,0.665,"2","ATAD5"
0.746,0.702818299053252,0.492,1.019104989284,1,0.789,"2","RP11-175B9.3"
0.745,0.665591393154102,0.49,1.26029911891373,0.81,0.38,"2","FAM166A"
0.745,1.18526424635884,0.49,1.72955402883306,0.683,0.189,"2","HIST1H4J"
0.745,0.579101192293892,0.49,0.840754025580392,0.937,0.591,"2","NSD1"
0.745,0.509600615206021,0.49,1.37917069745336,1,0.948,"2","FGF5"
0.745,0.146338105207597,0.49,0.216028715428954,0.921,0.483,"2","SGTA"
0.745,0.234260308931388,0.49,0.339425892840059,0.905,0.429,"2","DCXR"
0.745,0.533556154384998,0.49,0.822391533069363,0.81,0.351,"2","RP13-1032I1.7"
0.745,0.510655931039365,0.49,0.73848855695962,0.921,0.67,"2","KIF20B"
0.745,0.595887548998244,0.49,0.860889286840855,1,0.778,"2","CDC123"
0.744,0.804561878040104,0.488,1.16446657563336,0.889,0.461,"2","HPRT1"
0.744,0.0882491959173901,0.488,0.129385458919023,0.921,0.521,"2","ZNF280C"
0.744,0.717685134209125,0.488,1.10130334731449,1,0.717,"2","RP11-349N19.2"
0.744,0.544549364187541,0.488,0.785756375993554,1,0.843,"2","CKS2"
0.744,0.41909784179102,0.488,0.613193050250834,0.968,0.544,"2","TMEM261"
0.744,0.387660226018703,0.488,0.559345736627307,1,0.881,"2","HMGB2"
0.744,0.727980517398009,0.488,1.05190382344383,0.968,0.708,"2","MRPL39"
0.744,0.606854768612439,0.488,0.883264529105104,0.794,0.342,"2","NCAPH"
0.744,0.485060394213359,0.488,0.713743746945144,1,0.962,"2","RPLP0P6"
0.744,0.276143250104909,0.488,0.404772421228395,0.889,0.396,"2","FOXM1"
0.744,0.620078065487316,0.488,0.915246317303262,0.841,0.429,"2","ARHGAP19"
0.743,0.609614683208284,0.486,0.887263775842706,0.841,0.382,"2","TBRG4"
0.743,0.398032191437018,0.486,0.582307126403379,0.984,0.715,"2","ANP32A"
0.743,0.556682493338029,0.486,0.808503510638046,0.857,0.373,"2","CCDC77"
0.743,0.177679465051168,0.486,0.262007904848001,0.762,0.303,"2","BAD"
0.742,0.665397431544459,0.484,0.973972037142542,0.746,0.274,"2","WDR34"
0.742,0.945611415900218,0.484,1.36704467249486,0.952,0.596,"2","RANBP17"
0.742,0.54135859623623,0.484,0.786449698620566,1,0.883,"2","SMARCA5"
0.742,0.322632590390089,0.484,0.474584124454318,0.968,0.672,"2","CH507-145C22.3"
0.742,0.957965409474283,0.484,1.41122173491106,0.683,0.218,"2","SHKBP1"
0.742,1.17118223351864,0.484,1.6974324061514,0.81,0.422,"2","LYRM1"
0.742,0.548065546589602,0.484,0.791141245021343,0.984,0.861,"2","ESD"
0.742,0.571403499617569,0.484,0.828044875109144,0.952,0.647,"2","ZBED5"
0.742,0.386890916077452,0.484,0.566489271422966,0.873,0.422,"2","INTS7"
0.741,0.582591523925382,0.482,0.841862648864327,0.921,0.539,"2","KIF23"
0.741,0.348855532980533,0.482,0.503488377835588,1,0.746,"2","NUSAP1"
0.741,0.82813036126366,0.482,1.24989795198812,1,0.991,"2","RP11-326N17.2"
0.741,0.890637536651337,0.482,1.29969367649744,0.889,0.454,"2","POLE"
0.74,0.90988263583628,0.48,1.32612097329011,0.857,0.44,"2","C7orf50"
0.74,1.7636682990064,0.48,2.587505174296,0.651,0.196,"2","MMRN1"
0.74,0.619436391009898,0.48,0.895385407652574,0.952,0.674,"2","FANCL"
0.74,0.421938241478867,0.48,0.609025987060335,1,0.656,"2","CKS1B"
0.739,0.214048467919866,0.478,0.309234055082632,0.984,0.631,"2","TCEAL7"
0.739,0.495402194177374,0.478,0.730391007414148,0.794,0.371,"2","GSPT2"
0.739,0.828042875062388,0.478,1.2173695803044,0.952,0.744,"2","RP11-32K4.1"
0.739,0.511638714985814,0.478,0.747463251459052,1,0.98,"2","RPS3AP26"
0.739,0.839352498320528,0.478,1.22389388086634,0.905,0.503,"2","BMPR1B"
0.739,0.738116661767438,0.478,1.0661008593882,0.968,0.775,"2","ANAPC13"
0.739,0.161806098998404,0.478,1.56213150730962,0.937,0.69,"2","CTA-929C8.9"
0.739,0.413216382570714,0.478,0.650607229284462,0.825,0.357,"2","C21orf58"
0.739,0.428142971525605,0.478,0.632841155809786,0.905,0.53,"2","FIGN"
0.739,0.546509830498032,0.478,0.871056487979462,1,0.863,"2","RPSAP54"
0.739,0.747422471363732,0.478,1.0833353789682,0.825,0.427,"2","PARPBP"
0.739,0.889525179014494,0.478,1.28594322128978,0.921,0.58,"2","YEATS4"
0.738,1.47505242712959,0.476,2.13922902568067,0.794,0.447,"2","FAM122B"
0.738,0.551757846696832,0.476,0.801296050031649,0.984,0.78,"2","EIF4H"
0.738,0.840265235703767,0.476,1.21437021013416,0.984,0.739,"2","IGF2BP3"
0.738,0.900988513917667,0.476,1.31143982884926,0.825,0.445,"2","PRIM2"
0.738,0.533875895273676,0.476,0.770301674627877,1,0.996,"2","SRSF3"
0.738,0.347628673624595,0.476,0.504901856819572,0.968,0.672,"2","AP3B1"
0.738,0.798168250662726,0.476,1.1569441407885,0.937,0.584,"2","PPAT"
0.738,0.615701087168342,0.476,0.914229310801167,0.841,0.42,"2","GTSE1"
0.738,0.714002269559385,0.476,1.03227575326799,1,0.861,"2","XPO1"
0.738,1.38075726697031,0.476,2.00565886272458,0.651,0.213,"2","BORA"
0.738,0.413256149677723,0.476,0.596230981701565,1,1,"2","HNRNPA1"
0.738,0.351825898883986,0.476,0.507582912013635,0.651,0.142,"2","RP11-397A15.4"
0.738,0.142710505676535,0.476,0.235997354774439,0.873,0.422,"2","IQGAP3"
0.737,1.81955807062024,0.474,2.63604427136264,0.714,0.288,"2","C1GALT1C1"
0.737,0.554984021579,0.474,0.812458932326657,0.698,0.238,"2","KLHL13"
0.737,0.964103225466109,0.474,1.39836558812753,0.984,0.787,"2","WNK3"
0.737,0.628336687774604,0.474,0.907490680203509,1,0.796,"2","PRDX4"
0.737,0.542344342262806,0.474,0.789671486987936,0.873,0.481,"2","PROSC"
0.737,0.516605433212913,0.474,0.74624859895763,1,0.951,"2","CNOT7"
0.737,0.699246775045927,0.474,1.01734374107898,0.921,0.515,"2","EFHC1"
0.737,0.201146707081878,0.474,0.296155511924922,1,0.946,"2","AC004069.2"
0.737,0.441185196336944,0.474,0.664584816081413,0.825,0.375,"2","MCM8"
0.737,0.966732614426624,0.474,1.40138536225385,0.825,0.393,"2","CCDC150"
0.737,0.11992715625986,0.474,0.198198711471038,0.794,0.36,"2","LMNB2"
0.737,0.473575003540803,0.474,0.687051510189957,0.841,0.436,"2","IQCK"
0.737,0.567289262420562,0.474,0.81905384487732,0.984,0.87,"2","RAB11A"
0.737,0.723092482765747,0.474,1.17122801117085,0.794,0.328,"2","RP11-112J1.1"
0.737,0.94375646693269,0.474,1.37802004545095,0.714,0.267,"2","SPA17"
0.737,0.558932195417414,0.474,0.806733362481964,1,0.89,"2","BUB3"
0.737,0.947736511035039,0.474,1.37566588936991,0.857,0.425,"2","DNA2"
0.737,0.564114222991204,0.474,0.817180051640606,0.841,0.449,"2","SUV39H2"
0.737,0.497493244402494,0.474,0.720152331559984,0.984,0.721,"2","CNIH4"
0.737,0.725993093804214,0.474,1.05336209292358,0.921,0.555,"2","AURKAIP1"
0.736,0.313343996445259,0.472,0.456365089345329,0.921,0.598,"2","PNMA2"
0.736,0.828094219722932,0.472,1.19755471745668,0.937,0.69,"2","C4orf27"
0.736,0.649339239219196,0.472,0.942225567063402,0.921,0.58,"2","CMSS1"
0.736,0.467890205499941,0.472,0.680556932740935,0.794,0.333,"2","CENPM"
0.736,0.721888092448529,0.472,1.04417533502527,0.984,0.831,"2","RANBP1"
0.736,0.514134532269433,0.472,0.742345051883301,0.984,0.784,"2","UBE2E3"
0.736,0.640371830697982,0.472,0.926231140517283,0.905,0.616,"2","CPSF3"
0.736,0.145061607806732,0.472,0.210893296809011,0.937,0.557,"2","TTYH1"
0.736,0.855523086200291,0.472,1.23602386433042,0.794,0.371,"2","DPH6"
0.736,0.767069146422864,0.472,1.14100742113972,0.73,0.258,"2","DNAAF2"
0.736,0.636713668846033,0.472,0.922554905552691,0.937,0.67,"2","TMEM123"
0.736,0.837675566246094,0.472,1.21555887158658,0.762,0.344,"2","RP11-442H21.2"
0.736,0.479895622396307,0.472,0.734884765994966,0.683,0.218,"2","APITD1-CORT"
0.735,0.684553590873049,0.47,0.988764075701456,1,0.935,"2","UQCRB"
0.735,0.649176622742679,0.47,0.964793461101412,0.635,0.166,"2","RGS20"
0.735,0.740797678826613,0.47,1.10829637496678,0.683,0.229,"2","SLC29A1"
0.735,0.739876742394364,0.47,1.06979210302804,0.905,0.6,"2","MRPS27"
0.735,0.537049573009248,0.47,0.776451838673852,1,0.766,"2","RFC1"
0.735,0.627162624734397,0.47,0.922144419122721,0.825,0.461,"2","ZNF280B"
0.735,0.459870988994836,0.47,0.664898486410289,0.984,0.735,"2","PRKRA"
0.735,0.727569861428297,0.47,1.0547102614501,0.889,0.636,"2","RAB10"
0.735,0.360607223975015,0.47,0.527748528864318,0.889,0.431,"2","CTD-2231E14.8"
0.735,0.249955261280809,0.47,0.366038288414393,1,0.96,"2","HNRNPA1P10"
0.735,0.830946772654407,0.47,1.20151225619205,0.952,0.654,"2","SPAG7"
0.735,0.463982569665745,0.47,0.670463827837153,0.873,0.499,"2","KNSTRN"
0.735,0.647456456507933,0.47,0.936441113545039,1,0.802,"2","IPO5"
0.735,0.600414139450654,0.47,0.866386997757845,1,0.971,"2","ANP32E"
0.735,0.295241650744212,0.47,0.428348613978367,0.841,0.429,"2","CDCA8"
0.734,0.196307658856148,0.468,0.283945985167582,0.952,0.618,"2","CDO1"
0.734,0.597985176138254,0.468,0.870436691168757,1,0.834,"2","NUP155"
0.734,0.394486222905541,0.468,0.570684420101983,0.937,0.569,"2","DDX19B"
0.734,0.961013878160203,0.468,1.39465497128963,0.778,0.36,"2","ARHGAP11B"
0.734,0.79524556256844,0.468,1.15244952423363,0.921,0.584,"2","KIAA0586"
0.734,2.10901451137828,0.468,3.46932457940736,0.508,0.04,"2","NKX2-1"
0.734,0.913349331435389,0.468,1.3306613714455,0.683,0.247,"2","DDIAS"
0.734,0.524594967865156,0.468,0.760632950017579,0.857,0.434,"2","KIF18A"
0.733,1.03698793403576,0.466,1.50030126327284,0.905,0.62,"2","LYPLA1"
0.733,0.991331550890965,0.466,1.43673521800631,0.937,0.629,"2","KIAA1586"
0.733,0.696094026025267,0.466,1.00564043626171,1,0.908,"2","GLO1"
0.733,0.901449571810288,0.466,1.30056309683687,1,1,"2","HNRNPH1"
0.733,0.588544339453438,0.466,0.906246688640432,1,0.845,"2","HMGB1P10"
0.733,0.271515335845351,0.466,0.39883891960058,0.968,0.67,"2","CH507-24F1.1"
0.733,0.672874593088619,0.466,0.971585510823598,1,0.82,"2","NDUFB3"
0.733,0.550759034816236,0.466,0.844002466877198,1,0.798,"2","AC092155.1"
0.733,0.25511210303908,0.466,0.37114480326665,0.857,0.425,"2","SNX17"
0.733,0.317387708653131,0.466,0.460533675002805,0.952,0.573,"2","TOX3"
0.733,1.11467620144997,0.466,1.74179467796765,1,0.982,"2","HERC2P5"
0.733,0.29942656106249,0.466,0.432587865402477,1,0.975,"2","KIAA0101"
0.733,0.283230719102398,0.466,0.435135739171558,1,0.951,"2","RPS3AP47"
0.733,0.470429247017202,0.466,0.686260335676118,0.841,0.44,"2","USP28"
0.733,1.09880299339394,0.466,1.58789377773662,0.889,0.53,"2","ALG8"
0.733,0.187074970400674,0.466,0.275759844500884,0.857,0.396,"2","SLC16A9"
0.733,0.480331674267294,0.466,0.711573216746308,0.778,0.335,"2","PMF1-BGLAP"
0.733,0.696538365052723,0.466,1.04478288782917,0.825,0.422,"2","SASS6"
0.732,0.566237150461347,0.464,0.81712833877425,1,0.98,"2","EIF3E"
0.732,0.91201454789882,0.464,1.33437092548995,0.635,0.157,"2","RARRES2"
0.732,0.698087748183378,0.464,1.01134020505315,0.937,0.598,"2","MAT2B"
0.732,0.612022303428188,0.464,0.889489240235938,0.857,0.438,"2","C5orf22"
0.732,0.689204711775472,0.464,1.35261965843609,1,0.969,"2","SLC9A4"
0.732,0.448762704288199,0.464,0.650016739513608,0.921,0.562,"2","C19orf48"
0.732,0.443687368054276,0.464,0.641477502237768,1,0.996,"2","ORC6"
0.732,0.270237697262264,0.464,0.39158228188595,0.921,0.533,"2","CTPS1"
0.731,0.687743459872996,0.462,1.02250266360162,0.81,0.351,"2","PTCH1"
0.731,0.217494515461826,0.462,0.641075396684617,0.81,0.411,"2","ATP8B5P"
0.731,0.696826669480337,0.462,1.00940875085792,0.825,0.409,"2","POT1"
0.731,0.127725888755826,0.462,0.185907603595951,0.857,0.409,"2","POP7"
0.731,0.549013946804354,0.462,0.79465070102665,0.952,0.665,"2","CSTF1"
0.731,0.893895612590399,0.462,1.2963965055745,0.841,0.49,"2","FASTKD2"
0.731,0.777230209101759,0.462,1.12366648728655,1,0.876,"2","MOB1A"
0.73,1.33376843049525,0.46,1.94579120459286,0.762,0.418,"2","NUDT11"
0.73,0.369266151261894,0.46,0.537969710865127,0.984,0.629,"2","ANP32B"
0.73,0.768213739742166,0.46,1.10956248520243,1,0.996,"2","RP11-703G6.1"
0.73,0.671311611926662,0.46,0.995740743579215,0.968,0.634,"2","SOX2"
0.73,0.795968595127213,0.46,1.15200649845879,0.857,0.551,"2","IFT57"
0.73,0.972613052408462,0.46,1.40467025087239,0.984,0.91,"2","TXNL1"
0.73,0.541663934239258,0.46,0.784270835422773,0.873,0.519,"2","HDHD2"
0.73,0.468583136451027,0.46,0.680764305433825,1,0.96,"2","HNRNPA1P7"
0.73,0.432457664792013,0.46,0.624845350160923,0.984,0.681,"2","CCDC144NL-AS1"
0.73,1.11081492917855,0.46,1.73510137072587,1,0.982,"2","HERC2P8"
0.73,0.506722866330857,0.46,0.737123026551992,0.921,0.56,"2","PPP4C"
0.73,0.668272562026925,0.46,0.965803236679715,0.968,0.665,"2","CFL2"
0.73,0.482224288110314,0.46,0.717433938466391,0.825,0.384,"2","DIAPH3"
0.73,0.545894589924242,0.46,0.790423776058175,0.937,0.517,"2","RHNO1"
0.73,0.501920496285723,0.46,0.726168963862818,0.762,0.387,"2","NEK2"
0.73,1.13927727431423,0.46,1.65242599491571,0.921,0.679,"2","LRRC40"
0.729,0.664547393641044,0.458,0.963419563355238,0.841,0.434,"2","TMEM60"
0.729,1.29736255641401,0.458,2.72078333343222,0.603,0.189,"2","ULBP1"
0.729,0.51211320025676,0.458,0.741454354857022,0.968,0.627,"2","MCM3"
0.729,0.189292196350561,0.458,0.274097014958183,0.762,0.357,"2","KIF20A"
0.729,0.616726111549013,0.458,0.899479444379429,1,0.937,"2","HNRNPA0"
0.729,0.443324208710446,0.458,0.641184267293207,0.968,0.769,"2","HSPA4"
0.729,0.796404135512829,0.458,1.14956438592573,0.984,0.926,"2","PFN2"
0.729,1.18562714613901,0.458,1.71284480874051,0.984,0.701,"2","FANCD2"
0.729,0.683767496380688,0.458,0.996877546462292,0.937,0.508,"2","ADRM1"
0.729,0.896966787983222,0.458,1.32044128532171,0.873,0.445,"2","CIT"
0.729,0.622605064888533,0.458,0.899495457907975,0.651,0.209,"2","LHX5-AS1"
0.729,0.511499811473978,0.458,0.743744233242913,0.778,0.375,"2","TCTN1"
0.729,0.412096597581479,0.458,0.632233447945728,0.714,0.285,"2","DPYSL4"
0.729,0.157159501125432,0.458,0.227467900228827,1,0.71,"2","MKI67"
0.729,0.822305606691061,0.458,1.19646167845032,0.952,0.613,"2","SRP9P1"
0.729,0.558465033315168,0.458,0.808670574309968,0.968,0.681,"2","GGPS1"
0.729,0.632697226645611,0.458,0.914483457304776,0.937,0.708,"2","PNRC2"
0.728,0.676420318566822,0.456,0.978870931114618,1,0.901,"2","SMARCA1"
0.728,0.551099655890249,0.456,0.806131626137729,0.698,0.24,"2","PHF19"
0.728,0.922247630247727,0.456,1.33761886234217,0.857,0.499,"2","MTAP"
0.728,0.788227522289234,0.456,1.14740238499445,0.921,0.548,"2","UBXN2B"
0.728,0.374025245426838,0.456,0.554359095059428,0.921,0.555,"2","COPG2"
0.728,1.39541530165548,0.456,2.02250774217486,0.905,0.607,"2","CASP8AP2"
0.728,0.571478751793588,0.456,0.826146243450529,0.984,0.813,"2","DCP2"
0.728,1.22509735870844,0.456,1.94764884285989,0.762,0.38,"2","RP11-1280N14.3"
0.728,0.531391340432991,0.456,0.767508783811381,1,0.919,"2","PAICS"
0.728,0.411870001275487,0.456,0.611146409240476,0.73,0.285,"2","MAGEF1"
0.728,0.689884809763512,0.456,0.997537193092164,0.952,0.609,"2","PIGF"
0.728,0.693065728007401,0.456,1.00914112689112,0.762,0.357,"2","ZNF730"
0.728,0.369170709946932,0.456,0.537977248998133,0.921,0.548,"2","IDH2"
0.728,0.99771040694209,0.456,1.78134860782219,0.635,0.166,"2","HSPE1P2"
0.728,0.589997724195577,0.456,0.85144092709508,1,0.984,"2","CFL1"
0.728,0.195475584878517,0.456,0.29600856933425,0.794,0.389,"2","UQCC3"
0.728,0.722218484042166,0.456,1.04253720626722,1,0.921,"2","CKAP5"
0.727,0.606409953389851,0.454,0.888168511448034,0.683,0.252,"2","CCDC160"
0.727,0.514682303471268,0.454,0.743614856111904,1,0.912,"2","STAG2"
0.727,0.366294769896328,0.454,0.531757602470519,0.937,0.564,"2","CTNNAL1"
0.727,0.834139578499009,0.454,1.21848422179605,0.587,0.133,"2","CPVL"
0.727,1.25418121407359,0.454,1.99907905169376,0.841,0.481,"2","RP11-1319K7.1"
0.727,0.343177604584119,0.454,0.497720689599635,0.825,0.413,"2","CKAP2L"
0.727,0.492849563667647,0.454,0.715206276484816,0.937,0.645,"2","SLC20A1"
0.727,0.518093519066451,0.454,0.756366834015708,0.968,0.578,"2","KIAA1841"
0.727,0.30953276330338,0.454,0.450949443580299,0.905,0.503,"2","TIMM50"
0.727,0.252668964544369,0.454,0.367186801832385,0.921,0.485,"2","ALKBH7"
0.727,0.343152758675025,0.454,0.496030921677077,1,0.773,"2","POLR2E"
0.727,0.622821746528306,0.454,0.922466642257084,0.81,0.362,"2","BRIP1"
0.727,0.293439878248352,0.454,0.429910639856793,0.81,0.4,"2","CDK10"
0.727,0.37833099487401,0.454,0.558671827615584,0.73,0.263,"2","UBL7-AS1"
0.727,0.257089547443434,0.454,0.372967255699345,0.937,0.481,"2","RFC5"
0.727,0.689527098067602,0.454,0.995379820062952,1,0.894,"2","PLEKHA5"
0.727,0.445067635495414,0.454,1.37114558172989,0.667,0.256,"2","DBF4P1"
0.726,0.586464996223887,0.452,0.849398776789724,1,0.924,"2","RPS23P8"
0.726,0.491717745956432,0.452,0.709539789163099,1,0.998,"2","SET"
0.726,0.158085886442264,0.452,0.230297804090245,0.889,0.564,"2","DBN1"
0.726,0.160909649256982,0.452,0.232582098208573,0.905,0.539,"2","VEPH1"
0.726,0.528819852644152,0.452,0.805234087189448,1,0.796,"2","RPL21P39"
0.726,0.544903010450316,0.452,0.793039426376469,0.825,0.488,"2","ARL6IP6"
0.726,0.757904495276315,0.452,1.0960597652996,0.984,0.721,"2","G2E3"
0.726,0.895143201289271,0.452,1.29599359782413,0.857,0.521,"2","CDK2AP1"
0.726,0.769396593302081,0.452,1.13449929823368,0.905,0.544,"2","CEP295"
0.726,0.123730640084481,0.452,0.179320692837804,0.968,0.622,"2","NDUFV1"
0.725,0.770099192273523,0.45,1.17845086882049,1,0.993,"2","CYSLTR1"
0.725,0.241006472948516,0.45,0.350122079806862,0.873,0.515,"2","ATG4B"
0.725,0.516257417871859,0.45,0.748588934261999,0.857,0.431,"2","COMMD4"
0.725,0.330472212530353,0.45,0.485285836524668,0.841,0.479,"2","TMEM194A"
0.724,0.408146559765059,0.448,0.589515593301762,1,0.91,"2","TUBB4B"
0.724,0.864266908924927,0.448,1.25726239749956,0.81,0.404,"2","PBX3"
0.724,0.642002856874566,0.448,0.93803300612686,0.651,0.229,"2","NMU"
0.724,0.202771398728981,0.448,0.296916071657952,1,0.789,"2","PI4KAP2"
0.724,0.277360880538685,0.448,0.401793544605424,0.952,0.575,"2","AHCY"
0.724,0.299978871640279,0.448,0.435659700469445,0.968,0.548,"2","FAM195B"
0.724,0.80602860227668,0.448,1.16954104876685,0.841,0.458,"2","DCTPP1"
0.724,0.640836122240822,0.448,0.932194963361074,0.905,0.562,"2","HN1L"
0.724,0.119112891811794,0.448,0.173879551326815,0.825,0.398,"2","AE000658.22"
0.724,0.440736924264979,0.448,0.636760878971046,1,0.843,"2","MLF2"
0.724,0.552350793008969,0.448,0.798481638858837,0.921,0.528,"2","UCP2"
0.724,0.326351177717385,0.448,0.487376057279426,0.698,0.274,"2","ZNF248"
0.724,0.473533234147974,0.448,0.686386669203331,0.857,0.461,"2","KIF2C"
0.723,1.42171647015102,0.446,2.05557214815009,0.889,0.533,"2","TATDN1"
0.723,0.568250679120503,0.446,0.828265455525201,0.794,0.42,"2","SUPT3H"
0.723,0.366654324510027,0.446,0.533498123416379,0.778,0.348,"2","NRM"
0.723,0.31164901726272,0.446,0.461995550779045,1,0.818,"2","RPL7P19"
0.723,0.444774955746639,0.446,0.647040940603711,0.873,0.51,"2","CMTM6"
0.723,0.136082241719387,0.446,0.567147567151198,1,1,"2","AC006548.28"
0.723,0.144486786758739,0.446,0.212758554102926,0.968,0.679,"2","CH507-254M2.2"
0.723,0.423793403417465,0.446,0.615184025717153,0.984,0.73,"2","SRSF1"
0.723,0.733745964226343,0.446,1.10171092934104,0.778,0.407,"2","PAGR1.1"
0.723,0.466805055735104,0.446,0.673466631448374,1,0.998,"2","RPL21"
0.723,0.514510633409988,0.446,0.763711149509403,0.873,0.481,"2","CCDC34"
0.723,0.384569657945669,0.446,0.558115571065866,0.857,0.411,"2","GSTO1"
0.723,0.12858454558947,0.446,0.1970026847648,0.921,0.724,"2","SKINTL"
0.722,0.491585675007855,0.444,0.711071763428581,0.968,0.542,"2","HSD17B10"
0.722,0.591233997258141,0.444,0.856798660528043,0.937,0.555,"2","LMAN2"
0.722,0.602261138898565,0.444,0.871703461707066,0.968,0.652,"2","PDCD6"
0.722,0.602352993872382,0.444,0.871385229950935,0.873,0.515,"2","FRMD4B"
0.722,0.411589742313792,0.444,0.915749180316322,0.984,0.991,"2","LA16c-60D12.1"
0.722,0.21995210239996,0.444,0.319531447060368,0.873,0.479,"2","MRPS9"
0.722,0.445592158887981,0.444,0.645019004083175,0.984,0.679,"2","ERCC1"
0.722,0.743975583645082,0.444,1.08287583994765,0.857,0.447,"2","TYMS"
0.722,0.634110075718845,0.444,0.935920815067782,0.857,0.476,"2","CCNF"
0.722,0.483128884108584,0.444,0.70559710705071,0.81,0.398,"2","TTF2"
0.721,0.304658544799334,0.442,0.445437192094342,0.905,0.553,"2","MAP7D3"
0.721,1.09867555923627,0.442,1.60414463023101,0.619,0.184,"2","NUP62CL"
0.721,0.459884523230845,0.442,0.705952359894086,1,0.993,"2","LINC00506"
0.721,0.283913392557447,0.442,0.411306546730033,0.952,0.613,"2","FAM136A"
0.721,0.575880289427823,0.442,0.925928135234137,0.984,0.658,"2","RPL23AP2"
0.721,0.599395751837675,0.442,0.906452593240413,0.667,0.263,"2","HGS"
0.721,0.364349348283654,0.442,0.528212666762107,0.889,0.465,"2","APRT"
0.721,0.746898905962055,0.442,1.07845744498501,1,0.906,"2","FKBP3"
0.721,1.62233885399017,0.442,2.35271461827867,0.746,0.396,"2","ALG6"
0.72,0.759967756222692,0.44,1.10561939982241,0.825,0.429,"2","RMI1"
0.72,0.257413040501543,0.44,0.390926825616456,0.921,0.685,"2","PSMA2"
0.72,0.500067608956413,0.44,0.72771475424637,0.841,0.434,"2","EPB41L2"
0.72,0.314356787179748,0.44,0.455944333092381,0.889,0.564,"2","RUVBL1"
0.72,0.336448300837355,0.44,0.492995019994904,0.825,0.396,"2","EXOSC5"
0.72,0.638650967205895,0.44,0.923024074970717,0.968,0.76,"2","NDUFB7"
0.72,0.402187705629876,0.44,0.585033138534712,0.73,0.281,"2","TK1"
0.72,0.752800739635862,0.44,1.0953408887089,0.841,0.497,"2","RHOT1"
0.72,0.79884613213397,0.44,1.1532643562317,0.921,0.647,"2","TXNDC17"
0.72,0.4681635148011,0.44,0.683644518757911,0.841,0.454,"2","CEP152"
0.72,0.868440328716279,0.44,1.31570694163936,0.667,0.261,"2","KCNK10"
0.72,0.535794123271481,0.44,0.773062236136409,1,1,"2","TUBA1B"
0.72,0.164172037437569,0.44,0.244754284337266,0.873,0.458,"2","RAB1B"
0.72,0.361299342471106,0.44,0.528209913354333,0.841,0.467,"2","RTCA"
0.72,0.669407760242753,0.44,0.97002845191462,0.889,0.512,"2","RPF1"
0.72,0.379959018074982,0.44,0.55075823414353,0.952,0.548,"2","DNAJB4"
0.719,0.401084091705625,0.438,0.593945165667189,0.762,0.303,"2","AIF1L"
0.719,0.548305650763956,0.438,0.794285874447875,0.984,0.793,"2","TMEM209"
0.719,1.09361967727071,0.438,1.58382080957967,0.857,0.499,"2","TMEM243"
0.719,0.458651721004876,0.438,0.670918838405564,0.857,0.501,"2","POU3F2"
0.719,0.899865646995597,0.438,1.30063835483253,0.952,0.683,"2","SRPK1"
0.719,0.180726468264832,0.438,0.261497939687599,0.984,0.739,"2","NUDCD2"
0.719,0.608532889730546,0.438,0.892903965819476,0.968,0.699,"2","MTND6P4"
0.719,0.398350856360449,0.438,1.06151303368227,0.968,0.746,"2","RP11-153M7.3"
0.719,0.470946456026153,0.438,0.686235504910925,1,0.766,"2","CH507-154B10.1"
0.719,0.472524394733266,0.438,0.682551954058999,1,0.816,"2","TPGS2"
0.719,0.299864480285478,0.438,0.433795686278115,0.984,0.715,"2","IGDCC4"
0.719,0.476838562263654,0.438,0.69166253965586,1,0.989,"2","RPS3AP6"
0.719,0.438414820126803,0.438,0.635318921816487,0.984,0.658,"2","NAA16"
0.719,0.284616841276257,0.438,0.412312150605465,0.841,0.456,"2","COQ5"
0.719,0.334503805479198,0.438,0.486662687642199,0.73,0.308,"2","PSRC1"
0.719,0.495096397267048,0.438,0.714694708458682,1,0.971,"2","CNN3"
0.718,0.268116693714922,0.436,0.387399930534873,1,0.782,"2","FGF13"
0.718,0.586535450787538,0.436,0.851033121901735,0.873,0.535,"2","PRPS2"
0.718,0.500698892792481,0.436,0.732918377258532,0.746,0.342,"2","MRPS2"
0.718,0.188959971392191,0.436,0.273517851720889,1,0.748,"2","RHEB"
0.718,0.556614481396108,0.436,0.806192914116338,0.825,0.438,"2","ACN9"
0.718,0.4251293525659,0.436,0.616247282115512,0.873,0.537,"2","SPDL1"
0.718,0.641727368708776,0.436,0.92607417231214,1,0.953,"2","TBCA"
0.718,0.452367206750882,0.436,0.652659596887062,1,0.996,"2","RPL9"
0.718,0.132905417752725,0.436,0.196682604098408,0.968,0.665,"2","CH507-24F1.2"
0.718,0.383701876623941,0.436,0.558925704791437,1,0.978,"2","AP1M1"
0.718,0.445809783095869,0.436,0.644754303684612,0.794,0.443,"2","PLK1"
0.718,0.605286234957174,0.436,0.918360669054434,0.968,0.616,"2","RP11-490H24.5"
0.718,0.736917601808667,0.436,1.07342346836349,0.651,0.243,"2","RP11-551L14.1"
0.718,0.258789806791554,0.436,0.3762364563954,0.952,0.613,"2","MRE11A"
0.718,0.632990626719222,0.436,0.913769938470251,1,0.888,"2","SPCS2"
0.718,0.29001028048801,0.436,0.420753278145709,1,0.872,"2","DNAH14"
0.718,0.620912852567528,0.436,1.17505260508996,0.635,0.2,"2","OAZ3"
0.718,0.219330478155641,0.436,0.318624527917143,0.937,0.512,"2","MRPS15"
0.717,0.611130380250506,0.434,0.885163530456912,0.952,0.656,"2","ATP11C"
0.717,0.3886251599774,0.434,0.569105270424607,0.825,0.382,"2","ENOX2"
0.717,0.450881394641478,0.434,0.651445934781847,1,0.91,"2","NDUFB11"
0.717,0.34146592419354,0.434,0.498533109399472,0.937,0.636,"2","AGTPBP1"
0.717,1.18981662819232,0.434,1.73014533194632,0.619,0.191,"2","RP11-71N10.1"
0.717,0.695421033001513,0.434,1.00667634276803,0.905,0.611,"2","MFF"
0.717,0.438354864782048,0.434,0.63800140823471,0.825,0.337,"2","RNU2-1"
0.717,0.428240023365886,0.434,0.620707231626564,0.873,0.454,"2","POP5"
0.717,0.327960543307465,0.434,0.477951574082155,0.873,0.506,"2","VSIG10"
0.717,0.372621206564233,0.434,0.539503163701521,0.984,0.836,"2","CUL5"
0.717,0.423971729812865,0.434,0.612909778706181,0.952,0.735,"2","PPT1"
0.716,1.2528794332574,0.432,1.94334467560003,0.651,0.254,"2","AFF2"
0.716,0.699389970439891,0.432,1.01563590878501,0.984,0.726,"2","TMSB15B"
0.716,0.172151942571399,0.432,0.252766449952017,0.698,0.315,"2","CAAP1"
0.716,0.492000191995566,0.432,0.717323870431802,0.683,0.256,"2","EXOSC4"
0.716,0.825241753066138,0.432,1.19882631418483,0.825,0.515,"2","NBN"
0.716,0.504121129856203,0.432,0.742684325752076,0.746,0.346,"2","FUCA2"
0.716,0.331081271251999,0.432,0.488382952304924,0.746,0.355,"2","CNPY3"
0.716,0.246983314294383,0.432,0.364723529819036,0.746,0.321,"2","RNF8"
0.716,0.600473712047997,0.432,0.869157425037287,0.921,0.665,"2","BRIX1"
0.716,0.669617548333855,0.432,0.980114539697816,0.968,0.584,"2","RP11-1079K10.4"
0.716,0.149540824125299,0.432,0.219174759773771,0.905,0.456,"2","FAM216A"
0.716,1.37344460197814,0.432,1.98391874681797,0.81,0.625,"2","NFYB"
0.716,0.381285783915043,0.432,0.71933918535513,1,0.813,"2","EEF1A1P4"
0.716,0.65309822331604,0.432,0.943527580132239,1,0.964,"2","TPR"
0.716,0.552088142386189,0.432,0.796522360190197,1,1,"2","STMN1"
0.715,0.330048673146286,0.43,0.482409004545393,0.81,0.357,"2","MED30"
0.715,0.449774413796169,0.43,1.30195851829405,0.683,0.272,"2","HAUS6P1"
0.715,0.838107675104117,0.43,1.2095752287528,1,0.935,"2","ARRDC3"
0.715,1.21066963415085,0.43,1.74764207127678,0.921,0.629,"2","TAF9"
0.715,0.287921292679209,0.43,0.618320036082739,0.952,0.663,"2","TMEM212"
0.715,0.956770643006526,0.43,1.38858625049904,0.857,0.51,"2","PMS1"
0.715,0.833648026978421,0.43,1.2124203822422,0.746,0.36,"2","MTIF2"
0.715,0.128608304742472,0.43,0.186694294977123,0.841,0.472,"2","CNDP2"
0.715,0.334450122195729,0.43,0.49037329027076,0.762,0.375,"2","KIAA0195"
0.715,0.879360380402535,0.43,1.2842725408051,0.984,0.78,"2","GABPB1-AS1"
0.715,0.523797584577116,0.43,0.766431927609284,0.556,0.144,"2","ZBTB16"
0.715,0.867356049533776,0.43,1.27224155587471,0.619,0.227,"2","C1orf112"
0.715,0.40709316319452,0.43,0.588367868780191,0.984,0.663,"2","RPA2"
0.714,0.340602573880642,0.428,0.492320012231376,0.952,0.685,"2","CHCHD3"
0.714,0.498484134916234,0.428,0.720379543827713,1,0.789,"2","AP3S1"
0.714,0.160746016152259,0.428,0.238272441975413,1,0.989,"2","EEF1A1P19"
0.714,1.17524353546121,0.428,1.70318859576463,0.762,0.443,"2","CLGN"
0.714,0.103641520053317,0.428,0.153383422388742,0.968,0.674,"2","CH507-254M2.1"
0.714,0.59403259024574,0.428,0.956823402439025,0.984,0.692,"2","AC079250.1"
0.714,0.599318254813987,0.428,1.03313120475441,1,0.993,"2","AC011747.4"
0.714,0.470859482146291,0.428,0.687223833693948,0.889,0.629,"2","CDC37"
0.714,0.246940553988186,0.428,0.358724766421303,0.857,0.521,"2","ZNF519"
0.714,0.283798806752976,0.428,0.412821439461484,0.889,0.494,"2","G6PC3"
0.714,0.546261545053558,0.428,0.791632281343894,0.841,0.517,"2","C17orf75"
0.714,1.18576826620735,0.428,1.83131072966993,0.508,0.083,"2","C16orf59"
0.714,0.750624572698798,0.428,1.08602473994923,0.905,0.598,"2","ICE2"
0.714,0.261169310281243,0.428,0.390976672959509,0.762,0.351,"2","E2F7"
0.714,0.445760650909039,0.428,0.644314150868217,0.968,0.791,"2","SPATS2"
0.714,0.317702315366272,0.428,0.459400448155469,1,0.665,"2","C11orf73"
0.714,0.166765447797141,0.428,0.627456289027755,0.81,0.458,"2","RP11-96C23.13"
0.714,0.678738334029281,0.428,0.985658635028753,0.952,0.793,"2","EFCAB2"
0.714,0.482192169170504,0.428,1.27578930773012,0.698,0.256,"2","HMGB3P6"
0.714,0.530784721726955,0.428,0.798172481211711,0.984,0.784,"2","RPS13P2"
0.714,0.625408870090538,0.428,0.903767400276953,1,0.831,"2","MINOS1"
0.713,0.843424866592825,0.426,1.2186956700776,0.984,0.811,"2","VBP1"
0.713,0.147842699147947,0.426,0.213356646081802,1,0.721,"2","PTTG1"
0.713,0.762038106691727,0.426,1.10285545349387,0.873,0.501,"2","COMMD10"
0.713,0.570788894959223,0.426,0.824522637300051,1,0.903,"2","DCUN1D4"
0.713,0.598511858804613,0.426,0.88274727553963,0.635,0.213,"2","FAM83D"
0.713,0.778602191440684,0.426,1.13941753143075,0.794,0.483,"2","RBL1"
0.713,0.274160951811915,0.426,0.401921967027924,0.794,0.402,"2","PPP5C"
0.713,0.557507778007994,0.426,0.833798922175295,0.73,0.342,"2","CHAF1A"
0.713,0.334799924945469,0.426,0.659218546253666,0.73,0.301,"2","RP11-159D12.6"
0.713,0.420649105723797,0.426,0.612555032927415,0.825,0.335,"2","RNU2-1.9"
0.713,0.848268548361533,0.426,1.23927646948044,1,0.834,"2","UBBP4"
0.713,1.59711364232465,0.426,2.35913220274125,0.73,0.308,"2","AC009133.21"
0.713,0.376434044996235,0.426,0.55757343460971,0.81,0.384,"2","AEN"
0.713,0.872253231636816,0.426,1.26911462568108,0.81,0.411,"2","ZWILCH"
0.712,1.11960659565882,0.424,1.63066541938148,0.841,0.425,"2","TBC1D31"
0.712,0.833427221684841,0.424,1.20517710663911,1,0.831,"2","PPIL4"
0.712,0.762291336566764,0.424,1.10391898088837,0.794,0.429,"2","CEP57L1"
0.712,0.259609540470487,0.424,0.377382842988122,0.905,0.566,"2","PDLIM7"
0.712,1.24263585600477,0.424,1.79743692293652,0.81,0.465,"2","CETN3"
0.712,0.203875183325239,0.424,0.297519653391157,0.857,0.49,"2","TENM3"
0.712,0.487529821255923,0.424,0.707864676713526,0.921,0.58,"2","WDR75"
0.712,0.250429534427844,0.424,0.362691748246727,0.984,0.748,"2","R3HDM1"
0.712,0.615051490594285,0.424,0.894170399731021,0.984,0.694,"2","SAFB"
0.712,0.0838081778575281,0.424,0.122780039063573,0.921,0.56,"2","RNF219"
0.712,0.577384301810338,0.424,0.836700674046861,0.873,0.587,"2","NSL1"
0.711,0.569229963882255,0.422,0.82465024424059,0.968,0.757,"2","CNTRL"
0.711,1.12545017302479,0.422,1.6680407377023,0.619,0.236,"2","ARSK"
0.711,0.353514696145779,0.422,0.511850663598023,0.984,0.658,"2","LSM6"
0.711,0.468788086497261,0.422,0.684584679322059,0.73,0.315,"2","MECOM"
0.711,0.837021735734918,0.422,1.21663456806897,0.794,0.476,"2","SNX4"
0.711,0.799964294320355,0.422,1.15736339590997,0.968,0.638,"2","IQCB1"
0.711,0.107615517297613,0.422,0.167923214691064,0.746,0.339,"2","MPST"
0.711,1.14391899255902,0.422,1.66847632762936,0.635,0.225,"2","MTFP1"
0.711,0.763832733662358,0.422,1.10681755380927,0.714,0.357,"2","AURKA"
0.711,0.418220462172943,0.422,0.607121078222164,0.952,0.654,"2","COPE"
0.711,0.326935517508019,0.422,0.477204219537863,0.778,0.346,"2","MRPL34"
0.711,0.481815232154745,0.422,0.699276099257931,0.889,0.519,"2","PRR11"
0.711,0.441923753635908,0.422,0.643400395677959,0.825,0.339,"2","RNU2-1.1"
0.711,0.464348680285153,0.422,0.890367707957807,0.667,0.249,"2","RP11-726G1.1"
0.711,0.404119368157298,0.422,0.594465978942813,0.683,0.267,"2","RNF26"
0.711,0.483500186350375,0.422,0.70107554200639,0.889,0.533,"2","FEN1"
0.711,0.119865681744161,0.422,0.173908555841929,1,0.807,"2","SLC16A1"
0.711,0.70071248444025,0.422,1.02784237744162,0.968,0.733,"2","RLF"
0.71,1.45179646505457,0.42,2.11475936849542,0.73,0.371,"2","DPY19L4"
0.71,0.487262392022576,0.42,0.704884963561813,0.937,0.69,"2","ORC3"
0.71,0.216009260553243,0.42,0.342005674392141,0.794,0.4,"2","USP49"
0.71,0.181286046702129,0.42,0.263329404805406,0.825,0.472,"2","PIGT"
0.71,1.32889442607462,0.42,1.94326323653606,0.571,0.157,"2","CTC-260E6.4"
0.71,0.397890845851148,0.42,0.58090097186209,0.81,0.33,"2","U2.2"
0.71,0.195277746200583,0.42,0.286076296685147,0.968,0.685,"2","NXN"
0.71,0.323409481480447,0.42,0.468826736200175,0.937,0.537,"2","POLD3"
0.71,0.701243352319027,0.42,1.12235407958798,0.571,0.164,"2","ARHGEF10L"
0.709,0.58003342276758,0.418,0.837221243885251,1,0.946,"2","HMGB3"
0.709,0.690923199796629,0.418,1.00018196494081,0.984,0.717,"2","TMSB15B.1"
0.709,0.282379222676311,0.418,0.412783164813974,0.746,0.33,"2","NUDT10"
0.709,0.417565842602208,0.418,0.606274338554138,0.778,0.321,"2","HIST1H3B"
0.709,0.251913705316138,0.418,0.370133059260198,0.937,0.517,"2","NOL7"
0.709,1.38590433197712,0.418,2.01362919727826,0.635,0.261,"2","C5orf34"
0.709,0.532808489153723,0.418,0.781034259887248,0.794,0.369,"2","GSTCD"
0.709,0.389095557166518,0.418,0.563525659260216,0.968,0.672,"2","DZIP3"
0.709,0.32642066640727,0.418,0.473531366874444,0.857,0.465,"2","STAMBP"
0.709,0.39410451667555,0.418,0.574113240972594,0.81,0.335,"2","RNU2-1.3"
0.709,0.384043882633686,0.418,0.554645882714693,1,0.915,"2","PTPLAD1"
0.709,0.944840653490466,0.418,1.36992690429914,0.73,0.335,"2","TGDS"
0.709,0.244876428711688,0.418,0.360295372389866,0.873,0.458,"2","DDX11"
0.709,0.404445642860072,0.418,0.588412647094489,1,0.991,"2","MTRNR2L8"
0.709,0.438207994164158,0.418,0.633094711841855,1,0.917,"2","CCAR1"
0.709,0.171852523416356,0.418,0.249556819396221,0.968,0.67,"2","LPHN2"
0.709,0.315489229534218,0.418,0.465486419375877,0.635,0.243,"2","ORC1"
0.708,0.216947555685733,0.416,0.325710480869168,0.73,0.299,"2","FAM127C"
0.708,0.704599853521544,0.416,1.03744526037446,0.635,0.263,"2","GYG2"
0.708,0.377584229658076,0.416,0.550245415842935,0.905,0.492,"2","C9orf16"
0.708,0.724795252106745,0.416,1.05036378496518,0.952,0.706,"2","SECISBP2"
0.708,0.653843368771919,0.416,0.945457111567467,0.905,0.685,"2","UTRN"
0.708,0.122591106360098,0.416,0.18170344722326,0.857,0.472,"2","MSH3"
0.708,0.611099372082586,0.416,0.883255054647135,0.921,0.67,"2","NUP54"
0.708,0.108819110594767,0.416,0.160639811529245,1,0.744,"2","CH507-338C24.1"
0.708,0.203238849283268,0.416,0.295292777536713,0.762,0.366,"2","ITPA"
0.708,0.704691614097509,0.416,1.01728673943466,1,0.971,"2","SUMO1"
0.708,0.568640780575796,0.416,0.870491743934497,0.857,0.521,"2","POTEI"
0.708,0.204897718449864,0.416,0.300473217605197,0.968,0.609,"2","UHRF1"
0.708,0.363493614716422,0.416,0.525483132491624,0.968,0.634,"2","PHB"
0.708,0.287081121790636,0.416,0.417849371628637,0.857,0.638,"2","NUBP2"
0.708,0.38973046976831,0.416,0.562350336410359,1,0.984,"2","TPT1"
0.708,0.165434264445768,0.416,0.239394591896765,0.984,0.746,"2","PHB2"
0.708,0.192377948308391,0.416,0.281303191564555,0.778,0.416,"2","CWF19L1"
0.708,0.342452006653959,0.416,0.496299393495769,0.81,0.461,"2","TMEM254"
0.708,0.253236267768887,0.416,0.366460898346471,0.968,0.757,"2","PIK3R3"
0.707,0.581497220303256,0.414,0.85334327502496,1,0.998,"2","TBC1D8B"
0.707,2.95117819952538,0.414,4.32062425728483,0.46,0.045,"2","SHH"
0.707,1.04109138847241,0.414,1.50696444868444,0.746,0.431,"2","C6orf211"
0.707,0.205963523291792,0.414,0.299990886584346,0.857,0.467,"2","MRPL44"
0.707,0.425152638817037,0.414,0.61900092298496,0.81,0.339,"2","RNU2-1.10"
0.707,0.339742271259402,0.414,0.495540822300431,0.81,0.335,"2","RNU2-1.7"
0.707,0.339742271259402,0.414,0.495540822300431,0.81,0.335,"2","RNU2-1.6"
0.707,0.339742271259402,0.414,0.495540822300431,0.81,0.335,"2","RNU2-1.5"
0.707,0.339742271259402,0.414,0.495540822300431,0.81,0.335,"2","RNU2-1.4"
0.707,0.388565161508274,0.414,0.566167516797935,0.81,0.337,"2","RNU2-1.2"
0.707,0.418288794171266,0.414,0.603545138297646,1,0.991,"2","SRP14"
0.707,0.794045987677917,0.414,1.21819811886109,1,0.987,"2","L2HGDH"
0.707,0.216636038934075,0.414,0.316907482504135,0.921,0.557,"2","MZT1"
0.707,0.28416383693648,0.414,0.545205463079367,1,1,"2","HELLPAR"
0.707,0.438096831983922,0.414,0.634873660980531,0.778,0.382,"2","TROAP"
0.707,0.437307892729498,0.414,0.630912141765556,1,1,"2","RP11-386G11.10"
0.707,0.350569682064288,0.414,0.517553752091519,0.937,0.638,"2","SF3B4"
0.707,1.27666962658206,0.414,1.85334492477568,0.683,0.31,"2","RWDD3"
0.707,0.398604828036231,0.414,0.681748234352211,0.54,0.135,"2","RP4-694A7.2"
0.706,0.489694858574488,0.412,0.710749403739124,0.825,0.431,"2","RFC2"
0.706,0.39932558695764,0.412,0.588676608630062,0.857,0.494,"2","FAM175A"
0.706,0.163229541038385,0.412,0.247161187790517,0.857,0.467,"2","AP1B1"
0.706,0.231373231772498,0.412,0.335079661122385,1,0.998,"2","FSIP2"
0.706,0.223200464849683,0.412,0.329853142657988,0.905,0.618,"2","pk"
0.706,0.323932759134432,0.412,0.468828581375201,0.937,0.64,"2","GPN1"
0.706,0.464181077105258,0.412,0.674204311347371,0.921,0.674,"2","ZNF43"
0.706,0.324379588955335,0.412,0.473824506035781,0.794,0.425,"2","CTC-260E6.6"
0.706,0.345194118059617,0.412,0.503393525003838,0.81,0.335,"2","RNU2-1.8"
0.706,0.423816706231656,0.412,0.615232081171682,0.698,0.281,"2","NT5C3B"
0.706,0.391180892291851,0.412,0.567798964297762,0.762,0.409,"2","LHFP"
0.706,0.231979799361173,0.412,0.335248738210575,0.968,0.654,"2","NR2C1"
0.706,0.591944002695092,0.412,0.860593632676977,0.81,0.398,"2","MRPL11"
0.706,1.16606436497543,0.412,1.68627013346248,0.905,0.697,"2","VPS26A"
0.705,0.440372818846433,0.41,0.636555364191279,0.968,0.703,"2","STOML2"
0.705,1.2550689661396,0.41,1.82889739764283,0.937,0.618,"2","RIMS2"
0.705,0.480195236482897,0.41,0.848247829071697,0.651,0.249,"2","HLA-H"
0.705,0.36606498731085,0.41,0.529230436625909,0.81,0.371,"2","HIST1H1B"
0.705,0.574080318936927,0.41,0.857058992271082,0.508,0.101,"2","PCSK1"
0.705,0.461449927335947,0.41,0.675329074257239,0.873,0.584,"2","GUSBP9"
0.705,0.191670492284083,0.41,0.276677087273029,1,0.818,"2","OSTC"
0.705,0.4518707367332,0.41,0.652586479301345,0.984,0.809,"2","ADH5"
0.705,0.78452513022549,0.41,1.14437529879381,0.667,0.31,"2","RPL39L"
0.705,0.644140338510056,0.41,0.934044343684915,0.857,0.557,"2","THOC7"
0.705,1.26664471734142,0.41,2.04774364421925,0.587,0.182,"2","AC091492.2"
0.705,0.408149009116432,0.41,0.591341060402308,0.968,0.658,"2","JAM2"
0.705,0.551653075642822,0.41,0.799487399468466,0.937,0.672,"2","MSH2"
0.705,0.387691319845905,0.41,0.564190667163422,0.841,0.454,"2","PTRHD1"
0.705,0.960989007281292,0.41,1.40928973099582,0.825,0.454,"2","ZFP30"
0.705,0.473243551488794,0.41,0.683912934622519,0.952,0.742,"2","THOC1"
0.705,0.333370613462292,0.41,0.505391906441933,1,0.62,"2","MTRNR2L1"
0.705,0.490310789098461,0.41,0.712900074024749,1,1,"2","RP11-346D14.1"
0.705,0.376866541303439,0.41,0.54508684411867,1,0.921,"2","SNRPF"
0.705,0.526453278755369,0.41,0.772017037186758,0.968,0.663,"2","RP11-887P2.3"
0.705,0.679029256778212,0.41,1.55321033805808,0.825,0.56,"2","COLCA1"
0.705,1.52916152145598,0.41,2.29253739136789,0.54,0.137,"2","RP11-365O16.1"
0.705,1.16255424000581,0.41,1.68542870637442,0.841,0.555,"2","UCHL5"
0.705,0.136462195572611,0.41,0.197442302681665,0.968,0.654,"2","ACADM"
0.704,0.40524104589862,0.408,0.584674928871655,1,0.982,"2","RPL39"
0.704,0.612662255271496,0.408,0.884650658781046,0.984,0.807,"2","SH3BGRL"
0.704,0.0855831160477196,0.408,0.123964102003963,0.921,0.602,"2","MCM4"
0.704,0.403122001330285,0.408,0.588741283890042,0.667,0.256,"2","RP11-11N9.4"
0.704,0.291651942322395,0.408,0.423825543870163,0.889,0.562,"2","SLC35B4"
0.704,0.760707855593272,0.408,1.10537127043902,0.984,0.73,"2","POLR2J4.1"
0.704,0.611934970041929,0.408,0.896126204613807,0.635,0.238,"2","MAATS1"
0.704,1.01305370626968,0.408,1.51131914320519,0.778,0.366,"2","EMC3-AS1"
0.704,0.387508152165925,0.408,0.560054026088952,0.952,0.778,"2","CRYZL1"
0.704,0.741869731404184,0.408,1.07690172290465,0.81,0.49,"2","RBBP8"
0.704,0.102088828783356,0.408,0.14817492131008,0.968,0.611,"2","GPS2"
0.704,0.253869866533563,0.408,0.36961963756346,0.984,0.78,"2","MRPL57"
0.704,0.537701202512026,0.408,0.900012908037673,0.794,0.362,"2","RP11-864N7.2"
0.704,0.771724903496515,0.408,1.1234640825669,0.937,0.742,"2","CD82"
0.704,0.58953755726115,0.408,0.853336722058937,0.81,0.47,"2","CCBL2"
0.703,1.6317444068449,0.406,2.54009047164529,0.46,0.058,"2","HTR2C"
0.703,1.50871149301138,0.406,2.2398630319694,0.508,0.101,"2","C9orf116"
0.703,0.827358411078206,0.406,1.19828114311048,0.937,0.694,"2","LSM8"
0.703,0.475463215155425,0.406,0.686308898905926,1,0.964,"2","QKI"
0.703,0.964465545304297,0.406,1.40572383052253,0.698,0.321,"2","CENPQ"
0.703,0.617432194236742,0.406,0.894468836240418,0.873,0.578,"2","UBLCP1"
0.703,0.674293596629307,0.406,1.02617090968939,0.984,0.924,"2","UGT8"
0.703,0.404759149184605,0.406,0.586128891630858,0.952,0.645,"2","GPX1"
0.703,0.77706501107823,0.406,1.20476339806229,0.841,0.494,"2","CCDC117"
0.703,0.130752044291214,0.406,0.189445881815284,0.952,0.721,"2","ACAA2"
0.703,0.288750836752904,0.406,0.420631761765788,0.746,0.369,"2","BLMH"
0.703,0.576674980024396,0.406,0.836643071334487,0.762,0.409,"2","PHYH"
0.703,0.951434329051239,0.406,1.37307050121158,0.984,0.874,"2","CDC42BPA"
0.703,0.615176234808361,0.406,0.903867449393737,0.778,0.407,"2","TYW3"
0.702,0.313713863655597,0.404,0.454651456943019,0.937,0.602,"2","PBDC1"
0.702,0.361257563629102,0.404,0.52678492160757,0.952,0.793,"2","PDIA4"
0.702,0.339916277160015,0.404,0.493950237974642,0.905,0.658,"2","CUL1"
0.702,0.598309732421756,0.404,0.890128094580523,0.603,0.225,"2","ANKRD6"
0.702,0.334452657071943,0.404,0.500726024010277,0.635,0.236,"2","KIFC1"
0.702,0.326945979393957,0.404,0.485275171843712,0.778,0.382,"2","HLA-A"
0.702,0.676569277755055,0.404,0.977690873774337,0.952,0.798,"2","PAIP1"
0.702,0.479000702172534,0.404,0.693913195709091,0.921,0.656,"2","DNAJC19"
0.702,0.500662753936738,0.404,0.723596087880042,0.905,0.613,"2","ACTL6A"
0.702,0.442767812077059,0.404,0.740548734509397,0.984,0.593,"2","HNRNPA3P6"
0.702,0.422643065227234,0.404,0.610533426491783,1,0.874,"2","PSMD14"
0.702,0.413798529107388,0.404,0.599009276462713,0.873,0.607,"2","NFU1"
0.702,0.233234233350278,0.404,0.338902128721462,0.81,0.353,"2","GEMIN7"
0.702,0.46590565847539,0.404,0.682308541948305,0.873,0.566,"2","GJC1"
0.702,0.402057030344072,0.404,0.625870790631551,0.698,0.285,"2","RP11-529K1.3"
0.702,0.511632419186265,0.404,0.763874184655307,0.651,0.252,"2","REC8"
0.702,0.463645055018662,0.404,0.670988747581516,0.905,0.524,"2","NUP37"
0.702,0.202266643522954,0.404,0.294848653977859,0.73,0.308,"2","TARBP2"
0.702,0.615696136630113,0.404,0.890058194360819,1,0.903,"2","SLC38A1"
0.702,0.196217780566912,0.404,0.28399891886804,0.984,0.742,"2","UBXN1"
0.702,0.229507611552195,0.404,0.363676745320846,0.825,0.499,"2","PDE3B"
0.702,0.73659364347542,0.404,1.09160618684247,0.698,0.357,"2","DARS2"
0.702,0.330809315881297,0.404,0.478056612867116,1,0.755,"2","SNRNP40"
0.701,1.10289966859313,0.402,1.63742748285178,0.683,0.308,"2","ARHGEF39"
0.701,0.878556957000829,0.402,1.52093661699352,0.556,0.166,"2","DMRTA1"
0.701,0.181812484596981,0.402,0.263757148564763,0.841,0.461,"2","PPIL1"
0.701,0.481928256740885,0.402,0.702518445382163,0.937,0.701,"2","CENPC"
0.701,0.671178555210138,0.402,0.973750073019206,0.762,0.387,"2","SMIM4"
0.701,0.578751674886805,0.402,0.836045176752231,0.921,0.604,"2","SNHG17"
0.701,0.675685642568079,0.402,0.97885838182991,0.984,0.849,"2","XRN2"
0.701,0.457047552292414,0.402,0.787782083360856,0.683,0.265,"2","PRKACA"
0.701,0.550827680856205,0.402,0.804646617558753,0.619,0.225,"2","ECSIT"
0.701,0.378933997732561,0.402,0.548505176125738,1,0.917,"2","HNRNPM"
0.701,0.319992241981273,0.402,1.0211141152073,0.635,0.204,"2","AC005822.1"
0.701,0.487700372307606,0.402,0.703804653975396,1,0.948,"2","PSMA4"
0.701,0.631467214015439,0.402,0.917015581755512,0.73,0.312,"2","SNAPC5"
0.701,0.510263650995669,0.402,0.736993092695755,1,0.98,"2","MAPK1IP1L"
0.701,0.340161808554807,0.402,0.490780320299285,1,0.998,"2","HMGB1"
0.701,0.298674554668598,0.402,0.432217749885739,0.889,0.609,"2","ANAPC7"
0.701,0.572710916053102,0.402,0.829449609567712,0.952,0.755,"2","CAPRIN1"
0.701,0.245864314132529,0.402,0.358191679341971,0.746,0.436,"2","RNH1"
0.701,0.476871293472499,0.402,0.692004922791316,0.921,0.652,"2","GPBP1L1"
0.701,0.2724030720832,0.402,0.400042924804215,0.635,0.213,"2","APITD1"
0.995,7.29427196504672,0.99,10.6904856578234,1,0.285,"3","COL3A1"
0.995,4.96891563665614,0.99,7.20247962153155,1,0.069,"3","S100A11"
0.989,7.30272411950846,0.978,10.5757377972913,1,0.257,"3","DCN"
0.981,6.21038442602001,0.962,8.96806437502184,1,0.363,"3","LUM"
0.977,5.47905154271201,0.954,7.95657339285265,0.982,0.131,"3","MFAP4"
0.977,7.82619606267811,0.954,12.3831948221418,0.982,0.131,"3","POSTN"
0.976,4.3517169520044,0.952,6.29525977681715,0.982,0.279,"3","COL1A2"
0.972,5.78997584902952,0.944,8.6269838693465,0.982,0.361,"3","COL1A1"
0.964,3.46880183853317,0.928,5.13960849709609,0.982,0.168,"3","DDR2"
0.96,4.02205039151389,0.92,6.24934801483632,0.964,0.131,"3","BNC2"
0.958,4.00850233835193,0.916,6.95098759262431,0.946,0.15,"3","COL5A1"
0.95,2.31759543327603,0.9,3.34365304054963,1,0.996,"3","FTL"
0.945,4.59110459034835,0.89,7.26566487911509,0.929,0.117,"3","HAS2"
0.942,3.42777563383208,0.884,4.94922737407315,1,0.414,"3","ANXA2"
0.941,4.88483774040764,0.882,7.06029861874857,0.946,0.177,"3","LGALS1"
0.938,2.81031741972283,0.876,4.05527155640157,1,0.77,"3","B2M"
0.938,8.1370821428285,0.876,12.1045570739568,0.893,0.069,"3","H19"
0.936,3.23843707591139,0.872,4.67269527182554,1,0.869,"3","SPARC"
0.934,6.09956780385439,0.868,11.2043639040001,0.893,0.142,"3","COL6A3"
0.929,3.26466346185746,0.858,4.71264402945286,0.982,0.668,"3","IFITM3"
0.928,1.41057432755553,0.856,2.03509700872927,1,0.987,"3","RPL10"
0.928,3.5419093878685,0.856,5.12473974273326,0.911,0.173,"3","RBMS3"
0.928,3.56339913705146,0.856,5.4001804768068,0.911,0.208,"3","COL5A2"
0.928,1.45889287841122,0.856,2.10491977568739,1,0.987,"3","RPL23A"
0.928,2.5125861951852,0.856,3.6269420350292,1,0.98,"3","UBE2Q2P6.1"
0.925,2.90382532642519,0.85,4.2386809443813,0.964,0.338,"3","CDH11"
0.919,3.24255220864461,0.838,4.68611299560053,0.964,0.436,"3","TIMP1"
0.919,1.43288000389874,0.838,2.06725032396697,1,0.989,"3","RPS18"
0.918,6.01667888231048,0.836,9.4257227722099,0.875,0.113,"3","CRISPLD2"
0.918,2.32825510501985,0.836,4.01882168138748,0.893,0.119,"3","AHNAK"
0.918,2.88247410315618,0.836,4.16918127020133,0.946,0.456,"3","IFITM1"
0.916,3.25428752268333,0.832,4.70085577921454,1,0.67,"3","FN1"
0.914,2.42562964029024,0.828,3.62607115022625,0.964,0.531,"3","B4GALT1"
0.913,1.4700359314087,0.826,2.12088856564237,1,0.987,"3","RPL31"
0.913,3.57055010558271,0.826,5.24596116755172,0.893,0.135,"3","MMP2"
0.912,1.98824814235566,0.824,2.87027421699719,1,0.878,"3","PPIB"
0.907,1.30483239649081,0.814,1.88263072667584,1,0.987,"3","RPL30"
0.904,1.65139232097419,0.808,2.38559560001787,1,0.969,"3","CALR"
0.903,4.85677271985195,0.806,7.28896986035174,1,0.991,"3","SERPINB9"
0.902,4.55837324470332,0.804,6.68194405475848,0.875,0.128,"3","NID2"
0.898,1.12473812240813,0.796,1.62267645327014,1,0.987,"3","RPS27"
0.897,4.66808896470595,0.794,6.9911488572471,0.839,0.088,"3","TPM2"
0.897,1.96385643827792,0.794,2.83442066631923,1,0.821,"3","OSTC"
0.897,1.72423198310437,0.794,2.80235632180008,0.893,0.17,"3","FOSL2"
0.894,5.52961212366209,0.788,8.48577917034162,0.821,0.084,"3","SNAI2"
0.893,1.89615127509878,0.786,2.73650345129897,1,0.743,"3","LDHA"
0.891,3.75239096943688,0.782,5.63616372084891,0.839,0.146,"3","GXYLT2"
0.888,1.59880202689309,0.776,2.30731181216985,1,0.947,"3","OST4"
0.888,1.88487778972068,0.776,2.74414886278954,0.982,0.527,"3","MYADM"
0.887,1.1235474435151,0.774,1.62099763382379,1,0.996,"3","RPL15"
0.885,5.374590697813,0.77,8.10790191447708,0.804,0.082,"3","MME"
0.884,2.67174618512645,0.768,3.95933683928487,0.821,0.093,"3","DLC1"
0.883,1.49174005660052,0.766,2.15302011947441,1,0.967,"3","SEC31A"
0.883,2.89182406619631,0.766,4.17791943933164,0.946,0.518,"3","IFITM2"
0.88,1.56430753910905,0.76,2.26160349153646,1,0.768,"3","LAPTM4A"
0.88,3.75464851080509,0.76,5.66859531941334,0.839,0.115,"3","ZFP36"
0.88,2.26211287894108,0.76,3.2986894301343,0.911,0.279,"3","THBS1"
0.879,5.78073195147738,0.758,8.7722157077451,0.786,0.06,"3","TGFBI"
0.879,1.24962550377014,0.758,1.80305778887928,1,0.985,"3","TPT1"
0.878,1.12677462616738,0.756,1.62560500748538,1,1,"3","EEF1A1"
0.877,1.47997912236463,0.754,2.13580607540725,1,0.94,"3","ARF4"
0.877,2.21887509242208,0.754,3.22879242770265,0.929,0.265,"3","EMP3"
0.875,2.31597610300018,0.75,3.35229913063686,0.964,0.436,"3","GPX8"
0.875,5.6405875352212,0.75,8.30843105844056,0.786,0.077,"3","S100A10"
0.871,6.07514110110634,0.742,11.1545508194227,0.75,0.018,"3","PITX2"
0.87,4.21141443116514,0.74,6.26652028668556,0.786,0.086,"3","PDGFRB"
0.87,1.14859906595563,0.74,1.65713506101106,1,0.978,"3","RPS29"
0.868,1.14219993347055,0.736,1.65047424551793,1,0.976,"3","SH3D19"
0.867,1.69184074357819,0.734,2.44735854966121,0.964,0.695,"3","TMEM263"
0.866,1.66195191939256,0.732,2.39964698337471,1,0.896,"3","CALU"
0.866,2.02643438033193,0.732,2.93719817173235,0.893,0.25,"3","P4HA2"
0.865,2.26284406034375,0.73,3.27853467923404,0.946,0.613,"3","IL6ST"
0.865,1.47602692395844,0.73,2.12995087301561,1,0.914,"3","CD63"
0.864,1.83042435750891,0.728,2.65865925972582,0.964,0.467,"3","FAM114A1"
0.863,2.22954298435624,0.726,3.22038773528926,0.982,0.71,"3","MEST"
0.863,1.13752061577038,0.726,1.64110993748503,1,0.998,"3","RPL41"
0.863,1.44926052336071,0.726,2.09207355714282,1,0.987,"3","SAR1A"
0.862,2.85096323634939,0.724,4.22582016347842,0.839,0.19,"3","SLIT3"
0.862,1.22764583220369,0.724,1.77122261639117,1,0.985,"3","RPS23"
0.862,4.70732279335782,0.724,7.15415027782257,0.768,0.066,"3","NFKBIZ"
0.86,1.12069935831292,0.72,1.6169097507822,1,0.991,"3","RPS6"
0.858,1.0734952488138,0.716,1.54897914100294,1,0.969,"3","RPS12"
0.857,2.31000573971788,0.714,3.33651276277723,1,0.834,"3","CALD1"
0.857,1.05703195737848,0.714,1.52504631081315,1,0.998,"3","RPS3A"
0.857,1.79811225891735,0.714,2.70519503371621,0.893,0.319,"3","RRBP1"
0.857,1.31510348886871,0.714,1.94054930631235,0.893,0.277,"3","RBMS1"
0.857,2.72498382075015,0.714,4.31181472299601,0.839,0.173,"3","KCTD12"
0.856,3.45710378697812,0.712,5.00581787872679,0.768,0.126,"3","MEG3"
0.855,1.26764644772538,0.71,1.82901625998319,1,0.982,"3","RPL12"
0.855,3.08658013063952,0.71,4.61873911980278,0.839,0.23,"3","SDC4"
0.854,2.1005243576879,0.708,3.04074849179375,1,0.659,"3","FSTL1"
0.853,1.14929897458455,0.706,1.65856258990893,1,0.989,"3","HSP90B1"
0.852,1.84158355151243,0.704,2.66453073929402,0.964,0.454,"3","LAMB1"
0.849,1.62199673567637,0.698,2.34168622703794,1,0.785,"3","ANXA5"
0.849,1.91944092461753,0.698,2.77286228055934,0.946,0.856,"3","TPM1"
0.849,1.15160353807526,0.698,1.70444943680519,0.893,0.358,"3","SERPINH1"
0.848,2.94151623577913,0.696,4.3089258933099,0.964,0.527,"3","COL6A1"
0.846,2.09511927927391,0.692,3.02519634703087,0.982,0.644,"3","MFAP2"
0.844,1.59310395472416,0.688,2.30002080053527,1,0.867,"3","HDLBP"
0.844,3.57363901434153,0.688,6.38315958494806,0.714,0.038,"3","PTRF"
0.841,1.26654671530277,0.682,2.94281467728278,0.804,0.17,"3","ANXA2P2"
0.841,1.02467107536145,0.682,1.47843194050353,1,0.993,"3","EIF1"
0.841,1.71641938732531,0.682,2.48975336194279,0.929,0.478,"3","CDKN1C"
0.84,0.901044960191367,0.68,1.29998802100828,1,0.987,"3","RPL34"
0.84,2.64674555948019,0.68,3.87074144607203,0.75,0.113,"3","CCDC80"
0.84,2.12311710176729,0.68,3.07451092068747,0.946,0.527,"3","LIMA1"
0.84,3.46085486657178,0.68,5.04354894266727,0.821,0.277,"3","F3"
0.839,1.62364129449744,0.678,2.34733546651114,1,0.717,"3","IGDCC4"
0.839,4.07231388009024,0.678,9.43319027719335,0.696,0.031,"3","CD248"
0.838,3.99018811384871,0.676,6.78979207101217,0.714,0.066,"3","DSP"
0.838,0.798314879531462,0.676,1.15179778643527,1,0.996,"3","RPL13A"
0.837,2.0234499234325,0.674,2.92472333527964,0.982,0.796,"3","AXL"
0.836,2.44628904686971,0.672,3.56986482671955,0.964,0.529,"3","FNDC3B"
0.836,6.53871458650998,0.672,10.5639499354343,0.696,0.055,"3","OLFML3"
0.835,2.0831073591762,0.67,3.11607478590231,0.893,0.321,"3","DSE"
0.834,1.07127701960138,0.668,1.54556456591265,1,0.993,"3","RPL7"
0.833,0.941112733987685,0.666,1.35777822716319,1,0.993,"3","RPS14"
0.833,4.90863591954254,0.666,7.74391693640954,0.696,0.046,"3","PDGFRA"
0.833,0.783484248037441,0.666,1.13034295821717,1,0.998,"3","RPL21"
0.833,0.980043448195921,0.666,1.41393991326587,1,0.996,"3","RPS3"
0.832,3.17351452006042,0.664,4.83268369850426,0.75,0.148,"3","MYLIP"
0.832,0.993459093350321,0.664,1.43339975019953,1,0.973,"3","RPS5"
0.831,3.23787417765709,0.662,4.83957823105167,0.75,0.17,"3","PPIC"
0.831,1.31049447845979,0.662,1.89632912770098,0.982,0.723,"3","P4HA1"
0.83,4.52597631926628,0.66,6.66236332661531,0.696,0.073,"3","COL21A1"
0.83,1.58150721905628,0.66,2.31414031499154,0.839,0.243,"3","SEC24D"
0.83,2.44414543549625,0.66,3.63673095680725,0.786,0.192,"3","ADAMTS1"
0.83,3.78162814901082,0.66,5.5712856689999,0.75,0.142,"3","SLC40A1"
0.83,2.70081891941962,0.66,6.66956693553438,0.679,0.029,"3","PEAR1"
0.829,1.18628915468449,0.658,1.72245306012415,0.982,0.633,"3","LMAN1"
0.828,1.44526168493985,0.656,2.0954806399158,0.911,0.5,"3","KLF10"
0.827,0.94203204336274,0.654,1.35934452210699,1,0.996,"3","EIF2S3"
0.827,3.04348970919189,0.654,4.41857197812828,0.732,0.166,"3","TFPI"
0.827,4.12348206349399,0.654,6.04114740139532,0.696,0.075,"3","LINC00152"
0.827,1.6986921137722,0.654,2.5029039330401,0.821,0.263,"3","RP11-244F12.2"
0.826,1.50205207774721,0.652,2.17496779838623,0.982,0.843,"3","DNAJC3"
0.826,1.23201119256244,0.652,1.88129337647861,1,0.998,"3","KCNQ1OT1"
0.826,1.58615557232093,0.652,2.29542227147586,1,0.772,"3","KLF6"
0.825,1.2683330712499,0.65,1.8725183101879,0.982,0.593,"3","NEAT1"
0.824,1.98271878688061,0.648,2.90373411596739,0.821,0.21,"3","SERTAD1"
0.824,1.05009617875544,0.648,1.51524444588552,1,0.969,"3","SERF2"
0.823,2.22434943763805,0.646,3.22541126825584,0.839,0.345,"3","SERPINB6"
0.823,1.82760089168084,0.646,2.64577579423898,0.911,0.502,"3","CRABP2"
0.822,2.35122862670738,0.644,3.43863259321981,0.875,0.507,"3","FBLN1"
0.822,0.803202655182417,0.644,1.15889351347925,1,0.989,"3","RPS27A"
0.822,0.915733679780812,0.644,1.32121644324756,1,0.978,"3","RPL19"
0.821,4.11213541445701,0.642,6.16285442917786,0.661,0.04,"3","CPED1"
0.82,2.62876617818638,0.64,3.87469543901072,0.804,0.263,"3","NRP2"
0.82,0.966117873320247,0.64,1.39392652861531,1,0.987,"3","RPL17"
0.82,3.42624977150503,0.64,5.04393007221954,0.75,0.159,"3","ITGA5"
0.82,5.91105764544984,0.64,8.61041297446744,0.696,0.104,"3","MGP"
0.819,0.87053143427635,0.638,1.25607091538164,1,0.978,"3","RPLP1"
0.817,0.826863506979272,0.634,1.19303961475554,1,1,"3","SRSF6"
0.816,1.30212035073879,0.632,1.88855262437169,0.982,0.67,"3","KDELR2"
0.816,0.811197224313952,0.632,1.17047147976745,1,0.982,"3","RPL14"
0.816,1.72230333462069,0.632,2.676488516651,0.768,0.17,"3","MAFF"
0.815,0.886110981682339,0.63,1.27847995518429,1,0.98,"3","RPS28"
0.815,1.36457440875763,0.63,1.97743071420683,0.982,0.912,"3","SEC22B"
0.814,1.75594784024198,0.628,2.54876196989587,1,0.743,"3","CD99.1"
0.814,1.75594784024198,0.628,2.54876196989587,1,0.743,"3","CD99"
0.813,2.04301432293834,0.626,3.03056955669334,0.714,0.111,"3","ITPR2"
0.813,2.31096849923675,0.626,3.40129164175192,0.679,0.066,"3","TGFB2"
0.812,2.93736783884669,0.624,5.0159022435871,0.661,0.042,"3","NFATC2"
0.812,1.50602562761837,0.624,2.17466528831027,1,0.799,"3","RND3"
0.812,3.53081166900558,0.624,5.23602097261125,0.661,0.049,"3","FXYD5"
0.811,1.75094332081488,0.622,2.58831655640242,0.839,0.434,"3","AAED1"
0.811,2.1808381653293,0.622,3.23059905073009,0.768,0.181,"3","AC008440.5"
0.811,4.18683836750673,0.622,6.34740664767233,0.661,0.06,"3","GLT8D2"
0.811,3.76957064474674,0.622,5.51604833751088,0.696,0.139,"3","KRT8"
0.81,5.4230996351701,0.62,10.2542477261521,0.661,0.077,"3","SERPINE1"
0.81,3.54991962920648,0.62,5.25692573300424,0.679,0.102,"3","KDELR3"
0.81,0.735549779311038,0.62,1.06130823740247,1,0.993,"3","TMSB10"
0.81,2.38621245987284,0.62,3.5262393622854,0.804,0.265,"3","ATF3"
0.809,0.75500825022516,0.618,1.08934240782446,1,0.993,"3","RPS25"
0.808,1.58348170646497,0.616,2.34459687788672,0.875,0.403,"3","CREB3L2"
0.808,1.57907121708321,0.616,2.34604473352524,0.893,0.403,"3","SEMA5A"
0.808,3.23175271399696,0.616,5.41527002444325,0.661,0.058,"3","COL6A2"
0.808,3.22380738503348,0.616,4.68908706237856,0.804,0.341,"3","FRZB"
0.808,2.73385155106876,0.616,4.44019068156016,0.661,0.062,"3","DNM3OS"
0.192,1.04713298840806,0.616,1.55234914016383,0.214,0.785,"3","SUMO2P17"
0.807,1.44766520912465,0.614,2.09040289547611,1,0.841,"3","SSR3"
0.807,0.962787158551726,0.614,1.40709330324744,1,0.96,"3","AC010761.8"
0.807,3.03977086070223,0.614,4.77958373485717,0.75,0.237,"3","COL4A1"
0.806,5.62916911491881,0.612,8.67312917734255,0.643,0.055,"3","IGFBP3"
0.806,1.10255585855873,0.612,1.59143843869358,1,0.951,"3","ZFAS1"
0.805,0.981632232454198,0.61,1.41638831902546,1,0.949,"3","RPS21"
0.805,1.2400378004206,0.61,1.79881554248455,0.946,0.602,"3","ARCN1"
0.804,0.799018822367804,0.608,1.15286317830582,1,0.987,"3","RPL29"
0.804,1.03026457269965,0.608,1.4864881755321,1,0.982,"3","RPL36"
0.804,2.64281806963112,0.608,4.10142755421585,0.732,0.162,"3","ARHGAP28"
0.803,0.965453677474689,0.606,1.39354102473478,1,0.905,"3","SEC61G"
0.803,1.48608076585412,0.606,2.14602997576815,0.982,0.662,"3","MYL12A"
0.802,0.801765512640175,0.604,1.1568467420997,1,0.996,"3","RPL41.1"
0.802,0.829639167748253,0.604,1.19694718845674,1,1,"3","RPL3"
0.802,0.903431941112109,0.604,1.30339231701224,1,0.96,"3","AL162151.3"
0.802,1.47838199056943,0.604,2.13670509101856,0.929,0.56,"3","OAT"
0.801,2.11073731083627,0.602,3.09490902589063,0.821,0.294,"3","FILIP1L"
0.801,4.56350857064064,0.602,6.6576995861207,0.661,0.1,"3","TAGLN"
0.8,1.90864494800123,0.6,2.75514661844489,0.946,0.555,"3","GPC3"
0.8,6.07182697483088,0.6,9.92478396992698,0.625,0.035,"3","AQP1"
0.8,2.00424489824501,0.6,2.91875807787009,0.696,0.144,"3","DAB2"
0.8,1.7664760251629,0.6,2.56584840948039,0.839,0.367,"3","XBP1"
0.8,0.766570784112075,0.6,1.10597658641277,1,0.998,"3","RPL37A"
0.799,2.34165929538255,0.598,3.39354473511693,0.768,0.283,"3","SULF1"
0.799,0.936298296907941,0.598,1.35082839600247,1,1,"3","H3F3B"
0.799,0.811707302862283,0.598,1.17136718635776,1,0.883,"3","RP11-138I1.4"
0.799,1.50991239196165,0.598,2.18086801838631,1,0.896,"3","TMED2"
0.799,1.78143759329154,0.598,2.5859875045959,0.911,0.445,"3","CYR61"
0.798,2.50666120922103,0.596,3.65282060556905,0.679,0.108,"3","MIR22HG"
0.798,1.33204898100178,0.596,1.92319140933965,0.964,0.821,"3","PRDX6"
0.797,0.897229983175714,0.594,1.29588174156871,0.982,0.664,"3","PLS3"
0.797,2.61626825694798,0.594,3.91913923770192,0.786,0.288,"3","APOBEC3C"
0.797,2.03450044126154,0.594,2.99606741184754,0.857,0.354,"3","FOSB"
0.797,1.14170940700487,0.594,1.65144262877315,1,0.987,"3","LRRC75A"
0.797,1.16057727161456,0.594,1.6786675944697,0.839,0.429,"3","FLRT2"
0.797,1.44712899481888,0.594,2.09632010230677,0.911,0.44,"3","RHOC"
0.797,1.5745834766494,0.594,2.32758720364286,0.821,0.305,"3","GNG12"
0.796,1.71121602979612,0.592,2.47737673605862,0.946,0.624,"3","CD164"
0.796,0.720997442251498,0.592,1.04024901128471,1,0.987,"3","RPL27"
0.796,0.912032668933334,0.592,1.3159299045481,1,0.987,"3","RPL27A"
0.796,0.962126190309213,0.592,1.38826391976123,1,0.985,"3","RPS8"
0.795,4.28016200583517,0.59,10.893648778366,0.607,0.031,"3","FLT1"
0.794,0.888103634115967,0.588,1.28312430395618,1,0.971,"3","RP11-3P17.3"
0.793,3.2642146248772,0.586,5.27630851126865,0.643,0.071,"3","S1PR3"
0.793,1.93346052301989,0.586,2.79768706703661,0.946,0.69,"3","SLIT2"
0.207,0.36766816234548,0.586,0.684950335137453,0.268,0.914,"3","FUK"
0.792,0.9075785498094,0.584,1.31540163403362,1,0.847,"3","HES1"
0.792,2.59560508974665,0.584,4.75855636195732,0.607,0.035,"3","EHD2"
0.791,2.70616335407047,0.582,4.23613699620905,0.607,0.031,"3","PCOLCE"
0.791,1.17939975049843,0.582,1.7087568771198,0.857,0.378,"3","SELM"
0.791,2.03870792528877,0.582,2.96501939484805,0.839,0.489,"3","RP11-498C9.2"
0.791,0.73382200657926,0.582,1.05893760637415,1,0.976,"3","RPLP2"
0.79,1.61403804524167,0.58,2.33873546743601,0.964,0.768,"3","FKBP9"
0.79,0.856725986643902,0.58,1.23635130915486,1,0.987,"3","RBM39"
0.79,1.50949969553291,0.58,2.19660444141423,0.911,0.531,"3","ZFP36L2"
0.79,1.36727310677368,0.58,1.97609668543226,0.982,0.836,"3","TPM4"
0.79,2.09429524969714,0.58,3.0355507306759,0.929,0.591,"3","BICC1"
0.789,3.99929470372405,0.578,12.0008109415569,0.589,0.02,"3","COL15A1"
0.789,0.924405334640195,0.578,1.33497348594308,0.982,0.867,"3","ATF4"
0.789,0.755971502715521,0.578,1.0907191831437,1,0.993,"3","RPS15A"
0.788,2.62150578852466,0.576,3.81754996317142,0.804,0.352,"3","PCDH18"
0.787,2.80954886860535,0.574,4.35061563427291,0.661,0.104,"3","MYC"
0.787,0.85782755311247,0.574,1.23787414072459,1,0.985,"3","RPL37"
0.787,1.52943105316374,0.574,2.24978015136091,0.875,0.491,"3","IGFBP5"
0.787,0.961103382572942,0.574,1.38789760320748,1,0.907,"3","RPL36AL"
0.786,1.46735858799001,0.572,2.27362047963891,0.696,0.135,"3","TNS1"
0.786,0.973869647426649,0.572,1.4053485061238,1,0.947,"3","EEF1B2"
0.786,1.9985843884357,0.572,3.012521455735,0.696,0.139,"3","IGFBP4"
0.786,0.694307747674999,0.572,1.00170505435265,1,1,"3","RPLP0"
0.786,0.730949829170667,0.572,1.0546389419434,1,0.989,"3","RPS13"
0.786,1.23522676720169,0.572,1.78628034549068,1,0.832,"3","ITGB1"
0.785,0.81473769172686,0.57,1.17549750329908,1,0.978,"3","RPL36A"
0.785,2.1857957091391,0.57,3.27740390496271,0.839,0.363,"3","FBN2"
0.785,2.50859294493392,0.57,4.1376792941819,0.625,0.069,"3","CSRNP1"
0.785,2.57322641655989,0.57,3.87526636424582,0.714,0.173,"3","TNFRSF1A"
0.784,0.950489020832574,0.568,1.37220561059141,1,0.892,"3","SNHG5"
0.784,0.993127325543353,0.568,1.43297202245902,1,0.967,"3","RPL26"
0.784,1.35576832619974,0.568,1.96686876088049,0.857,0.462,"3","PDXDC2P.1"
0.783,0.714551013104296,0.566,1.03132759554986,1,0.947,"3","BTF3"
0.783,0.783677371612665,0.566,1.13075860538547,1,0.985,"3","RPL24"
0.783,1.93060568317645,0.566,2.80905684769383,0.821,0.341,"3","TIMP3"
0.783,3.39746663725465,0.566,4.97125784230817,0.625,0.095,"3","BST2"
0.783,1.20690494647906,0.566,1.74220206211137,0.964,0.861,"3","SSR2"
0.782,2.72368424915838,0.564,4.05081144688021,0.679,0.164,"3","GFPT2"
0.782,1.18087776079275,0.564,1.70397484096625,1,0.938,"3","GAS5"
0.782,2.35206735352904,0.564,3.43071341174264,0.768,0.312,"3","PLOD1"
0.781,0.826829684652136,0.562,1.19299793534192,1,0.982,"3","RPL7A"
0.781,0.872485464319105,0.562,1.25966921032419,1,0.958,"3","HSPA5"
0.781,1.11079790182331,0.562,1.76351779320676,0.661,0.104,"3","ETS2"
0.781,1.04377681964366,0.562,1.52215885154626,1,0.976,"3","JUND"
0.781,2.41700960390388,0.562,3.96671916479294,0.589,0.031,"3","CREB3L1"
0.78,0.703914416240114,0.56,1.01559840321437,1,0.978,"3","RPL8"
0.78,0.765495101118253,0.56,1.10452178977578,1,0.976,"3","RPS10"
0.78,1.80908959728248,0.56,2.6465764051718,0.768,0.268,"3","SLC1A5"
0.78,2.6966169144641,0.56,4.2555508157239,0.768,0.281,"3","RASSF3"
0.779,1.12259736086527,0.558,1.62029009705817,0.964,0.854,"3","SSR4"
0.779,0.72732364679441,0.558,1.04940485823534,1,0.991,"3","RPL35A"
0.779,0.68816777853222,0.558,0.992907357382309,1,0.918,"3","UBB"
0.779,1.16069650060044,0.558,1.69636703272457,0.964,0.723,"3","CKAP4"
0.779,1.98437451112603,0.558,3.17989712241626,0.679,0.148,"3","NID1"
0.778,2.46264424742155,0.556,4.04095080037471,0.589,0.049,"3","TWIST1"
0.777,1.23681289840514,0.554,1.80800481759463,0.911,0.498,"3","SURF4"
0.777,0.789998343478821,0.554,1.1398318662519,1,0.985,"3","RPL32"
0.777,1.68740890532239,0.554,2.45198362548745,0.839,0.363,"3","COQ10B"
0.777,3.24730272181869,0.554,4.76112921113594,0.607,0.064,"3","MIR4435-1HG"
0.777,2.0836285301622,0.554,3.20963561161204,0.696,0.173,"3","PRICKLE1"
0.776,3.45540515284174,0.552,5.15156538107663,0.661,0.153,"3","FREM1"
0.776,3.27757377756985,0.552,4.9426877698645,0.607,0.066,"3","EFEMP2"
0.775,0.986496881547712,0.55,1.45640824586132,0.875,0.44,"3","TLN1"
0.775,0.710527892242421,0.55,1.025204674153,1,0.991,"3","RPS20"
0.775,2.20140955279044,0.55,3.2725009548796,0.589,0.046,"3","GPR128"
0.775,2.93881552628045,0.55,4.27579598053078,0.643,0.137,"3","S100A6"
0.774,0.616203011287437,0.548,0.889008224739966,1,0.993,"3","RPS19"
0.774,2.45428198087278,0.548,3.78416098567547,0.661,0.139,"3","SAMD4A"
0.773,2.41012080666792,0.546,3.57812400157854,0.714,0.237,"3","TES"
0.773,1.55381792733339,0.546,2.52171238504099,0.911,0.409,"3","RREB1"
0.773,1.55141792127332,0.546,2.26031670407774,0.839,0.429,"3","ITM2C"
0.773,1.30321253609207,0.546,1.90535438651234,0.911,0.465,"3","CHSY1"
0.772,1.81953230561412,0.544,2.65821098213148,0.696,0.204,"3","SEPP1"
0.772,3.33285367687157,0.544,5.32773390427372,0.571,0.044,"3","EDNRA"
0.772,0.894025891364099,0.544,1.29013886068143,1,0.985,"3","UBA52"
0.772,0.674495668687976,0.544,0.973118476519952,1,1,"3","RPL23"
0.772,1.10819667760458,0.544,1.59940177532729,1,0.954,"3","LRRC75A-AS1"
0.771,2.76833484074817,0.542,4.1075921743729,0.804,0.42,"3","ADAM19"
0.771,0.753937807502261,0.542,1.08783867842556,1,0.973,"3","RPL38"
0.771,0.76096858397603,0.542,1.09794878304907,1,0.993,"3","RPL4"
0.771,1.6274970392936,0.542,2.40972718367356,0.714,0.235,"3","LMNA"
0.77,1.07941233763612,0.54,1.56033338350412,0.982,0.81,"3","RAP2C"
0.769,1.5507171302997,0.538,2.24177585415675,0.929,0.555,"3","MTHFD2"
0.768,0.684980657710498,0.536,0.988960098998607,1,0.98,"3","RPL15P3"
0.768,3.37333537013349,0.536,4.98343402040073,0.625,0.119,"3","PMP22"
0.767,0.66562969449733,0.534,0.960851108738671,1,1,"3","EEF1A1P6"
0.767,1.59558893842396,0.534,2.32646821312065,0.786,0.42,"3","GJA1"
0.767,1.24141389116656,0.534,1.83425259022923,0.875,0.509,"3","GNB4"
0.767,2.15907528798576,0.534,3.36365269237125,0.732,0.246,"3","MAML2"
0.766,1.22994195493458,0.532,3.60825307113007,0.554,0.02,"3","CEBPD"
0.766,0.734179905402012,0.532,1.05936771404137,1,0.965,"3","RPS16"
0.766,1.9891058727495,0.532,2.90517510418835,0.857,0.642,"3","S1PR2"
0.766,1.75165482487268,0.532,2.58867392808811,0.75,0.345,"3","DSG2"
0.766,1.61201259803633,0.532,2.34264474562089,0.946,0.584,"3","YBX3"
0.765,1.87291292548695,0.53,2.71165937459532,0.839,0.442,"3","PLIN2"
0.765,1.45307648992252,0.53,2.10086252615444,0.911,0.684,"3","PAPSS1"
0.765,3.81524543498174,0.53,5.87319162096553,0.589,0.082,"3","ARHGAP29"
0.764,0.805951394739027,0.528,1.16340632102139,0.964,0.889,"3","SEC61B"
0.764,1.07995543890037,0.528,1.5600039588666,0.929,0.774,"3","KRTCAP2"
0.763,4.85196487940336,0.526,7.10304574275691,0.554,0.038,"3","ANXA1"
0.763,1.55843180584085,0.526,2.25443888974349,0.893,0.604,"3","P4HB"
0.763,2.79938087840567,0.526,4.05867604254519,0.696,0.217,"3","RP11-1100L3.8"
0.763,1.35359616636314,0.526,2.0416493203221,0.911,0.743,"3","PCSK7"
0.763,1.13633843386016,0.526,1.66725807764672,0.875,0.485,"3","ACBD3"
0.237,0.240011798599544,0.526,0.597132678489579,0.5,0.861,"3","AC068039.4"
0.762,1.80099425499109,0.524,2.6484529290667,0.839,0.42,"3","ABCA1"
0.762,1.97470884737362,0.524,2.9534373618559,0.696,0.248,"3","FBN1"
0.762,2.52684622129393,0.524,4.02687458661318,0.643,0.146,"3","ELK3"
0.762,1.02581698389134,0.524,1.4815270409636,1,0.993,"3","CCND2"
0.761,0.747421494278855,0.522,1.07841065165535,1,0.987,"3","RPL18"
0.761,1.34366428689711,0.522,1.94014975976605,0.964,0.874,"3","COPB1"
0.761,2.86485458326611,0.522,4.50745087560644,0.589,0.075,"3","MYOF"
0.76,4.36013391875334,0.52,6.38147734908758,0.571,0.069,"3","NPNT"
0.76,1.4077407887082,0.52,2.041112081208,0.964,0.746,"3","VCL"
0.759,1.9752807513366,0.518,2.958383661485,0.625,0.119,"3","PDZRN3"
0.759,1.55095346751852,0.518,2.25539367414838,0.857,0.471,"3","RAB13"
0.758,2.17422469326754,0.516,3.2108933015362,0.661,0.153,"3","NR3C1"
0.758,1.07515595912976,0.516,1.55162485433703,0.982,0.657,"3","MDK"
0.757,1.73457828275442,0.514,2.53847946691648,0.643,0.159,"3","ARHGEF3"
0.757,2.60310559187998,0.514,4.09514169008637,0.625,0.142,"3","FAM101B"
0.757,5.08233727037165,0.514,7.52106054777674,0.554,0.055,"3","KRT18"
0.756,1.1006708132937,0.512,1.58891169236979,0.982,0.909,"3","MYL12B"
0.756,2.1649616722357,0.512,3.16835066156208,0.643,0.146,"3","CSRP1"
0.755,3.14470494543354,0.51,4.7278682717344,0.554,0.075,"3","PRRX1"
0.754,1.42938451039005,0.508,2.33053935885053,0.625,0.159,"3","MXRA5"
0.754,1.56015840256954,0.508,2.29070051111578,0.696,0.243,"3","HLA-E"
0.754,0.775810220970794,0.508,1.11929580554891,1,1,"3","GNB2L1"
0.754,1.29502487826815,0.508,1.88113201169725,0.679,0.25,"3","FKBP7"
0.754,0.959373504193662,0.508,1.39363741309391,0.946,0.566,"3","NME4"
0.753,1.25596089056305,0.506,1.8132018205837,0.911,0.586,"3","DDIT3"
0.753,1.28539061959526,0.506,1.85727001543489,0.946,0.65,"3","NXF1"
0.752,1.23862386073862,0.504,1.79176248109986,0.946,0.723,"3","YIPF5"
0.752,1.26030777123937,0.504,1.86364580320122,0.714,0.223,"3","PHLDB2"
0.752,1.48915210492347,0.504,2.19846849882828,0.625,0.148,"3","FCGRT"
0.752,0.962555565661185,0.504,1.45269235476681,0.893,0.6,"3","ARL5B"
0.751,1.8350644219508,0.502,2.67898370068584,0.857,0.591,"3","PHACTR2"
0.751,1.348781969523,0.502,1.94875036656042,0.929,0.743,"3","SEC13"
0.751,1.14246442205288,0.502,1.65763771828812,0.75,0.327,"3","TUBB6"
0.751,1.19190133132574,0.502,1.72976112823872,0.946,0.799,"3","STAT2"
0.751,0.948945180755104,0.502,1.37055637003601,0.982,0.94,"3","SLC38A2"
0.75,2.35653853722859,0.5,3.55167708632472,0.625,0.164,"3","MSX1"
0.75,1.23539869996809,0.5,1.78515886809393,0.911,0.586,"3","AC011558.5"
0.75,0.821713067204519,0.5,1.19140113470768,0.964,0.697,"3","IQGAP1"
0.75,1.10768978934027,0.5,1.60090547958843,0.929,0.644,"3","ARL1"
0.749,1.94857525722722,0.498,2.82176012272213,0.786,0.336,"3","SDC2"
0.749,0.838705506185603,0.498,1.21204123282327,0.964,0.779,"3","PGM3"
0.749,1.4403998062819,0.498,2.11997668166297,0.732,0.261,"3","DUSP7"
0.749,0.753887442495744,0.498,1.08778244177308,1,0.976,"3","RPL11"
0.748,0.596775518901405,0.496,0.899413156662252,0.804,0.341,"3","KLHL15"
0.748,2.17138163270884,0.496,3.24381131673174,0.696,0.268,"3","GNG11"
0.748,0.788948607769085,0.496,1.1460743014558,0.786,0.369,"3","FKBP14"
0.748,0.730755287693139,0.496,1.05716429329242,0.929,0.637,"3","ILK"
0.747,4.44156689128209,0.494,8.55084797815883,0.518,0.038,"3","BGN"
0.747,0.853294998787423,0.494,1.23137156813229,1,0.949,"3","RPL10A"
0.747,2.31619153040167,0.494,3.51532715344227,0.554,0.08,"3","FAM46C"
0.746,3.78046971307144,0.492,5.93999474921712,0.518,0.04,"3","COL14A1"
0.746,0.571569208749946,0.492,0.8249288346107,1,0.991,"3","CSNK1A1"
0.746,1.81920523564013,0.492,2.82718229576378,0.732,0.277,"3","MCC"
0.746,0.55505246370752,0.492,0.82281499814856,0.875,0.451,"3","TWSG1"
0.746,0.59395015794834,0.492,0.867873376870739,0.839,0.416,"3","TRIM5"
0.746,0.735058075739472,0.492,1.06055367784598,1,0.987,"3","RPS24"
0.745,0.654198418886841,0.49,0.947891206573211,1,0.998,"3","OR2A1-AS1"
0.745,3.973682673165,0.49,5.93421461373636,0.571,0.115,"3","LAMA4"
0.745,0.54350548888139,0.49,0.784153826118603,1,1,"3","RPL18A"
0.745,1.61687889752957,0.49,2.34613699895599,0.732,0.308,"3","C1orf54"
0.744,0.546352722129678,0.488,0.788260007543151,1,0.993,"3","NPM1"
0.744,1.02248696908558,0.488,1.54347742034194,0.964,0.912,"3","RGPD1"
0.744,1.08219008046794,0.488,1.56387240675206,0.982,0.847,"3","PDIA6"
0.744,1.42273758986248,0.488,2.07101431968596,0.732,0.325,"3","A1BG"
0.744,0.728515229915386,0.488,1.05116154589813,1,0.985,"3","PFDN5"
0.743,1.7652907653211,0.486,2.74291859956139,0.571,0.097,"3","AEBP1"
0.743,1.72539217731493,0.486,2.58454893312447,0.625,0.168,"3","ALCAM"
0.743,2.58579369817471,0.486,6.33805346315384,0.5,0.015,"3","MYL9"
0.743,4.24030213158267,0.486,6.21745635642992,0.554,0.091,"3","COBLL1"
0.742,1.98348413578946,0.484,2.91702401628268,0.589,0.142,"3","STOM"
0.742,0.74316500843115,0.484,1.09147677540777,1,0.98,"3","RPL7P32"
0.742,1.00851173664075,0.484,1.45695194053057,1,0.925,"3","POMP"
0.742,0.741903455206304,0.484,1.07064244511209,1,0.958,"3","FAU"
0.741,4.45019783768376,0.482,15.2238172491719,0.482,0,"3","HAND2"
0.741,1.50632690514639,0.482,2.26638413807145,0.946,0.827,"3","WWTR1"
0.741,0.703113484480885,0.482,1.0148498473804,1,0.991,"3","GNAS"
0.741,0.972592544866701,0.482,1.40391455262544,0.929,0.73,"3","ID2"
0.741,1.95001548433826,0.482,2.85852166158156,0.518,0.038,"3","CYB5R2"
0.741,3.53333177664813,0.482,5.76794511649049,0.571,0.113,"3","HMCN1"
0.74,0.109380842795309,0.48,0.158632478830805,0.929,0.56,"3","RUNX1T1"
0.74,4.94835032891846,0.48,7.66821016288177,0.536,0.095,"3","SNHG23"
0.74,3.66579104769606,0.48,7.26432128203383,0.5,0.027,"3","ETS1"
0.74,0.575482998770616,0.48,0.830380289563831,1,0.967,"3","GSTP1"
0.739,1.63810575750979,0.478,2.36822876822866,0.804,0.489,"3","PLK2"
0.739,1.14152241540233,0.478,1.67278257673196,0.75,0.365,"3","PPP1R15A"
0.738,0.589045730423364,0.476,0.861321231512024,0.75,0.323,"3","AKAP2"
0.738,2.7968275889351,0.476,6.56323311902905,0.518,0.058,"3","FLNC"
0.738,2.50814845001094,0.476,3.6986229697104,0.571,0.126,"3","CTD-2031P19.5"
0.738,2.58759448142723,0.476,3.77672342022366,0.643,0.195,"3","RAB34"
0.738,1.61481049738498,0.476,2.34647480517517,0.786,0.416,"3","TMED3"
0.738,3.21890286535313,0.476,4.90885374221744,0.5,0.029,"3","BMP4"
0.737,2.67452057101064,0.474,3.90420948699048,0.679,0.385,"3","PLAT"
0.737,0.863081441052243,0.474,1.24976025235701,0.893,0.69,"3","VIMP"
0.736,1.48539919537542,0.472,2.173696430902,0.821,0.449,"3","AL589842.1"
0.736,0.833100893023033,0.472,1.20577830169718,0.768,0.325,"3","CTGF"
0.736,1.78342714020849,0.472,2.59282794406335,0.625,0.204,"3","SERPINF1"
0.736,1.3573899633247,0.472,1.96322337928506,1,0.796,"3","PDIA3"
0.735,2.91081512506664,0.47,4.31688559689021,0.536,0.075,"3","PLP2"
0.735,1.94960572636499,0.47,2.91090186817218,0.643,0.221,"3","PDGFA"
0.735,1.05566078305118,0.47,1.5359636750515,0.875,0.476,"3","TMEM39A"
0.735,1.15287646000022,0.47,2.61476696250474,0.589,0.146,"3","ITPRIPL2"
0.734,0.564854198291414,0.468,0.817030921428604,0.982,0.982,"3","LPP"
0.734,3.27550649796054,0.468,4.80601365027519,0.554,0.102,"3","LMCD1"
0.734,3.9119593200766,0.468,6.90372938407532,0.482,0.018,"3","PLAC9"
0.734,1.66420995189923,0.468,2.43884169077187,0.804,0.473,"3","LAMC1"
0.733,0.801614605656093,0.466,1.15676202302737,1,0.982,"3","PABPC1"
0.733,0.825762835422185,0.466,1.1916828632165,1,0.969,"3","RPS2"
0.733,0.615534709454,0.466,0.888137854876533,1,0.985,"3","RPL6"
0.732,0.564159721113931,0.464,0.814215839963266,1,1,"3","EEF1A1P5"
0.732,0.883312543768334,0.464,1.28537045945348,0.821,0.4,"3","PLOD2"
0.731,0.648837420205024,0.462,0.937577857407929,1,0.982,"3","EEF2"
0.731,0.842354415963181,0.462,1.21625310051905,0.964,0.834,"3","NME1-NME2"
0.731,0.841931250092524,0.462,1.23366174883948,0.857,0.447,"3","PMM2"
0.731,0.744686403509915,0.462,1.11176333137545,0.768,0.431,"3","ATL3"
0.73,2.27207162856808,0.46,3.46796992510049,0.536,0.082,"3","LPAR1"
0.73,0.895181651717232,0.46,1.29266497089402,0.821,0.471,"3","DLK1"
0.73,2.16998412902032,0.46,3.16514558790282,0.643,0.188,"3","NR4A1"
0.73,1.7188446643218,0.46,2.48763144435917,0.875,0.65,"3","SLC2A3"
0.729,1.09453957556595,0.458,1.59667041789995,0.821,0.434,"3","SQSTM1"
0.729,1.86270908825828,0.458,2.84967411090527,0.518,0.073,"3","BAMBI"
0.729,0.975941011379234,0.458,1.41183047779186,1,0.881,"3","COPA"
0.728,2.64842709353766,0.456,3.90808548989681,0.643,0.23,"3","FAM46A"
0.728,3.02375619154602,0.456,5.03673170378227,0.482,0.035,"3","BMP5"
0.728,1.29916097375,0.456,2.42881216159381,0.696,0.265,"3","CH507-42P11.8"
0.728,2.24052011828456,0.456,3.23550353358283,0.929,0.708,"3","TMEM98"
0.728,2.14249123767579,0.456,3.13892782041217,0.661,0.281,"3","MSRB3"
0.728,1.43967911048485,0.456,2.08942558000241,0.839,0.535,"3","FKBP2"
0.727,0.0972898053463531,0.454,0.162583508157711,0.625,0.237,"3","RPL10P3"
0.727,1.13352694240674,0.454,1.63777891564234,1,0.929,"3","SSR1"
0.727,1.1590324218045,0.454,1.6789195736213,0.964,0.79,"3","CLINT1"
0.727,4.45379401508571,0.454,10.3206991902251,0.464,0.015,"3","KDR"
0.727,0.912786925249685,0.454,1.3183749089321,1,0.954,"3","MIF"
0.727,4.26437805751748,0.454,6.97313323710955,0.482,0.042,"3","TMEM88"
0.727,0.723117112211201,0.454,1.04633819143704,1,0.856,"3","UFM1"
0.727,1.05552540970114,0.454,1.57226721360506,0.804,0.381,"3","ANO6"
0.727,6.19594601490394,0.454,9.02809120044208,0.661,0.294,"3","ACTA2"
0.726,0.944489764859713,0.452,1.36938299097144,0.929,0.675,"3","ARID5B"
0.725,1.01610561960176,0.45,1.46955765422145,1,0.912,"3","SLC25A6.1"
0.725,1.01610561960176,0.45,1.46955765422145,1,0.912,"3","SLC25A6"
0.725,0.815975281466209,0.45,1.17774417816316,1,0.954,"3","SUB1"
0.725,0.743812781678602,0.45,1.07624320698251,0.982,0.814,"3","EML4"
0.725,0.650047837239953,0.45,0.938022495670731,1,0.969,"3","RPS17"
0.725,0.784059832638424,0.45,1.15151731481568,0.946,0.728,"3","GOLGA3"
0.725,0.665886399038124,0.45,0.969323267283422,0.964,0.712,"3","PPP1R15B"
0.725,1.12504486208051,0.45,1.64450932105489,0.732,0.31,"3","TUFT1"
0.725,2.44982420492961,0.45,3.67474669668902,0.607,0.197,"3","ROR1"
0.275,1.04318067291396,0.45,1.50502340598533,0.054,0.502,"3","SCARNA22"
0.275,0.461811329545493,0.45,0.827408645719563,0.464,0.909,"3","RP5-832C2.5"
0.724,0.792205380405434,0.448,1.15793932423726,0.821,0.533,"3","GOLGA2"
0.724,1.36287425133093,0.448,1.97218604171541,0.714,0.374,"3","CTB-119C2.1"
0.724,0.928018930196684,0.448,1.341337488277,0.982,0.947,"3","BRD2"
0.724,0.895573576677057,0.448,1.29921600282184,0.964,0.677,"3","ETF1"
0.724,1.21873065247927,0.448,1.76362884754055,0.946,0.735,"3","CNN2"
0.724,3.55182034330606,0.448,5.32313830638273,0.464,0.02,"3","AL132709.8"
0.724,2.79037677557258,0.448,4.49547744030093,0.536,0.113,"3","PKP2"
0.724,0.740143957472624,0.448,1.0681445898988,1,0.916,"3","EIF3M"
0.724,1.92021148242435,0.448,2.86311809303634,0.625,0.192,"3","NEXN"
0.723,0.429031158867506,0.446,0.935080912199315,0.696,0.261,"3","SIK1"
0.723,1.14457242288881,0.446,1.70045446923131,0.964,0.912,"3","RGPD2"
0.723,1.40589787546055,0.446,2.13291268120333,0.768,0.396,"3","RHOB"
0.722,0.556576901985557,0.444,0.803879077988549,1,0.958,"3","SEC62"
0.722,1.93358834538819,0.444,2.9516361128392,0.571,0.146,"3","KANK2"
0.722,1.50738757036651,0.444,2.19149315927286,0.714,0.327,"3","GRN"
0.722,0.559987222252707,0.444,0.853462953549017,0.571,0.144,"3","MYO1C"
0.722,0.822139915235431,0.444,1.18618642824092,1,0.985,"3","RPL13"
0.722,3.84074853044433,0.444,5.88596820298479,0.536,0.106,"3","GLIPR1"
0.722,1.19630262007265,0.444,1.74017226395103,0.857,0.735,"3","ARHGAP1"
0.722,0.932059605870584,0.444,1.60929968305165,0.661,0.237,"3","SH3PXD2A"
0.722,1.02984716518035,0.444,1.48921843111054,0.929,0.732,"3","DDOST"
0.721,4.81258064792921,0.442,6.9884025017901,0.554,0.162,"3","ITM2A"
0.721,1.34565047283098,0.442,1.95037856410381,0.607,0.188,"3","RBP1"
0.721,1.81939173394092,0.442,2.63646112268747,0.875,0.522,"3","COPG1"
0.721,1.43230981982953,0.442,2.09225105937123,0.696,0.343,"3","ADAMTS9"
0.721,1.46875632640565,0.442,2.16245559560204,0.714,0.323,"3","CRTAP"
0.721,1.2319799615905,0.442,1.80699510942884,0.911,0.719,"3","GFPT1"
0.72,1.63644220814949,0.44,2.42434615974864,0.554,0.135,"3","TRIB1"
0.72,1.00844991083444,0.44,1.45646861108323,1,0.905,"3","CCNL1"
0.72,0.978713912170364,0.44,1.42357212437502,0.875,0.631,"3","STAT3"
0.72,0.32735734538081,0.44,0.472453070883901,0.982,0.761,"3","HERPUD1"
0.72,2.40597491063088,0.44,3.54436620634399,0.625,0.212,"3","FRMD6"
0.72,2.24550806789694,0.44,3.30248154803534,0.554,0.126,"3","ZMYM6NB"
0.28,0.341841078635917,0.44,0.507338528146779,0.286,0.721,"3","TRIM16L"
0.719,1.15886527319609,0.438,1.70812077281941,0.75,0.396,"3","ATXN1"
0.719,0.838035121495849,0.438,1.21026098241792,1,0.956,"3","CTTN"
0.719,0.765255968255977,0.438,1.11620286488162,0.946,0.792,"3","DDX21"
0.718,2.25452421771959,0.436,3.46655445662521,0.536,0.126,"3","GADD45B"
0.718,3.53094774838302,0.436,6.13189061650516,0.5,0.091,"3","AFAP1L2"
0.718,1.78234669826148,0.436,2.6275605923195,0.696,0.272,"3","ERRFI1"
0.717,0.635545611670571,0.434,0.916950089080542,1,0.982,"3","RPL39"
0.717,1.46593613017337,0.434,2.14192285071872,0.714,0.387,"3","MYDGF"
0.717,2.0892867098876,0.434,3.03195446219746,0.643,0.325,"3","RP11-498C9.13"
0.717,0.607788064011044,0.434,0.882218225305982,0.893,0.825,"3","FERMT2"
0.717,1.2001332749014,0.434,1.75662965677905,0.75,0.429,"3","NET1"
0.717,0.652999710682687,0.434,0.943857796113011,1,0.92,"3","ZC3H11A"
0.284,1.48447282387601,0.432,2.35159943839375,0.089,0.522,"3","CTB-55B8.1"
0.716,1.09268741901182,0.432,1.57662978246065,0.982,0.861,"3","SAT1"
0.716,1.04565512691663,0.432,1.51410335001553,0.839,0.542,"3","EIF4EBP1"
0.716,0.685951787258439,0.432,0.996592862661065,0.571,0.144,"3","SGK1"
0.716,0.585779160606369,0.432,0.847225048954133,1,0.985,"3","RPL7P1"
0.716,0.504700615327637,0.432,0.728150965376864,1,1,"3","RPS11"
0.716,0.70173817410997,0.432,1.0148896332834,1,0.85,"3","ELMSAN1"
0.715,1.59042711176016,0.43,3.46071216787774,0.714,0.321,"3","PALM2-AKAP2"
0.714,0.64449459714141,0.428,0.930385219040708,1,0.989,"3","DDX3X"
0.714,1.00021310195417,0.428,1.57302125885795,0.929,0.675,"3","FKBP9P1"
0.714,1.15220572378052,0.428,1.71999967325374,0.732,0.385,"3","SEC24A"
0.714,1.03592021926293,0.428,1.49537883834839,1,0.956,"3","ARPC2"
0.714,0.639723349833295,0.428,0.923950411353543,0.982,0.865,"3","RAB1A"
0.714,0.81156070411434,0.428,1.1715031525002,1,0.909,"3","DAD1"
0.714,0.94753141643379,0.428,1.40795064272803,0.571,0.164,"3","CLMP"
0.713,0.70126743421257,0.426,1.01228789002102,0.964,0.881,"3","EEF1D"
0.713,0.589066225137548,0.426,0.849882134741504,1,0.996,"3","RPL9"
0.713,1.45115297932095,0.426,2.12024566282768,0.839,0.527,"3","LIMS1"
0.713,0.478792602740652,0.426,0.690793613389005,1,0.996,"3","ALDOA"
0.713,1.74161187529867,0.426,2.55319298330669,0.857,0.531,"3","SPTY2D1"
0.713,2.60774823016636,0.426,3.80751983467924,0.589,0.197,"3","TAGLN2"
0.288,2.89114911741241,0.424,4.37354087251003,0.089,0.524,"3","BBOX1-AS1"
0.712,2.10694634501566,0.424,3.19893676524144,0.571,0.184,"3","EGR3"
0.712,0.947299539065998,0.424,1.38231744061127,0.857,0.673,"3","EDEM1"
0.712,2.35528991981738,0.424,3.44659771156348,0.536,0.15,"3","RP11-626G11.3"
0.712,4.7718084749302,0.424,7.42299220223858,0.446,0.031,"3","TNNI1"
0.711,0.934607343071503,0.422,1.35962645391612,0.732,0.374,"3","SMARCA2"
0.711,1.33988976334444,0.422,1.94645979090456,0.714,0.33,"3","GSTK1"
0.711,0.582210081535344,0.422,0.841536610266305,0.946,0.728,"3","EIF2A"
0.711,1.38204463966327,0.422,2.13003440041691,0.714,0.327,"3","ITGB1P1"
0.711,0.736032381771565,0.422,1.0650867266128,0.946,0.73,"3","ITM2B"
0.711,0.773363739593204,0.422,1.11693585672448,0.964,0.699,"3","BCAT1"
0.711,0.648862415129976,0.422,0.937933615628527,0.946,0.743,"3","SLC3A2"
0.711,0.678592108616505,0.422,0.981566467740015,0.982,0.77,"3","NOLC1"
0.711,1.53774463890664,0.422,2.41308706871766,0.536,0.131,"3","TGFBR3"
0.71,1.43075724584447,0.42,2.15048420459947,0.625,0.25,"3","TNS3"
0.71,2.6793470091337,0.42,3.98759279453419,0.446,0.031,"3","GPNMB"
0.71,0.932549847349931,0.42,1.34944765040913,0.964,0.77,"3","RPN1"
0.71,0.649831562467212,0.42,0.93815783480146,0.982,0.925,"3","PSMA7"
0.71,0.633622838720936,0.42,0.914814820562141,1,0.969,"3","RPL28"
0.709,1.58551380953463,0.418,2.33705111806219,0.696,0.383,"3","ZNF395"
0.709,0.70040265324394,0.418,1.02591598852658,0.804,0.498,"3","MBNL2"
0.709,1.10606262054114,0.418,1.60390986522173,0.821,0.608,"3","ADD3"
0.709,1.09435755769566,0.418,2.71069042273523,0.571,0.173,"3","MEF2D"
0.708,1.13723252139706,0.416,1.65612991397035,0.679,0.31,"3","TIPARP"
0.708,0.863517741866333,0.416,1.24905391880488,0.911,0.777,"3","SRPRB"
0.708,0.467940314327954,0.416,0.675642746099737,1,0.863,"3","RNASEK"
0.708,2.26290407317201,0.416,3.366833554932,0.536,0.142,"3","RP11-328C8.4"
0.293,0.856163052748973,0.414,2.28671752739795,0.393,0.723,"3","MACC1"
0.707,1.8830267024883,0.414,2.81311342783176,0.625,0.221,"3","PELO"
0.706,1.54280542360553,0.412,2.28259065602994,0.536,0.133,"3","PDLIM2"
0.706,0.840897921110783,0.412,1.24874424325465,0.661,0.308,"3","WNT5A"
0.706,1.0515888778415,0.412,1.52275195743606,0.786,0.445,"3","LITAF"
0.706,2.86697820312532,0.412,5.07633794244086,0.429,0.02,"3","RP11-123M6.2"
0.705,2.38379767161033,0.41,3.53439540970477,0.696,0.341,"3","COL4A2"
0.705,3.56009472838138,0.41,6.82941748466813,0.429,0.02,"3","TGFB2-OT1"
0.704,0.631568157091673,0.408,0.918275521776637,0.946,0.715,"3","TMF1"
0.704,1.81896814807037,0.408,2.7393370151386,0.518,0.135,"3","BHLHE40"
0.704,1.20345157862026,0.408,1.74963222805537,0.714,0.394,"3","TAX1BP3"
0.704,2.63248338625364,0.408,3.82194682090418,0.643,0.323,"3","THY1"
0.704,2.85059933053195,0.408,4.37982394795812,0.446,0.044,"3","KANK4"
0.704,2.51083977138844,0.408,5.91373163274274,0.429,0.022,"3","HEYL"
0.704,0.913499676776632,0.408,1.33720265402175,0.893,0.655,"3","WASF2"
0.703,0.554388359349875,0.406,0.829876448846988,1,0.927,"3","RPL9P7"
0.703,0.810641656296341,0.406,1.1885255373687,0.821,0.478,"3","RNF217"
0.703,0.771736437030313,0.406,1.12946816288726,0.839,0.555,"3","PNRC1"
0.703,1.35458338582212,0.406,1.95658740963458,0.839,0.679,"3","ATP6V0E1"
0.703,1.49020468711224,0.406,2.15203195822714,0.982,0.954,"3","VCAN"
0.703,2.89578446626482,0.406,4.19042858243629,0.696,0.447,"3","CHN1"
0.703,0.559792369907312,0.406,0.808022784998968,0.964,0.951,"3","TOB1"
0.703,2.53570855553022,0.406,10.7166428824666,0.411,0.007,"3","TBX3"
0.703,0.540670556429918,0.406,0.780591641951558,1,0.805,"3","GNG5"
0.702,1.23364777465083,0.404,1.79042928018725,0.714,0.385,"3","CTSL"
0.702,0.772255320121277,0.404,1.11801990025169,0.911,0.684,"3","TRAM1"
0.702,3.50914714165093,0.404,5.9707911211747,0.446,0.055,"3","MAN1A1"
0.702,0.592918729253119,0.404,0.897961393247512,0.857,0.56,"3","RYBP"
0.702,4.49191868429351,0.404,12.4572810520612,0.411,0.009,"3","FMOD"
0.702,1.22422464349649,0.404,1.84607596303456,0.857,0.617,"3","JUN"
0.701,0.858267805815846,0.402,1.25099195695269,0.75,0.394,"3","SLC25A32"
0.701,1.40769273577369,0.402,2.2956387889202,0.482,0.095,"3","TSHZ3"
0.701,0.598814281975762,0.402,0.88249674233017,0.786,0.365,"3","PPRC1"
0.701,1.57679948078847,0.402,2.28866222577598,0.696,0.347,"3","S100A13"
0.79,1.56911932027552,0.58,2.26463266671284,0.944,0.769,"4","FABP7"
0.779,1.35203892157115,0.558,1.96193593668885,0.963,0.808,"4","GLI3"
0.765,1.54989034507852,0.53,2.23950986080045,0.944,0.714,"4","CREB5"
0.753,1.34867541208071,0.506,1.94592806342542,0.852,0.67,"4","C1orf61"
0.746,1.3211183865715,0.492,1.90972259312517,0.963,0.782,"4","SFRP1"
0.745,0.641436228164742,0.49,0.996594615538315,1,0.998,"4","FRMD6-AS1"
0.743,1.68708072007822,0.486,2.44051055240135,0.722,0.355,"4","IFI44L"
0.738,1.56099236464965,0.476,2.25458981789964,0.852,0.593,"4","SLC1A3"
0.735,1.24869554314837,0.47,1.80438436946061,1,0.998,"4","SYNE2"
0.726,0.707444849294546,0.452,1.02131010484456,0.889,0.725,"4","NFIB"
0.726,0.940607535833658,0.452,1.36793847419386,0.926,0.661,"4","FOXG1"
0.722,1.37954009170452,0.444,2.01522366403875,0.722,0.379,"4","TFAP2C"
0.719,0.989823030410648,0.438,1.4288688019398,1,1,"4","LINC01551"
0.716,0.829540556383165,0.432,1.19788113222626,0.926,0.782,"4","LINC00461"
0.714,0.921138090806378,0.428,1.33037493233227,0.963,0.971,"4","FAM171B"
0.929,2.16735015036681,0.858,3.12775144779884,1,0.755,"5","NUSAP1"
0.898,1.73688374255511,0.796,2.51118701729755,1,0.721,"5","MKI67"
0.892,1.96063499151993,0.784,2.83431805532609,1,0.576,"5","TPX2"
0.889,1.73980172753245,0.778,2.51186295702121,1,0.831,"5","BIRC5"
0.885,1.99146865116485,0.77,2.87366143259863,1,0.732,"5","PTTG1"
0.884,1.67532346767663,0.768,2.41731681375985,1,0.848,"5","CKS2"
0.884,1.59925362762864,0.768,2.30757075426035,1,0.587,"5","UBE2C"
0.882,1.42138496414811,0.764,2.05082185270818,1,0.885,"5","HMGB2"
0.88,1.96395193630517,0.76,2.84244136605678,1,0.693,"5","ASPM"
0.879,1.65678151698965,0.758,2.6163283645914,0.978,0.429,"5","IQGAP3"
0.876,1.7372519656634,0.752,2.50813986830339,1,0.84,"5","CENPF"
0.867,1.12805664190799,0.734,1.62752100150325,1,0.998,"5","HMGB1"
0.865,1.78091219837726,0.73,2.57436970451004,0.978,0.496,"5","NDC80"
0.863,1.80607224089015,0.726,2.61816061923026,0.957,0.5,"5","ANLN"
0.862,2.00589202269038,0.724,2.90966312021009,0.978,0.498,"5","SPC24"
0.862,2.1348608669007,0.724,3.08350395886438,0.957,0.439,"5","AURKB"
0.861,2.11428548364775,0.722,3.05885671996338,0.978,0.439,"5","PBK"
0.86,1.58420493417143,0.72,2.29581253747697,0.957,0.621,"5","CASC5"
0.859,2.14504940247671,0.718,3.09973249547873,0.957,0.452,"5","CDCA3"
0.858,1.17745498755894,0.716,1.69900532542244,1,0.686,"5","CDK1"
0.857,1.67534953337957,0.714,2.42827038673825,0.978,0.524,"5","PRR11"
0.854,1.89789390594428,0.708,2.74880684004871,0.957,0.416,"5","CKAP2L"
0.854,1.48374237819503,0.708,2.14165062165648,1,0.857,"5","TOP2A"
0.853,1.83772977526355,0.706,2.65312465935698,0.978,0.665,"5","PRC1"
0.851,2.09835564722151,0.702,3.03405086092738,0.913,0.422,"5","FAM64A"
0.849,2.18357351869804,0.698,3.1549094122455,1,0.654,"5","KIF22"
0.849,1.7723734039043,0.698,2.56633529748985,0.935,0.468,"5","KIF2C"
0.848,1.77424880357258,0.696,2.57013924929558,0.935,0.435,"5","CDCA8"
0.843,1.33045241681211,0.686,1.92103497506253,1,0.829,"5","TRIM59"
0.842,1.24678678145086,0.684,1.80071052446211,0.978,0.496,"5","DLGAP5"
0.84,1.89457095424658,0.68,2.74013870881081,0.935,0.502,"5","BUB1"
0.84,1.03341423818076,0.68,1.4926294551531,1,0.987,"5","RP11-673C5.1"
0.84,1.15478594650231,0.68,1.6661750395472,0.978,0.66,"5","C1orf61"
0.84,1.34114350740157,0.68,1.93560022437472,0.978,0.671,"5","CKS1B"
0.838,1.84328500795222,0.676,2.66982988789279,0.935,0.442,"5","KIF18A"
0.837,2.03392890748661,0.674,2.95605151964714,0.935,0.491,"5","KIF11"
0.836,1.52990427318446,0.672,2.21107782650906,1,0.667,"5","CENPE"
0.836,1.52353325805754,0.672,2.20732211040972,0.957,0.584,"5","KIF15"
0.835,2.03324756034601,0.67,3.00367231335814,0.957,0.424,"5","GTSE1"
0.834,1.35583215295867,0.668,1.95865170383271,0.957,0.55,"5","KIF23"
0.834,1.71486396533984,0.668,2.48280837495332,0.913,0.483,"5","MPPED2"
0.832,1.78165173040012,0.664,2.60086318031008,0.891,0.368,"5","TFAP2C"
0.831,1.35759996525973,0.662,1.96332519729999,0.935,0.545,"5","SGOL2"
0.829,0.938553695891792,0.658,1.35510401160856,1,0.998,"5","HMGB1P5"
0.828,1.6488188479647,0.656,2.38994787927884,0.935,0.413,"5","HJURP"
0.828,1.25072869314234,0.656,1.81559533224596,1,0.742,"5","SOX9"
0.827,2.13381701733022,0.654,3.08440753793416,0.87,0.448,"5","PLK1"
0.827,1.67816465439796,0.654,2.46444524325689,0.978,0.478,"5","RTKN2"
0.825,1.63909842369494,0.65,2.36541067551571,0.978,0.68,"5","CCNB1"
0.825,2.00505471593826,0.65,2.94749976731559,0.891,0.487,"5","CCNF"
0.824,1.63633608037979,0.648,2.37330420031022,0.957,0.513,"5","LHX2"
0.824,1.36752629238265,0.648,1.97364973598753,1,0.894,"5","BUB3"
0.823,1.84627096134204,0.646,2.68803984258426,0.891,0.348,"5","CDCA2"
0.82,1.64948918358303,0.64,2.3821916332405,0.957,0.613,"5","UBE2T"
0.819,1.77513249813243,0.638,2.56204374482935,0.957,0.658,"5","CCNB2"
0.817,1.17348091254739,0.634,1.72198352012896,0.913,0.476,"5","ARHGAP11A"
0.817,1.36189518003866,0.634,1.97918770579166,0.978,0.66,"5","FOXG1"
0.816,1.31442362509957,0.632,1.8979971932046,1,0.753,"5","CKAP2"
0.816,1.00012975605772,0.632,1.44313427484714,1,0.972,"5","ANP32E"
0.815,1.11973972291429,0.63,1.61877532465871,0.935,0.463,"5","NUF2"
0.812,1.94217798513225,0.624,2.81946183256658,0.826,0.314,"5","PSRC1"
0.811,2.09078960439539,0.622,3.11672324600568,0.804,0.364,"5","H2AFX"
0.81,1.50572136932869,0.62,2.1798175880737,0.87,0.387,"5","TROAP"
0.808,1.31520190378545,0.616,1.90619569220328,0.957,0.515,"5","KIF4A"
0.807,1.4202847807505,0.614,2.0515238342177,0.978,0.634,"5","ECT2"
0.805,0.90145855759462,0.61,1.3010622114971,0.978,0.768,"5","FABP7"
0.805,1.35485208747209,0.61,1.98353805254834,0.978,0.595,"5","JADE1"
0.802,1.30937214050093,0.604,1.89390787589219,0.87,0.361,"5","KIF20A"
0.802,1.65835082887264,0.604,2.39441100539613,0.891,0.543,"5","CDKN3"
0.801,1.898530390571,0.602,2.74840679148709,0.913,0.45,"5","DEPDC1B"
0.8,1.06944278810305,0.6,1.54383007014577,0.978,0.9,"5","HN1"
0.799,1.77921915480702,0.598,2.57584703225215,0.87,0.403,"5","TTK"
0.799,1.8671057800403,0.598,2.69702112827718,0.891,0.511,"5","KNSTRN"
0.798,1.57277025344116,0.596,2.26920483425143,1,0.95,"5","KPNA2"
0.797,1.65559334135787,0.594,2.41638038951875,0.804,0.342,"5","PRC1-AS1"
0.797,2.0365810462671,0.594,2.94099143638346,0.848,0.433,"5","CDC20"
0.794,0.787144957252313,0.588,1.13755207731726,0.978,0.714,"5","CREB5"
0.794,1.48239267239547,0.588,2.14339713861789,0.957,0.617,"5","MIS18BP1"
0.793,0.813619070255051,0.586,1.17628349252349,1,0.781,"5","SFRP1"
0.793,1.22244761044637,0.586,1.7636319736657,1,0.974,"5","HIST1H4C"
0.793,0.828022648952453,0.586,1.21464047289895,0.957,0.742,"5","SETD8"
0.791,0.973545331156216,0.582,1.41420289229694,0.891,0.468,"5","RACGAP1"
0.791,0.768587334694693,0.582,1.1121318626735,0.891,0.344,"5","IFI44L"
0.79,0.49783117294621,0.58,0.76524270495928,0.978,0.71,"5","POU3F3"
0.79,2.16800720189495,0.58,3.23038732492871,0.826,0.429,"5","KIF18B"
0.79,1.40801148362519,0.58,2.03639302690387,0.87,0.576,"5","PHLDA1"
0.789,1.49541286841528,0.578,2.16428367304563,0.913,0.519,"5","HEY1"
0.789,1.66006992260313,0.578,2.4038138187499,0.826,0.359,"5","AURKA"
0.788,1.18996722091935,0.576,1.72307564839933,0.913,0.431,"5","NTRK3"
0.787,0.949479121831254,0.574,1.37417609448071,1,0.959,"5","SPC25"
0.787,1.78610974975919,0.574,2.58251695985328,0.848,0.392,"5","NEK2"
0.785,1.27660369217027,0.57,1.84277784203455,1,0.898,"5","BRD8"
0.785,1.14342469086739,0.57,1.65123407513022,1,0.784,"5","SMC4"
0.785,1.48847345297587,0.57,2.15354729610902,0.848,0.452,"5","SGOL1"
0.785,1.23824813112073,0.57,1.78729914081558,1,0.924,"5","CKAP5"
0.785,1.10353642985662,0.57,1.59331190058305,1,0.771,"5","PAX6"
0.784,2.16717393178473,0.568,3.35098554058853,0.826,0.374,"5","C21orf58"
0.784,2.00156035542293,0.568,2.89539261018879,0.848,0.487,"5","SPAG5"
0.783,1.01542550367386,0.566,1.46735128106086,1,0.868,"5","EZR"
0.783,0.793046833777106,0.566,1.14529070360316,1,0.965,"5","SKA2"
0.783,1.36782635584267,0.566,1.97937517911221,0.913,0.6,"5","CCDC18"
0.782,1.51429923083753,0.564,2.18881772002116,0.957,0.675,"5","KIF20B"
0.782,0.726240846245808,0.564,1.04778504091955,1,0.994,"5","HMGN2"
0.781,1.13233326570521,0.562,1.64311710172327,0.978,0.81,"5","GLI3"
0.781,0.669654793311356,0.562,0.968161508765327,0.957,0.526,"5","NCAPG"
0.781,0.903883959525023,0.562,1.30581890148586,0.978,0.712,"5","FANCD2"
0.779,1.20325351895309,0.558,1.74498328093051,0.978,0.615,"5","NCAPD2"
0.778,1.18949009174185,0.556,1.72412577145375,0.935,0.63,"5","RP11-366L20.2"
0.777,0.851075112457549,0.554,1.22992388283789,1,0.998,"5","SYNE2"
0.776,1.42253314319422,0.552,2.05707357056113,0.891,0.571,"5","DDX39A"
0.774,0.987869639259803,0.548,1.43150179720075,0.978,0.853,"5","HES1"
0.772,1.05484826732723,0.544,1.52365374472089,0.935,0.617,"5","MAD2L1"
0.772,1.02826834874906,0.544,1.48413380238275,1,0.952,"5","PPP2R5C"
0.77,1.01251432857884,0.54,1.46392746253876,1,0.965,"5","ITGB8"
0.77,1.26455084519732,0.54,1.84611608835408,0.913,0.591,"5","STK17B"
0.77,1.09360015676613,0.54,1.57886507870002,0.957,0.647,"5","LINC01158"
0.769,0.846265310610217,0.538,1.22410051614671,0.957,0.686,"5","SMC2"
0.768,0.856871361395807,0.536,1.24191406052063,0.717,0.255,"5","DOK5"
0.768,0.879393785356819,0.536,1.26946199603115,1,1,"5","LINC01551"
0.767,0.640506227094004,0.534,0.930297487891772,1,0.987,"5","NBPF14"
0.766,1.19564676088656,0.532,1.74448321587763,0.826,0.413,"5","SALL1"
0.766,1.36406172474331,0.532,1.96830459860228,1,0.974,"5","ARL6IP1"
0.765,0.866375998899514,0.53,1.25370573510225,1,0.985,"5","SRGAP2"
0.764,0.880200627356866,0.528,1.27151354676858,1,0.955,"5","TCF4"
0.764,0.792072566452615,0.528,1.14464486720295,0.978,0.712,"5","MEIS2"
0.764,0.856196974264856,0.528,1.24137101979391,0.913,0.489,"5","RP11-192N10.2"
0.763,0.847612105624071,0.526,1.22849920266583,0.913,0.489,"5","CKS1BP3"
0.763,0.852760368773986,0.526,1.23385764570419,0.913,0.457,"5","BUB1B"
0.762,1.46689966372755,0.524,2.21709601384896,0.696,0.216,"5","MXD3"
0.762,0.520069148060599,0.524,0.801161033050325,1,0.851,"5","HMGB1P10"
0.761,0.964344426077794,0.522,1.42822593726897,0.848,0.398,"5","DIAPH3"
0.76,1.51406186733109,0.52,2.19098577316708,0.891,0.567,"5","DTYMK"
0.759,1.62794695325355,0.518,2.35829806662019,0.783,0.385,"5","GAS2L3"
0.758,1.84793667607934,0.516,2.68773228424751,0.783,0.372,"5","NDE1"
0.757,1.01594154484716,0.514,1.47539347961604,0.848,0.381,"5","DEPDC1"
0.756,1.21500009981898,0.512,1.7551328131368,1,0.848,"5","H2AFV"
0.756,1.84475336360623,0.512,2.71091928637149,0.761,0.318,"5","NEIL3"
0.756,0.87164227194589,0.512,1.28234560117473,0.87,0.461,"5","CIT"
0.756,0.508321530158602,0.512,0.73445624503394,0.957,0.701,"5","NFIA"
0.754,0.826875532448349,0.508,1.199156074745,1,0.961,"5","PHIP"
0.753,1.1528888257165,0.506,1.66601776437822,0.826,0.385,"5","HIST1H1B"
0.752,1.13578834758957,0.504,1.64189538574721,0.935,0.697,"5","HIST1H1E"
0.751,1.67469811702163,0.502,2.43418978500772,0.848,0.526,"5","CCNA2"
0.751,0.568190106555047,0.502,0.832596385530858,1,0.985,"5","NBPF10"
0.75,0.876830489174417,0.5,1.2674965236332,0.957,0.652,"5","DBF4"
0.749,1.2021945479943,0.498,1.73758531501769,0.891,0.589,"5","CENPN"
0.749,1.60380562532457,0.498,2.37030581011795,0.717,0.26,"5","INCENP"
0.749,0.482132122379149,0.498,0.705952075903255,0.935,0.582,"5","KIAA1217"
0.748,1.22879201186532,0.496,1.78739199751821,0.87,0.582,"5","CDON"
0.748,1.5007342586108,0.496,2.20903991519632,0.783,0.411,"5","KIF14"
0.746,1.62690144323239,0.492,2.40452593352217,0.87,0.485,"5","NCAPG2"
0.746,1.12996473279989,0.492,1.6413509016411,0.957,0.766,"5","RP13-104F24.1"
0.746,0.81884106546424,0.492,1.18228360967256,0.957,0.985,"5","SRRM2"
0.746,1.75400136874264,0.492,2.54709329516165,0.783,0.379,"5","SKA3"
0.745,1.50335145599967,0.49,2.32220567186539,0.739,0.359,"5","POLQ"
0.745,0.886289537154624,0.49,1.28589137843659,0.913,0.574,"5","TTYH1"
0.745,1.4422983561527,0.49,2.10497927848334,0.783,0.424,"5","FOXM1"
0.744,0.823087686190783,0.488,1.19406663874305,0.913,0.574,"5","GLCCI1"
0.744,2.13141443362143,0.488,3.09494003690805,0.63,0.221,"5","CTB-193M12.5"
0.743,0.637913851203704,0.486,0.935502695818062,1,0.983,"5","NBPF19"
0.742,0.884420674211644,0.484,1.27653483744795,1,0.933,"5","AASS"
0.742,0.96989811592897,0.484,1.40563758120652,1,0.996,"5","SRGAP2B"
0.742,0.836052027041101,0.484,1.2128397338138,1,0.996,"5","SRGAP2C"
0.741,1.32641702932864,0.482,2.01419665487494,0.717,0.323,"5","DMRTA2"
0.74,0.881665205334012,0.48,1.27671733616076,0.935,0.768,"5","CNTRL"
0.74,0.897009284729429,0.48,1.29537782050515,1,0.97,"5","RAD21"
0.74,1.40965688153137,0.48,2.04850250102257,0.783,0.359,"5","NCAPH"
0.74,1.39730732389049,0.48,2.08398778285348,0.717,0.258,"5","LINC00925"
0.74,0.855325441156775,0.48,1.23649841950195,0.978,0.684,"5","VRK1"
0.738,1.54669246372175,0.476,2.25347056967866,0.891,0.58,"5","CENPO"
0.738,1.02501409779607,0.476,1.48059157100993,0.913,0.76,"5","PHGDH"
0.737,0.542329457335037,0.474,0.91140730814661,0.609,0.203,"5","SAPCD2"
0.737,1.10220918390333,0.474,1.59515473481174,0.957,0.807,"5","ID4"
0.737,1.89754055413408,0.474,2.76610637081944,0.717,0.288,"5","TACC3"
0.737,1.30633427914232,0.474,1.88705413547654,0.978,0.92,"5","TMPO"
0.736,1.06194245633458,0.472,1.5335083546305,0.978,0.916,"5","TUBB4B"
0.736,2.47850189679519,0.472,3.61871631832175,0.63,0.203,"5","PIF1"
0.735,0.832303206660076,0.47,1.20356815358811,1,0.853,"5","ELMSAN1"
0.735,0.701733501538122,0.47,1.01247863106094,1,1,"5","TUBA1B"
0.734,0.704253020334983,0.468,1.01645868995456,1,0.95,"5","HMGN3"
0.733,0.852677205428656,0.466,1.24241355429677,0.891,0.617,"5","SCLT1"
0.732,0.701620367366113,0.464,1.01710500303594,0.87,0.524,"5","KIAA1524"
0.731,1.554816890929,0.462,2.47778929326481,0.674,0.286,"5","SGOL1-AS1"
0.731,0.154002966554981,0.462,0.222470627914413,0.978,0.738,"5","NEDD4L"
0.731,0.992358696748835,0.462,1.46545643606399,0.761,0.32,"5","AC009133.21"
0.73,0.74684738445591,0.46,1.08654416810292,0.783,0.342,"5","CDC25C"
0.729,1.02254917271967,0.458,1.48421777191939,0.848,0.474,"5","S1PR1"
0.728,0.366657443968275,0.456,0.562437403553389,0.87,0.468,"5","EMX2"
0.727,0.91543778001408,0.454,1.32187388154086,0.978,0.779,"5","LINC00461"
0.727,0.802486160942663,0.454,1.16151439129619,0.935,0.712,"5","BARD1"
0.727,1.62001141849661,0.454,2.99051484891339,0.587,0.154,"5","CTD-2196E14.5"
0.727,1.39625471578973,0.454,2.03497797348259,0.913,0.662,"5","LIX1L"
0.726,1.14415883944047,0.452,1.65541461227993,0.978,0.948,"5","DCAF7"
0.725,2.32387329745619,0.45,3.52864080630305,0.652,0.245,"5","ESPL1"
0.723,0.863509268255483,0.446,1.24633061786567,1,0.948,"5","HMGB3"
0.723,1.63252745301677,0.446,2.41883648561952,0.761,0.394,"5","RANGAP1"
0.723,0.882842107904676,0.446,1.33921457274775,0.674,0.251,"5","GAREML"
0.722,0.945286810250775,0.444,1.37605441819638,0.957,0.861,"5","RFFL"
0.722,0.584880532591425,0.444,0.843817057603278,1,1,"5","RP11-386G11.10"
0.721,1.12002584674865,0.442,1.6412825408725,0.674,0.284,"5","RNF26"
0.721,0.379833649100172,0.442,0.549440846159445,1,0.991,"5","NUCKS1"
0.72,1.10064868588217,0.44,1.59278139513879,0.804,0.545,"5","RHNO1"
0.72,0.747077531983166,0.44,1.07987774911456,1,0.866,"5","LBR"
0.719,0.773370465091654,0.438,1.12064230057145,0.978,0.766,"5","HMGA2"
0.718,0.256457604590736,0.436,0.369993545530857,0.957,0.682,"5","SNORA11E"
0.718,0.811306354543051,0.436,1.17544463246265,0.87,0.515,"5","DUSP10"
0.718,0.764496383772757,0.436,1.10363354011541,1,0.987,"5","HP1BP3"
0.717,0.251369623925196,0.434,0.362653077855065,0.957,0.682,"5","SNORA11D"
0.717,0.970825156305816,0.434,1.4036529921959,0.913,0.755,"5","NUDCD2"
0.716,0.179952052691434,0.432,0.265831816745646,0.696,0.273,"5","CHRDL1"
0.716,0.900370117762948,0.432,1.30291326831115,0.804,0.481,"5","CENPW"
0.716,0.570349397230727,0.432,0.822884248440197,1,0.989,"5","H2AFZ"
0.716,1.18538585334141,0.432,1.72467030326144,0.957,0.708,"5","CENPC"
0.715,0.589013858276335,0.43,0.868600997317184,0.739,0.366,"5","MEGF10"
0.715,0.711917079703694,0.43,1.03143196501012,0.891,0.645,"5","CEP89"
0.715,0.962411243299867,0.43,1.39154635767568,0.935,0.736,"5","G2E3"
0.715,1.63041321936251,0.43,2.38846465145064,0.674,0.323,"5","CRB1"
0.714,0.316948988660204,0.428,0.457313477916376,1,1,"5","MAP1B"
0.714,1.16819003249113,0.428,1.69450297535201,0.761,0.377,"5","ARHGAP11B"
0.714,0.442987494166077,0.428,0.691676214390746,1,0.998,"5","FRMD6-AS1"
0.714,2.23005056232565,0.428,3.35456852154173,0.783,0.677,"5","APOLD1"
0.714,1.25336622818676,0.428,1.81212460655194,0.804,0.511,"5","ZWINT"
0.713,2.35337072520153,0.426,3.49542865600784,0.63,0.251,"5","KIFC1"
0.713,1.07432297722686,0.426,1.56110206812831,0.804,0.632,"5","RP5-821D11.7"
0.713,0.68266222121898,0.426,0.98600418549649,1,0.968,"5","FAM171B"
0.712,0.35797546675056,0.424,0.517741599090989,0.913,0.645,"5","HDAC9"
0.71,1.08693238338843,0.42,1.60707646305693,0.5,0.078,"5","IL33"
0.709,1.14811149451112,0.418,1.66231389288626,0.783,0.528,"5","HIST1H1C"
0.708,0.712150473432206,0.416,1.04314154575797,1,0.998,"5","CEP135"
0.708,1.16667488340511,0.416,1.69288423186057,0.826,0.481,"5","TDP1"
0.708,1.38094158369672,0.416,2.02155295577456,0.761,0.476,"5","OLMALINC"
0.707,1.85763819938433,0.414,2.70965505843102,0.652,0.262,"5","PHF19"
0.707,0.881292169590902,0.414,1.2743174956942,0.804,0.576,"5","NUP35"
0.707,1.71311470449686,0.414,2.50275057258156,0.804,0.641,"5","SKA1"
0.706,0.858370619692169,0.412,1.24086241927078,1,0.853,"5","MID1"
0.706,0.381031951588211,0.412,0.563188970766032,0.848,0.498,"5","MOB3B"
0.706,0.813910655238863,0.412,1.17890002216824,1,0.998,"5","ESCO2"
0.706,1.39838449706187,0.412,2.07498410173705,0.565,0.216,"5","RP11-334E6.10"
0.706,1.21168504254696,0.412,1.80748796020662,0.609,0.219,"5","FAM72B"
0.705,0.592033587263137,0.41,0.880546747691145,0.848,0.522,"5","GPC4"
0.705,1.18384608708099,0.41,1.73134025566383,0.826,0.561,"5","SORT1"
0.704,1.19504917096969,0.408,1.7475915117884,0.804,0.506,"5","PHLPP1"
0.704,1.58655893105088,0.408,2.30957615319799,0.63,0.281,"5","EMC9"
0.703,1.77952858539478,0.406,2.63083309026233,0.739,0.4,"5","UG0898H09"
0.703,0.845275341904985,0.406,1.22204763816332,0.913,0.595,"5","NEDD1"
0.702,1.37601035771347,0.404,2.19219464349328,0.587,0.21,"5","FAM72C"
0.701,0.521463666561917,0.402,0.753800724435521,0.913,0.558,"5","CENPK"
0.866,3.64160571108149,0.732,5.30225377586312,0.867,0.235,"6","RSPO3"
0.812,4.58123072924134,0.624,6.65169103288754,0.711,0.184,"6","RSPO2"
0.799,1.32978971426673,0.598,1.91972015431633,0.933,0.592,"6","DDIT3"
0.793,2.4119601351251,0.586,3.51833490199643,0.8,0.348,"6","TPBG"
0.785,2.2438983537485,0.57,3.26091403470728,0.889,0.557,"6","NTRK2"
0.782,1.48517229806984,0.564,2.14299432887872,0.978,0.827,"6","CLU"
0.78,2.04213950228363,0.56,2.96208145018225,0.822,0.404,"6","WLS"
0.777,2.94556026014217,0.554,4.31284527962104,0.733,0.322,"6","ADCY2"
0.773,0.929696210062873,0.546,2.47177380190211,0.867,0.577,"6","RP11-39C10.1"
0.771,1.17605124143798,0.542,1.69915683926428,0.978,0.739,"6","ZIC2"
0.757,1.31524754668581,0.514,1.90654580644113,0.933,0.68,"6","SEMA6A"
0.755,1.25571988211665,0.51,1.82614136852188,0.978,0.728,"6","ATP1B2"
0.743,2.05239517055791,0.486,3.02581898294292,0.778,0.43,"6","MAF"
0.738,0.687741328248238,0.476,0.992309188746267,1,1,"6","MALAT1.2"
0.734,1.51646817803537,0.468,2.1916936544082,0.911,0.635,"6","CDO1"
0.73,2.12565131511153,0.46,3.09790675089621,0.8,0.428,"6","GJA1"
0.729,1.00599925856968,0.458,1.45530113187401,1,0.909,"6","PSAP"
0.725,2.57128575149972,0.45,3.72762035152458,0.689,0.292,"6","SULF2"
0.725,1.8112893625751,0.45,2.66942847384389,0.889,0.611,"6","NEAT1"
0.72,1.30222096450233,0.44,1.87994235596517,0.911,0.635,"6","RMST"
0.718,1.68375368590866,0.436,2.49049191455477,0.711,0.311,"6","WNT5A"
0.715,1.22773600519301,0.43,1.77889728534043,0.711,0.337,"6","NR2F2-AS1"
0.714,2.16993409975477,0.428,3.13426627225904,0.911,0.788,"6","DMD"
0.714,1.61626651724213,0.428,2.33329107377193,1,0.959,"6","HSPA5"
0.712,2.58512801406321,0.424,4.15262910337628,0.511,0.119,"6","RBM47"
0.709,0.733339750033739,0.418,1.06056159156977,0.933,0.81,"6","CTC-425F1.4"
0.709,1.03295367252981,0.418,1.49622862354784,0.889,0.635,"6","ZNF521"
0.709,2.32791834675439,0.418,3.41898128838372,0.689,0.32,"6","ATP1A2"
0.708,0.700770062442875,0.416,1.18500874923556,0.733,0.363,"6","ZIC5"
0.707,0.96052065643405,0.414,1.40116070169638,1,0.924,"6","SYAP1"
0.707,1.12880932707773,0.414,1.63344051418548,0.889,0.771,"6","BNIP3"
0.706,1.60107509056302,0.412,2.43391407188959,0.622,0.229,"6","RP6-24A23.7"
0.705,0.701004999724761,0.41,1.02806347746282,1,0.985,"6","NBPF8"
0.704,0.578816482552087,0.408,0.836506657086998,1,0.857,"6","CNTNAP2"
0.703,1.42573282471634,0.406,2.06141681436529,0.8,0.46,"6","INSIG2"
0.702,0.464564329091797,0.404,0.672590930284922,0.933,0.698,"6","SLIT2"
0.701,1.43051757279006,0.402,2.1304176293252,0.867,0.596,"6","HK2"
0.826,1.64929621092441,0.652,2.38615069817154,0.9,0.393,"7","OTX2"
0.818,1.68683421613237,0.636,2.43369279925185,1,0.931,"7","CKB"
0.813,1.23922744987881,0.626,1.78796058629178,1,1,"7","CH507-513H4.5"
0.81,1.7448848157815,0.62,2.51928156131422,1,0.912,"7","TUBB3.1"
0.794,2.09469460517774,0.588,3.03373420781466,0.967,0.69,"7","LPHN2"
0.791,1.12263192546278,0.582,1.61968398146618,1,1,"7","CH507-513H4.6"
0.79,1.11691560853941,0.58,1.61144030741826,1,1,"7","CH507-513H4.3"
0.788,1.18076695280483,0.576,1.70355835623335,1,1,"7","CH507-513H4.4"
0.775,0.192353028689857,0.55,1.51224074822759,0.8,0.337,"7","TUBB3"
0.769,2.72182448599013,0.538,3.94258301211656,0.933,0.81,"7","CTD-2328D6.1"
0.751,1.2403625583579,0.502,1.79070629584958,1,0.849,"7","TCF12"
0.75,2.89107475742894,0.5,4.21837703418568,0.733,0.385,"7","PCBP4"
0.735,0.910206117560783,0.47,1.33599486443153,0.967,0.757,"7","RP11-32K4.1"
0.731,0.647153180214972,0.462,0.942006499166871,0.933,0.538,"7","CXXC4"
0.725,0.517635094734116,0.45,0.746867798802549,1,0.996,"7","SRSF3"
0.725,0.910345646731861,0.45,1.33959781240304,0.767,0.351,"7","GREB1L"
0.725,0.964091976916752,0.45,1.39224190512491,1,0.916,"7","CORO1C"
0.721,1.60537277952291,0.442,2.31801884511368,0.9,0.778,"7","TFDP2"
0.72,1.77584111671278,0.44,2.60852146939061,0.667,0.324,"7","SLC6A8"
0.72,1.69077459011486,0.44,2.46290193632765,0.9,0.523,"7","POU3F2"
0.716,0.929371217347989,0.432,1.34772624845462,0.933,0.87,"7","BTG1"
0.714,0.735189701199554,0.428,1.06067762678932,0.833,0.429,"7","SCARNA22"
0.713,0.684257284416328,0.426,0.987703553834422,1,0.927,"7","OAZ1"
0.713,2.2613525704886,0.426,3.32662941904034,0.667,0.312,"7","LGR4"
0.288,0.0886974477354086,0.424,0.128823736635408,0.633,0.889,"7","N4BP2"
0.712,1.0241630870306,0.424,1.51994455918374,0.9,0.492,"7","IGDCC3"
0.711,0.403511314066631,0.422,0.582390515845406,1,0.998,"7","MTRNR2L12"
0.711,1.53607974151818,0.422,2.26078298763379,0.733,0.345,"7","ORAOV1"
0.709,1.32851923613746,0.418,1.93995351299947,0.767,0.473,"7","TOX"
0.706,1.03397998061858,0.412,1.49392983220836,1,0.883,"7","CCT4"
0.706,1.55183857745783,0.412,2.25570497351649,0.8,0.485,"7","CCND1"
0.706,1.45769022913917,0.412,2.11691726652624,0.567,0.19,"7","LMO1"
0.705,0.467475934682564,0.41,1.14292667269765,0.967,0.833,"7","CTD-2311B13.9"
0.703,0.571760817519317,0.406,0.826496464562236,1,0.971,"7","TMEM33"
0.703,3.33666742553322,0.406,5.03656303333323,0.533,0.178,"7","PROX1"
0.701,2.73381443085998,0.402,3.9590482144242,0.7,0.408,"7","TMEM38B"
0.701,2.05930672113247,0.402,3.04359095747002,0.667,0.374,"7","HES6"
0.701,0.796257715270594,0.402,1.16082412996874,0.967,0.879,"7","RIC3"
0.843,1.8525576164983,0.686,2.68593238698791,0.931,0.482,"8","S1PR1"
0.829,1.0696347336991,0.658,1.54331001800242,1,0.67,"8","C1orf61"
0.816,1.08687312642622,0.632,1.57039674249839,0.966,0.724,"8","CREB5"
0.81,1.2469506787736,0.62,1.80791891739477,0.966,0.628,"8","LRIG1"
0.798,0.962833056529039,0.596,1.39284064739807,0.862,0.365,"8","IFI44L"
0.794,1.41301452670434,0.588,2.03977860256361,1,0.837,"8","MCM7"
0.787,0.932535421805784,0.574,1.3495920247294,1,0.81,"8","ID4"
0.785,1.32267948625523,0.57,1.91265588874107,1,0.62,"8","MCM4"
0.785,0.83874174686964,0.57,1.21204309746285,1,0.787,"8","SOX5"
0.782,0.641367275077393,0.564,0.928749143405485,0.966,0.53,"8","HEY1"
0.773,0.700103505107387,0.546,1.02276911128294,0.897,0.493,"8","PDP1"
0.772,1.58701593942376,0.544,2.34505635954286,0.69,0.2,"8","HRK"
0.77,1.92010828294469,0.54,2.78986357309315,0.862,0.422,"8","DTL"
0.767,1.1890388523601,0.534,1.71604317807645,1,0.775,"8","FABP7"
0.766,0.946330517580179,0.532,1.37031341940457,0.897,0.482,"8","DAXX"
0.765,0.894539042346998,0.53,1.29793992875385,0.897,0.532,"8","LHX2"
0.764,0.474035629438841,0.528,0.683930811402607,1,0.931,"8","CKB"
0.759,1.10158319180091,0.518,1.63822631156708,0.931,0.656,"8","SP1"
0.758,1.05181269569497,0.516,1.52179499460463,0.966,0.651,"8","MCM3"
0.752,0.550418917617517,0.504,0.795557250575209,1,0.998,"8","SYNE2"
0.751,1.0344447101432,0.502,1.49535069941147,0.897,0.578,"8","MTHFD2"
0.751,1.53998830592025,0.502,2.22949279736141,0.966,0.653,"8","RAB8B"
0.751,0.759990625897838,0.502,1.10580070837937,0.966,0.754,"8","EFNB2"
0.749,1.0131233705984,0.498,1.46326856573208,0.931,0.601,"8","SLC1A3"
0.746,1.46756652522477,0.492,2.12673783937834,0.828,0.591,"8","GINS2"
0.746,1.3578425097567,0.492,1.99961000572046,0.655,0.198,"8","CA12"
0.744,0.694713796840355,0.488,1.00312285502426,0.828,0.378,"8","RP3-363L9.1"
0.742,0.619837455514252,0.484,0.89527165536199,1,0.969,"8","FAM171B"
0.742,1.28543669003245,0.484,1.88758862804964,0.862,0.532,"8","DHX33"
0.741,0.67961476632235,0.482,0.98675716162978,0.966,0.816,"8","GLI3"
0.74,0.904024256632216,0.48,1.31054197380884,0.897,0.63,"8","FGFBP3"
0.736,0.474255231016619,0.472,0.684698236078013,1,0.816,"8","TMEM161B-AS1"
0.735,0.795277981136238,0.47,1.14834385660435,1,0.848,"8","NME1"
0.735,0.497237516179753,0.47,0.717379850543805,1,1,"8","GAPDH"
0.734,0.59195255464077,0.468,0.855921059674669,0.966,0.791,"8","SFRP1"
0.734,0.837590819350335,0.468,1.21285487268233,0.966,0.825,"8","MSH6"
0.732,1.5041485366253,0.464,2.20831237455454,0.759,0.436,"8","WDR76"
0.73,0.807102852006996,0.46,1.17320368009324,0.966,0.795,"8","PER2"
0.728,1.05256277462878,0.456,1.52340969953491,0.897,0.562,"8","CTPS1"
0.726,0.266428548180641,0.452,0.384824118276264,1,0.785,"8","LINC00461"
0.726,0.660534726469188,0.452,0.961014978115412,0.931,0.637,"8","SKP2"
0.724,0.088191720917119,0.448,0.127370898439782,1,0.727,"8","NFIB"
0.724,0.453541807410215,0.448,0.658734836477238,0.931,0.656,"8","TSPAN5"
0.723,0.594584165506953,0.446,0.85795210861844,1,0.994,"8","EGR1"
0.723,0.378688365835159,0.446,0.546728001740526,1,1,"8","LINC01551"
0.722,0.96979998056783,0.444,1.40587969523848,0.931,0.555,"8","PRPS2"
0.721,1.11991145292271,0.442,1.61752780252139,0.966,0.762,"8","PHGDH"
0.72,1.92195982565443,0.44,2.98301687843278,0.621,0.207,"8","CDH23"
0.72,0.503676883513045,0.44,0.727128875969427,0.966,0.883,"8","PPA1"
0.719,0.464726426386841,0.438,0.711632795414144,0.862,0.574,"8","FUT9"
0.719,1.29056974527286,0.438,1.86895997853929,0.862,0.559,"8","FEN1"
0.719,0.842698337652428,0.438,1.28383024435503,0.759,0.334,"8","DMRTA2"
0.717,0.253138292712208,0.434,0.371535933110749,0.793,0.357,"8","ADAMTS9"
0.716,0.791122352476094,0.432,1.14225870011464,1,0.904,"8","NOP56"
0.715,0.664164147452043,0.43,0.958996517208039,0.931,0.848,"8","FABP5"
0.715,0.481521798167159,0.43,0.695916291044869,1,0.875,"8","SLC35F1"
0.714,0.899053357375709,0.428,1.30149608664247,0.897,0.666,"8","RFX4"
0.714,1.42004431250105,0.428,2.05696109945349,0.828,0.601,"8","TULP3"
0.713,1.2987741778309,0.426,1.89281125336497,0.862,0.587,"8","ATAD2"
0.712,1.20759935098166,0.424,1.75444451392563,0.621,0.205,"8","AMBN"
0.712,0.450278293852953,0.424,0.652820320814631,1,0.772,"8","HMGA2"
0.712,0.523863784534832,0.424,0.756684240987978,1,0.994,"8","CCND2"
0.71,0.464546561461827,0.42,0.692004264587447,0.828,0.534,"8","GPC4"
0.71,0.550410900391157,0.42,0.795913555655947,0.931,0.639,"8","CENPU"
0.708,0.697671582967424,0.416,1.00869427314069,0.931,0.653,"8","HDAC9"
0.706,0.668925737152846,0.412,0.969139940605537,0.931,0.691,"8","MSH2"
0.705,1.16400779891227,0.41,1.70124848470329,0.759,0.418,"8","MCM2"
0.704,0.664835209056973,0.408,0.960698022713585,0.966,0.86,"8","RP11-728F11.4"
0.704,0.806409619223365,0.408,1.16659955360552,0.966,0.877,"8","IVNS1ABP"
0.703,0.187664178961457,0.406,0.28417893367909,0.724,0.349,"8","ARX"
0.703,1.16955583522749,0.406,1.71627172400079,0.724,0.296,"8","CDC6"
0.703,0.982277166305609,0.406,1.41836196964863,0.931,0.691,"8","TMEM106C"
0.863,0.735997786842014,0.726,1.56372025215319,1,0.749,"9","EEF1A1P12"
0.843,0.985713937235879,0.686,1.42830053819834,1,0.805,"9","RP11-175B9.3"
0.843,0.395714814539436,0.686,1.94731689082266,0.962,0.436,"9","EEF1A1P14"
0.839,1.03329673537361,0.678,1.50702324104552,1,0.741,"9","RPL41P2"
0.838,0.97172399248481,0.676,1.46847849322245,1,0.824,"9","RP11-492M23.2"
0.834,0.874011390957138,0.668,1.27039153069906,1,0.977,"9","RP11-50D9.1"
0.832,0.892079352141687,0.664,1.30865043013279,1,0.977,"9","RPL7P23"
0.831,0.878146650482924,0.662,1.42414678123728,1,0.79,"9","RPL3P2"
0.831,0.248805136796881,0.662,0.377760982034524,1,0.938,"9","AC097523.1"
0.83,0.55605301681209,0.66,0.848834778038721,1,0.84,"9","RP11-592N21.1"
0.828,0.907704713605797,0.656,1.43582257098521,1,0.716,"9","RPS7P1"
0.828,0.612529699375216,0.656,0.930271898094939,1,0.811,"9","RP11-203F10.6"
0.827,0.819693370371708,0.654,1.25676176298401,1,0.927,"9","EEF1A1P11"
0.824,0.60519453851632,0.648,0.892265931635403,1,0.99,"9","EEF1A1P19"
0.824,1.13413731083767,0.648,1.63708034552371,0.962,0.583,"9","LINC01021"
0.822,0.846499510278158,0.644,1.25890505053444,1,0.981,"9","EEF1A1P13"
0.822,0.879065082910586,0.644,1.33527363814021,1,0.813,"9","AC092155.1"
0.821,1.62975800932947,0.642,2.35257910208181,1,0.641,"9","RMST"
0.82,0.832713191057232,0.64,1.20322817578113,1,0.801,"9","RP11-761N21.2"
0.819,0.816260925672514,0.638,1.18282369866089,1,0.977,"9","RPL21P75"
0.819,0.695638895778614,0.638,1.26253235921697,1,0.828,"9","EEF1A1P4"
0.818,0.828027823452459,0.636,1.20011137844361,1,0.809,"9","RP11-543P15.1"
0.817,0.848714771362835,0.634,1.29775468489114,1,0.811,"9","AC010468.1"
0.816,0.874090618914314,0.632,1.32023487836172,1,0.811,"9","RPL21P39"
0.811,0.885823145666629,0.622,1.31237341055814,0.962,0.429,"9","POTEF"
0.81,0.630862850685751,0.62,0.931789143423911,1,0.832,"9","RPL7P19"
0.807,0.846939388674254,0.614,1.23185738407149,1,0.815,"9","CTD-2287O16.1"
0.806,0.80009800127448,0.612,1.15840817302442,1,0.977,"9","RPL21P119"
0.801,0.490821951017065,0.602,0.748980611593161,1,0.863,"9","RPL15P2"
0.8,1.07857620426116,0.6,1.63203685564578,0.962,0.541,"9","POTEI"
0.798,0.545238380972167,0.596,0.989824596278693,0.962,0.612,"9","RPS3AP25"
0.797,0.870114731935315,0.594,1.30044610525711,1,0.799,"9","RPS13P2"
0.795,0.620548914621004,0.59,1.33096391666566,1,0.705,"9","RPL4P5"
0.795,0.811188780091741,0.59,1.3517298486679,0.923,0.757,"9","RPL13AP7"
0.795,1.01553692966992,0.59,1.53368322400684,0.923,0.417,"9","POTEE"
0.793,0.666197894921463,0.586,0.964652691380015,1,0.929,"9","RPS23P8"
0.793,0.651060238792232,0.586,0.939973459753059,1,0.981,"9","RPL15P3"
0.792,1.03172667083291,0.584,1.73482377696443,0.923,0.483,"9","RP11-51O6.1"
0.792,0.499997846394785,0.584,0.758128413256577,1,0.915,"9","RPL7AP6"
0.792,0.805120915614163,0.584,1.53714032907733,0.962,0.718,"9","H3F3C"
0.79,1.00879424695177,0.58,1.48159016012311,0.962,0.508,"9","RP11-452N17.1"
0.79,0.911190804634532,0.58,1.45576654420735,0.885,0.359,"9","RP11-112J1.1"
0.789,0.719230524784617,0.578,1.13074773852766,1,0.929,"9","RPL4P4"
0.789,0.146247823935098,0.578,0.238706404901935,0.923,0.741,"9","RPL13AP20"
0.787,0.77903985252442,0.574,1.15377883601308,1,0.869,"9","RPS3AP5"
0.786,0.747828955678996,0.572,1.08211688053386,1,0.743,"9","KLHL24"
0.785,0.689285779735505,0.57,1.00007872939456,0.962,0.664,"9","ZNF33A"
0.783,0.575784572775912,0.566,1.26871493129362,0.962,0.809,"9","HSP90AB3P"
0.783,0.697821173355015,0.566,1.00909958480412,1,0.977,"9","RP11-572P18.1"
0.782,0.682578778909653,0.564,0.996095183299486,1,0.981,"9","RPS3AP26"
0.781,0.606922429851879,0.562,1.1634318029845,0.885,0.371,"9","POTEJ"
0.781,0.956781181120372,0.562,1.51341016365601,0.923,0.434,"9","AC079922.2"
0.781,0.731776328568849,0.562,1.16031551887099,0.962,0.618,"9","RPL29P33"
0.78,0.704254553988933,0.56,1.02094933524769,1,0.99,"9","RPS3AP6"
0.78,0.744641951063705,0.56,1.24264954249676,1,0.78,"9","YWHAZP3"
0.779,1.0035515769903,0.558,1.48900760036238,1,0.774,"9","RP11-641D5.1"
0.776,0.688948705775701,0.552,1.28859473623755,1,0.728,"9","HNRNPA1P8"
0.776,0.895914854694503,0.552,1.34934815453283,1,0.836,"9","CTD-2192J16.15"
0.775,0.648190334176718,0.55,1.04845718262073,0.962,0.641,"9","RPS26P47"
0.774,0.452647026252299,0.548,1.08123810113819,1,0.523,"9","NPM1P39"
0.771,1.10973438580822,0.542,1.60326331678112,0.885,0.376,"9","RPL39P3"
0.771,0.598214136747473,0.542,0.932579167482172,1,0.876,"9","RPS7P11"
0.771,0.850969546049502,0.542,1.58353141516308,0.923,0.461,"9","RP11-16F15.2"
0.769,1.24641811744182,0.538,1.80296638920424,0.962,0.705,"9","SLIT2"
0.769,0.113915019785884,0.538,0.175998290410193,0.962,0.71,"9","RPS26P15"
0.768,0.548705555790367,0.536,0.800659085337732,0.962,0.5,"9","VAT1"
0.768,0.576326243619603,0.536,0.834453283255349,0.885,0.525,"9","CCNDBP1"
0.767,1.13295176012003,0.534,1.65192090797759,0.923,0.479,"9","PRTG"
0.767,0.646653843759559,0.534,0.933672322006673,1,0.909,"9","TMEM258"
0.767,0.624136911030372,0.534,0.901167968298212,1,0.988,"9","RPL7P9"
0.766,0.490383563877644,0.532,1.58293964501304,0.923,0.527,"9","EEF1A1P9"
0.765,0.581817862227178,0.53,1.09131318675171,0.962,0.645,"9","RPSAP15"
0.765,0.92944935884632,0.53,1.36681414725693,0.962,0.683,"9","AC016708.2"
0.764,0.545646603375616,0.528,0.806410211570364,1,0.967,"9","KB-1208A12.3"
0.764,0.630338581268066,0.528,0.916348938985838,1,0.724,"9","SLC38A6"
0.763,0.901285647721756,0.526,1.35783112071539,0.923,0.515,"9","RP11-343H5.4"
0.762,0.557351154645328,0.524,0.894121808490943,1,0.683,"9","RPL23AP2"
0.761,0.678511097592185,0.522,0.979239915972032,1,0.94,"9","ARRDC3"
0.761,0.566549142594956,0.522,0.817461022453836,1,0.992,"9","SRP14"
0.761,0.528377160430689,0.522,0.89434875766843,0.808,0.27,"9","RP11-390K5.1"
0.759,0.551442866259253,0.518,0.79585959043342,1,1,"9","EEF1A1P5"
0.758,0.597967698264365,0.516,0.869394991081012,1,0.927,"9","RPS26P8"
0.758,0.725580136436626,0.516,1.06630615328796,1,0.932,"9","RP11-425L10.1"
0.756,0.383801320414417,0.512,0.558646660703749,0.846,0.411,"9","ABLIM1"
0.755,0.81954920123413,0.51,1.18890177765705,0.923,0.562,"9","RBMX2"
0.755,0.840903075785682,0.51,1.23182032101681,0.962,0.952,"9","AC004069.2"
0.755,0.669760929993022,0.51,0.980414918851197,0.885,0.492,"9","BCL2L13"
0.755,0.479034382227197,0.51,0.732124847009459,1,0.954,"9","RPS3AP47"
0.755,0.560542574435227,0.51,0.818366098724074,1,0.902,"9","RP11-290D2.6"
0.755,0.118932116195682,0.51,0.174714523667612,1,0.624,"9","SLCO1A2"
0.754,0.48058612007601,0.508,1.30612462065581,0.846,0.425,"9","HSP90AB2P"
0.754,0.329082594904191,0.508,0.544426002290902,1,0.909,"9","RPL7AP66"
0.753,0.526466456980004,0.506,0.761457950319297,1,0.985,"9","RPL7P1"
0.753,0.747469668547533,0.506,1.08764611433254,0.962,0.73,"9","PREPL"
0.753,0.752597674510162,0.506,1.08839518530568,0.962,0.678,"9","POLR1D"
0.752,0.578759441965208,0.504,0.847443345261342,0.769,0.28,"9","CCDC160"
0.752,0.675704188790769,0.504,1.00895397587235,1,0.932,"9","RPL9P7"
0.751,0.71033115866301,0.502,1.02611656406017,1,0.813,"9","TCEAL8"
0.75,0.614632520369733,0.5,0.891547475930516,1,0.934,"9","RPS26P6"
0.75,0.405152994585002,0.5,0.585721902963375,1,0.78,"9","ZEB2"
0.75,0.254243658360342,0.5,0.49474834469616,0.885,0.564,"9","RP11-120M18.2"
0.749,0.775249929184626,0.498,1.19852238334497,1,0.761,"9","RPL14P1"
0.749,0.530081201392554,0.498,0.765025408678468,1,0.676,"9","MDK"
0.749,0.481525899265333,0.498,0.718682556496892,1,0.604,"9","SKIDA1"
0.749,0.593965473472542,0.498,0.861613006427167,1,0.668,"9","GPBP1L1"
0.748,0.126257502940778,0.496,1.18025385550053,0.885,0.382,"9","TRIM60"
0.748,0.534199593129725,0.496,0.776133288821915,0.962,0.566,"9","SLC44A2"
0.748,0.746299713764148,0.496,1.12525970124984,1,0.913,"9","AC021224.1"
0.747,0.51300675779025,0.494,0.740553888462065,1,1,"9","EEF1A1P6"
0.747,0.510917247312495,0.494,0.75375725469112,0.846,0.411,"9","LRP2"
0.746,0.477544406233751,0.492,0.813867417886959,0.962,0.718,"9","RP11-490G8.1"
0.746,0.64042368591604,0.492,0.928909762607836,1,0.959,"9","RP11-20O24.4"
0.746,0.615177136201887,0.492,0.896209790625731,1,0.956,"9","RP4-706A16.3"
0.743,0.984865999150537,0.486,1.56335358560874,0.692,0.224,"9","RECK"
0.742,0.956495496093638,0.484,1.38206475727501,0.962,0.732,"9","EFNA5"
0.742,0.891512139899415,0.484,1.31229759762326,0.769,0.34,"9","COL2A1"
0.741,1.09645274646008,0.482,1.60472096192195,0.885,0.589,"9","NR6A1"
0.741,0.66404339515613,0.482,0.958254348197743,1,0.981,"9","EIF3E"
0.741,0.627697145520187,0.482,0.911892655363802,1,0.967,"9","RPL6P27"
0.74,0.299010730650404,0.48,0.449429072008682,0.808,0.357,"9","CPS1"
0.74,0.503649389821684,0.48,0.735655229078356,1,0.824,"9","AC007969.5"
0.739,0.260414132559394,0.478,0.395226194655474,1,0.873,"9","RP11-464D20.2"
0.739,0.698153544312448,0.478,1.03946291549496,0.846,0.498,"9","IGDCC3"
0.738,1.82816536502269,0.476,2.69395249312139,1,0.707,"9","SUMO2P17"
0.738,2.7988373490718,0.476,4.03948627347309,0.808,0.469,"9","CRABP1"
0.737,0.533013217700658,0.474,0.957055486505265,0.962,0.861,"9","HNRNPA1P4"
0.737,0.679600344564152,0.474,0.992715224079847,0.885,0.527,"9","POU3F2"
0.737,0.35223874221916,0.474,0.514123122042939,0.962,0.558,"9","PDRG1"
0.737,0.153421311295946,0.474,0.223496279236035,0.962,0.539,"9","CHCHD5"
0.737,0.578372721909164,0.474,0.84069438930963,1,0.932,"9","RPL3P4"
0.736,0.422535143565447,0.472,1.46514300895769,0.808,0.409,"9","RP6-105D16.1"
0.736,0.898356747280359,0.472,1.29798601194639,1,0.747,"9","ZIC2"
0.735,1.12638146512597,0.47,1.66825304701414,0.962,0.631,"9","LINC00649"
0.735,0.582989229072651,0.47,0.882444191984564,0.769,0.299,"9","AGBL5"
0.735,0.591068863948773,0.47,0.884780113044162,0.769,0.346,"9","DNAJC15"
0.735,0.303040344115869,0.47,0.439044172597809,0.962,0.583,"9","FBXO3"
0.734,1.2648353030662,0.468,1.86082234731324,0.731,0.309,"9","DPPA4"
0.734,0.854181082861694,0.468,1.24207641821571,1,0.896,"9","TRNT1"
0.734,0.52328651366374,0.468,0.75535561526061,1,0.963,"9","RPS26"
0.733,1.07205815211464,0.466,2.35769373342805,0.654,0.218,"9","ANXA2P2"
0.733,0.877018807431906,0.466,1.27706739275914,0.808,0.409,"9","AMPH"
0.733,2.0513284315457,0.466,3.06108711668126,0.923,0.525,"9","RP11-276M12.1"
0.733,0.207995238646476,0.466,0.301956874303988,0.923,0.541,"9","PPFIBP1"
0.733,0.365833562090443,0.466,0.619068463194918,0.808,0.394,"9","RP11-864N7.2"
0.733,0.508839876275713,0.466,0.734126112430475,1,0.998,"9","RPL5"
0.733,0.604314015154263,0.466,0.874384723889831,1,0.689,"9","CCDC23"
0.732,1.94312375865442,0.464,2.85190753586839,0.731,0.324,"9","SLC6A8"
0.732,0.571826265752432,0.464,0.856244572310767,1,0.689,"9","RPL35P2"
0.731,0.881398616520633,0.462,1.28973126503702,0.962,0.668,"9","CA5B"
0.731,0.0679123590527575,0.462,0.1192361988925,1,0.913,"9","HNRNPA1P35"
0.73,0.931774275132669,0.46,1.36299624979631,0.731,0.322,"9","CDH10"
0.73,0.820829097966837,0.46,1.80837802183272,0.654,0.183,"9","TRMT112P6"
0.73,0.516231845593719,0.46,0.745756844914071,1,0.859,"9","MYL6B"
0.729,0.705271969136103,0.458,1.56871546294492,0.962,0.571,"9","PGM5P2"
0.729,0.736263733241464,0.458,1.06304945512579,1,0.965,"9","HSBP1"
0.728,0.617922106252903,0.456,0.891646975350147,1,0.981,"9","COX7C"
0.728,0.472875006546615,0.456,0.687665278428296,0.731,0.33,"9","KLHDC8B"
0.728,0.876785033238405,0.456,1.52888564657633,0.692,0.278,"9","RPS20P35"
0.728,0.401489992874439,0.456,0.58022193979961,0.885,0.527,"9","SCG5"
0.728,0.539751437459272,0.456,0.782459307845837,1,0.589,"9","NTPCR"
0.728,0.97689472047351,0.456,1.41181913546353,0.885,0.529,"9","RP4-717I23.3"
0.727,0.684685306152669,0.454,1.86450089456958,0.615,0.205,"9","EPPK1"
0.727,0.579890530781221,0.454,0.838623397126971,1,0.844,"9","PPIL4"
0.727,1.64898287254573,0.454,2.57019198159665,0.808,0.456,"9","CTB-55B8.1"
0.727,0.40556078368002,0.454,0.585127453107399,1,0.996,"9","RPL15"
0.727,0.505812887424423,0.454,0.749689079049802,0.923,0.62,"9","NEAT1"
0.726,0.547158446178274,0.452,0.793432494221028,0.962,0.728,"9","NIPSNAP1"
0.726,0.927104475440173,0.452,1.33969526721225,1,0.836,"9","PIAS1"
0.725,0.559657939574505,0.45,0.912432101422574,0.962,0.668,"9","RPS26P31"
0.725,0.575598154905313,0.45,0.846096665506171,1,0.965,"9","RPLP0P6"
0.725,0.365516203482989,0.45,1.5109309870835,0.654,0.203,"9","AC005795.1"
0.725,0.674788846960252,0.45,1.20197258856622,0.808,0.402,"9","AL158801.1"
0.724,0.711979845026245,0.448,1.04635680028731,0.962,0.693,"9","ERP44"
0.724,0.65305425582582,0.448,0.956910353043561,1,0.981,"9","HNRNPA1P48"
0.724,0.425699897108682,0.448,0.614180566760252,1,0.979,"9","RPS29"
0.724,0.361954638015026,0.448,0.528398137166501,1,0.886,"9","RPL21P28"
0.723,0.487982822095171,0.446,0.711865986406954,0.962,0.824,"9","RP1-241P17.4"
0.723,0.468433392266782,0.446,0.828991948663143,1,0.82,"9","RPSAP47"
0.723,0.086963512337589,0.446,0.980126359186986,0.923,0.467,"9","SLC13A1"
0.723,0.397702327320631,0.446,0.725183722909861,1,0.73,"9","COLEC12"
0.723,0.411012948641014,0.446,0.592984434767107,1,1,"9","RPL23"
0.723,0.229635582179019,0.446,0.337289725108326,0.769,0.448,"9","QPRT"
0.723,0.528542278224029,0.446,0.763014225234873,1,0.95,"9","COMMD6"
0.723,0.175140255821508,0.446,0.252970231736187,1,0.998,"9","RPL18AP3"
0.722,0.536988721070998,0.444,0.775644055956997,1,0.94,"9","UQCRB"
0.722,0.344382134201775,0.444,0.501195174331483,1,0.749,"9","SHPRH"
0.722,0.449556287071183,0.444,0.650583675892266,1,0.593,"9","EPB41L4A-AS1"
0.722,0.521104098786906,0.444,0.753039904304872,1,0.983,"9","EEF2"
0.722,0.575443795459804,0.444,0.831504663576153,1,0.913,"9","RP11-466H18.1"
0.721,0.421297907527096,0.442,0.617245400053763,1,0.813,"9","AC006386.1"
0.721,0.420732654057661,0.442,0.616415356191166,1,0.813,"9","AC012005.3"
0.721,0.4223634114511,0.442,0.66917472144615,1,0.683,"9","RP3-417G15.1"
0.721,0.678120422475433,0.442,1.02830778000151,1,0.873,"9","RP11-204C16.4"
0.721,0.453185618933587,0.442,0.660817864027568,0.962,0.824,"9","SUMO2P1"
0.721,0.38716058491004,0.442,0.564982354948505,1,0.726,"9","FRG1B"
0.721,0.556928098415352,0.442,0.816980417581877,0.769,0.419,"9","DIXDC1"
0.721,0.719749014040274,0.442,1.06587576422663,0.769,0.378,"9","RPL17P50"
0.72,0.469646091938209,0.44,0.677621038762123,1,0.994,"9","RPS25"
0.719,0.414532433712221,0.438,0.598058998323248,0.808,0.434,"9","SCARNA22"
0.719,0.391849247616619,0.438,0.566812870326602,0.885,0.647,"9","CD200"
0.719,0.360450196420907,0.438,0.522694215530111,0.846,0.498,"9","PIGL"
0.719,1.1630804253885,0.438,1.69265679499717,0.808,0.471,"9","COTL1"
0.719,0.761054371707635,0.438,1.10659587538614,0.808,0.421,"9","TTC5"
0.719,0.137857419738109,0.438,0.851582356684721,1,0.741,"9","GUCY1B2"
0.719,0.748505049752079,0.438,1.09105074520318,0.731,0.363,"9","HINFP"
0.718,0.697289072104327,0.436,1.00852907994291,0.962,0.691,"9","HSF2"
0.718,0.477560159730012,0.436,0.691193419846458,1,0.932,"9","AC004057.1"
0.718,0.604914457172607,0.436,0.878032485395995,0.846,0.492,"9","DTNA"
0.718,0.732552979194256,0.436,1.08199307073939,0.846,0.459,"9","ANKRD36BP1"
0.717,1.29903031355871,0.434,1.8926820934653,0.731,0.369,"9","TPBG"
0.717,0.549446702741856,0.434,0.810073162193227,1,0.902,"9","RPL26P19"
0.717,0.425633337472972,0.434,0.666528290523733,1,0.68,"9","RPS24P8"
0.716,1.06921934768937,0.432,1.55548926890177,0.731,0.378,"9","DCTD"
0.716,0.337539052865231,0.432,0.488416534571584,0.962,0.747,"9","PDCD6IP"
0.716,0.443748781319614,0.432,0.665558156785481,0.731,0.315,"9","BCAT2"
0.716,0.423044061264273,0.432,0.610891549488134,1,0.828,"9","PRDX6"
0.716,0.413094061682748,0.432,0.603995038928628,0.962,0.768,"9","RERE"
0.715,0.452887621560115,0.43,0.656126471201577,1,0.969,"9","RP11-475C16.1"
0.715,0.4784019148479,0.43,0.691438533990421,0.962,0.71,"9","HIGD2A"
0.715,0.63489627399407,0.43,0.924197662917378,0.885,0.544,"9","CXXC4"
0.715,0.393199794902801,0.43,0.56771908658637,1,0.938,"9","PCNP"
0.715,0.792335970405986,0.43,1.16033180674996,1,0.981,"9","PLEKHA1"
0.714,0.479398349843679,0.428,0.69184601767515,1,0.932,"9","UBE2B"
0.714,0.312834050183877,0.428,0.457002075258108,0.846,0.488,"9","LPHN3"
0.714,0.570602688232123,0.428,0.843035767269051,0.808,0.388,"9","THAP2"
0.713,0.559301238268547,0.426,0.807585818829057,0.923,0.73,"9","LINC01420"
0.713,0.372066923278737,0.426,0.538716037486544,0.846,0.492,"9","OCIAD2"
0.713,0.42385566077852,0.426,0.614430817540575,0.923,0.683,"9","ZC3H8"
0.713,0.331831581769259,0.426,0.481556380816406,0.923,0.658,"9","RIOK3"
0.713,0.602292004085572,0.426,0.869565205016885,1,0.878,"9","RAB11A"
0.713,0.804097486780361,0.426,1.16030385673445,0.808,0.415,"9","RP11-467L13.4"
0.713,0.54842509951921,0.426,0.796914133238277,1,0.651,"9","MAP6"
0.713,0.53571081777318,0.426,0.774538819829461,1,0.722,"9","TXNIP"
0.712,0.444914455474262,0.424,0.655444486684048,1,0.757,"9","RP11-32K4.1"
0.712,0.733750229139086,0.424,1.07437803184267,0.769,0.398,"9","CTB-36O1.4"
0.712,0.428994624160625,0.424,0.619046001755326,1,0.977,"9","RPS7"
0.712,0.39265761664957,0.424,0.567685727890868,0.962,0.745,"9","NDUFA7.1"
0.712,0.13078467043916,0.424,0.189614578451484,1,0.649,"9","OXA1L"
0.712,0.486153476441161,0.424,0.775351319517336,1,0.873,"9","RPSAP54"
0.711,0.594915058309962,0.422,0.859050327480219,0.962,0.79,"9","TSPAN6"
0.711,0.386167605153615,0.422,0.558464678720867,1,0.873,"9","TRAPPC2"
0.711,0.421656636411071,0.422,0.613187861013416,0.962,0.712,"9","KDELR1"
0.711,0.700498185135775,0.422,1.02934857120711,0.769,0.382,"9","GTF3A"
0.71,0.474378377240393,0.42,0.684561993404088,1,0.992,"9","RPS4X"
0.71,0.162671119926236,0.42,1.15328918364305,0.692,0.268,"9","AC011997.1"
0.71,0.545741279782725,0.42,0.797967328997039,0.808,0.44,"9","ITGA6"
0.71,0.374416939315271,0.42,0.549823082948993,0.731,0.328,"9","MRPL35"
0.71,0.556833756567159,0.42,0.80448022498353,0.962,0.705,"9","CCDC144NL-AS1"
0.71,0.0788958802555779,0.42,0.115977155514062,1,0.934,"9","CDC42SE1"
0.71,0.515789237745356,0.42,0.747367844748608,0.885,0.6,"9","SLC2A1"
0.71,0.724575025644401,0.42,1.06629548561881,0.885,0.541,"9","AGO4"
0.709,0.259927765513045,0.418,0.37520634811753,1,0.826,"9","CCNG1"
0.709,0.693449210041782,0.418,1.0482596429637,0.731,0.344,"9","C20orf96"
0.709,0.212945716313131,0.418,0.308141750527646,0.885,0.558,"9","FAR2P1"
0.709,0.493418009282566,0.418,0.755609072045842,0.654,0.239,"9","TRPM4"
0.709,0.551401841752405,0.418,0.828628889284869,0.885,0.454,"9","BBOX1-AS1"
0.708,0.805705154458659,0.416,1.1694280257282,0.962,0.745,"9","RP11-111F16.2"
0.708,0.443933032279645,0.416,0.653184426716606,1,0.981,"9","RPL7P32"
0.708,0.255947618541799,0.416,0.380374176550492,0.577,0.172,"9","RN7SKP80"
0.708,0.482155320169982,0.416,0.700782486410375,1,0.71,"9","AC018738.2"
0.708,0.151785136625097,0.416,0.222420948289916,0.808,0.456,"9","ITM2C"
0.708,1.00957026858223,0.416,1.49175449310661,0.808,0.49,"9","ASXL3"
0.708,0.700384950387755,0.416,1.02358333117497,0.962,0.861,"9","RP11-750B16.1"
0.708,0.482155320169982,0.416,0.700782486410375,1,0.71,"9","AC107983.4"
0.707,2.3971174147711,0.414,3.48667216755868,0.769,0.398,"9","CDH6"
0.707,0.889677252679898,0.414,1.29568112303735,0.769,0.494,"9","LRRTM4"
0.707,1.15698892572011,0.414,1.67802397322605,0.731,0.432,"9","KC6"
0.707,0.252578679204607,0.414,0.776681417325026,0.846,0.436,"9","CTD-2144E22.10"
0.707,0.267234325086664,0.414,0.389622290123484,0.923,0.718,"9","VPS13C"
0.707,0.716733758042722,0.414,1.03705775609687,0.885,0.647,"9","RP11-129M6.1"
0.707,1.2262939394817,0.414,2.51399890417441,0.808,0.488,"9","BMS1P2"
0.706,0.446068917440099,0.412,0.64943400927095,1,0.965,"9","RPL29P11"
0.705,0.35616351770979,0.41,0.513867965152423,1,0.983,"9","RPL39"
0.705,0.635944692813929,0.41,0.936602540046511,1,0.923,"9","CDKL5"
0.705,0.754456304667785,0.41,1.27865237368687,1,0.795,"9","CTC-499J9.1"
0.705,0.396560719522726,0.41,0.575403597737997,1,0.813,"9","C4orf3"
0.705,0.906056049434013,0.41,1.32861203202903,0.692,0.268,"9","SALL4"
0.705,0.275674435640815,0.41,0.398227528101398,1,0.776,"9","OLA1"
0.705,0.456826360311311,0.41,0.668130904978675,1,0.963,"9","HNRNPA1P10"
0.705,0.84264578713032,0.41,1.25838591576897,0.923,0.741,"9","NEK5"
0.705,0.329421336777221,0.41,0.476925805787893,1,0.913,"9","PSAP"
0.705,0.430618073916071,0.41,0.622964939473505,0.923,0.656,"9","DNAJC16"
0.705,0.483963739779171,0.41,0.698326836011208,1,0.784,"9","MTATP8P1"
0.704,0.34781548353717,0.408,0.505462765372389,0.808,0.417,"9","TUBE1"
0.704,0.40314891574673,0.408,0.581682242397633,1,0.985,"9","RPL32"
0.704,0.487035007488927,0.408,0.771242326806205,1,0.865,"9","HNRNPCP2"
0.704,0.514571905998421,0.408,0.747111753036238,0.731,0.334,"9","CTNNA2"
0.704,0.571985323648802,0.408,0.831329880918475,0.808,0.508,"9","DUSP11"
0.704,0.398843690598826,0.408,1.20959049965959,0.808,0.525,"9","CTD-2033A16.2"
0.704,0.860553760380018,0.408,1.49316403843689,0.654,0.27,"9","RP11-26F2.1"
0.704,0.806002149941239,0.408,1.17249586454292,0.885,0.494,"9","RAB13"
0.704,1.11655038575802,0.408,1.61959999831155,0.731,0.334,"9","C1orf54"
0.704,0.99061418816084,0.408,1.44107499505735,0.654,0.29,"9","CA14"
0.704,0.700976740960046,0.408,1.01756373755383,0.769,0.423,"9","WLS"
0.703,0.312672365280486,0.406,0.451153254599774,1,0.983,"9","RPL7A"
0.703,0.658839763431655,0.406,0.952413337063104,0.885,0.728,"9","CCNB1IP1"
0.703,0.455088003246464,0.406,0.656604298220246,1,0.996,"9","NACA"
0.703,0.537624426535299,0.406,0.780470594682135,1,0.741,"9","ZBTB44"
0.703,0.355713111735355,0.406,0.51318662005383,1,1,"9","MALAT1"
0.702,0.258051367763207,0.404,0.373289595404891,0.962,0.685,"9","FAM162A"
0.702,0.495137523868978,0.404,0.715270847402291,1,0.892,"9","COX7A2L"
0.702,0.370754408959025,0.404,0.534902786896494,1,1,"9","RPS11"
0.702,0.557384784559416,0.404,0.809502275639885,1,0.963,"9","HNRNPA1P7"
0.702,0.667375441337603,0.404,0.972601707042164,0.846,0.473,"9","PCGF2"
0.702,0.317051477507406,0.404,0.530486284345562,0.923,0.566,"9","CH17-260O16.1"
0.702,0.723059990529533,0.404,1.0628807296647,1,0.915,"9","RPL13P12"
0.702,0.308030943513332,0.404,0.44659181714827,0.885,0.6,"9","SALL2"
0.702,0.524292098281499,0.404,0.757525931351095,0.962,0.678,"9","NR2C1"
0.702,1.22038702202493,0.404,1.7772419133618,0.846,0.459,"9","DDIT4"
0.701,0.695106073829388,0.402,1.003505351884,0.962,0.776,"9","PDHA1"
0.701,0.404413155490031,0.402,0.589547974044147,0.885,0.562,"9","RP11-87H9.2"
0.701,0.437520351195671,0.402,0.632868264259875,0.962,0.782,"9","ATP6V1B2"
0.701,0.49403130663519,0.402,1.2081664253563,0.846,0.535,"9","CTD-2117L12.1"
0.701,0.379144447890784,0.402,0.54701728596741,1,0.988,"9","RPL34"
0.701,0.551776317457635,0.402,0.810970545314336,0.654,0.23,"9","MMRN1"
0.701,0.463223699939418,0.402,0.67028872027498,1,0.772,"9","DARS"
0.701,0.48301856864377,0.402,0.742048339198315,1,0.598,"9","CH17-258A22.4"
0.701,0.446860591179745,0.402,0.648334977552731,0.923,0.606,"9","MRPL45"
0.701,0.742866432672713,0.402,1.09417494388226,0.923,0.656,"9","RP11-124N14.3"
0.103,1.30345800990573,0.794,1.88056382871927,1,1,"10","RPL18A"
0.114,0.209333785067463,0.772,0.306220940292578,0.357,0.992,"10","ATP5E"
0.119,0.661273322000871,0.762,0.954425066111648,0.929,1,"10","PEBP1"
0.125,2.45493287675337,0.75,3.54354455896926,1,0.998,"10","RPL18AP3"
0.128,0.417791527629634,0.744,0.603021812367169,0.5,0.986,"10","NONO"
0.132,0.711553380023968,0.736,1.0267534288829,0.286,0.972,"10","ATP5J2"
0.137,0.634492507779638,0.726,0.926303001451504,0.571,0.994,"10","RPS3AP26"
0.143,2.95120803229791,0.714,4.39517528117962,0.143,0.891,"10","RPL15P2"
0.146,0.425972258301959,0.708,0.6148429935953,0.429,0.974,"10","LRRC75A-AS1"
0.147,0.158106166731224,0.706,0.228285100634677,0.286,0.955,"10","SNHG6"
0.851,0.360786543929666,0.702,1.09701153629269,0.929,1,"10","CTA-414D7.1"
0.151,0.093619587733528,0.698,0.135193247471117,0.429,0.974,"10","SUB1"
0.152,0.236427864707792,0.696,0.341185974258039,0.5,0.996,"10","COX7C"
0.847,0.680045415936605,0.694,1.32892259360257,0.929,0.998,"10","RP11-461F11.2"
0.153,0.416785338899089,0.694,0.602288169010089,0.429,0.929,"10","ARHGAP5"
0.16,0.0895397147061017,0.68,0.129301435573188,0.5,0.935,"10","NDUFA12"
0.838,0.851774125445131,0.676,1.31233701918694,0.929,1,"10","FRMD6-AS1"
0.165,0.649413621254449,0.67,0.938495478533202,0.143,0.828,"10","COX5A"
0.166,0.410467145396759,0.668,0.593435694394907,0.143,0.818,"10","FAM192A"
0.168,0.591326015070103,0.664,0.91318631410757,0.571,0.941,"10","EEF1A1P11"
0.173,0.384268358033433,0.654,0.555865003482888,0.286,0.842,"10","KARS"
0.175,0.265595603055704,0.65,0.383988782641721,0.214,0.824,"10","DERL2"
0.175,0.204463509989449,0.65,0.295454381735974,0.214,0.824,"10","FEZ1"
0.179,0.623349653471685,0.642,0.90201128472334,0.143,0.804,"10","RTFDC1"
0.182,1.98494491622359,0.636,2.86412328376191,0.857,0.97,"10","FOS"
0.183,0.971957032742019,0.634,1.40315809935665,0.357,0.933,"10","NDUFB4"
0.185,0.316545837577243,0.63,0.457828380321025,0.143,0.779,"10","PDHB"
0.189,0.197480700878909,0.622,0.321132258315709,0.143,0.846,"10","MIDN"
0.189,2.35201271733,0.622,3.40481879884838,0.143,0.773,"10","TRAPPC1"
0.19,1.15079909345983,0.62,1.66459587689408,0.143,0.767,"10","PITPNB"
0.19,0.55110890708599,0.62,0.795468359276992,0.286,0.816,"10","RP11-841O20.2"
0.191,2.21573785247405,0.618,3.2083281824903,0.357,0.925,"10","EIF5A"
0.193,0.135211747242693,0.614,0.195919980331933,0.357,0.889,"10","MKLN1"
0.806,0.860847673443266,0.612,1.24269289146961,1,0.735,"10","NFIB"
0.195,0.436323065645842,0.61,0.632075025453173,0.143,0.759,"10","AIMP1"
0.198,0.946269892210799,0.604,1.36671721245263,0.357,0.929,"10","METAP2"
0.801,0.64143377152471,0.602,0.95535862197669,0.929,1,"10","LINC01116"
0.202,1.65996658402047,0.596,2.39989923296369,0.071,0.719,"10","CSTF1"
0.204,0.213980901784893,0.592,0.30937646839706,0.286,0.806,"10","TXN2"
0.204,0.940171065377656,0.592,1.35864478214583,0.214,0.781,"10","SLC3A2"
0.205,0.938666974548021,0.59,1.35641941736594,0.143,0.757,"10","VPS41"
0.21,1.32382166478882,0.58,2.03909260359009,0.143,0.767,"10","RPL13AP20"
0.211,0.36300049859378,0.578,0.52637185075497,0.143,0.723,"10","HERC3"
0.788,4.04903938006196,0.576,6.11166130933686,0.929,1,"10","CHST12"
0.214,0.109617849979173,0.572,0.158424329183481,0.5,0.923,"10","GABARAPL2"
0.214,2.09320413092377,0.572,3.02749970155338,0.5,0.854,"10","MGA"
0.785,1.21109346057343,0.57,1.84479009800158,1,1,"10","RP11-331G2.6"
0.219,0.834623756985314,0.562,1.21087164917481,0.214,0.757,"10","GSK3B"
0.219,2.69750109905221,0.562,3.90353964657338,0.286,0.858,"10","SYNJ2BP-COX16"
0.22,0.568903359452173,0.56,0.822256616967639,0.357,0.82,"10","TMED10"
0.779,1.60502867935332,0.558,2.31615171895563,1,0.988,"10","LUC7L3"
0.221,0.329801249243151,0.558,0.477168984558054,0.143,0.709,"10","MRPL21"
0.222,1.15117541421187,0.556,1.66353019499777,0.286,0.761,"10","TKT"
0.222,0.722686303430335,0.556,1.04371947164157,0.5,0.933,"10","CORO1C"
0.223,1.15927134453641,0.554,1.67652033300441,0.786,0.964,"10","ZFX"
0.223,0.323749028245945,0.554,0.468235866849859,0.214,0.832,"10","FAM96B"
0.224,1.96465564511186,0.552,2.84509565568873,0.143,0.721,"10","KDELR2"
0.775,0.613038540094626,0.55,1.74846413037504,0.929,0.883,"10","C19orf35"
0.227,0.590158250310168,0.546,0.872704813771311,0.214,0.846,"10","NDUFV3"
0.227,0.24450596045527,0.546,0.352895798179764,0.857,0.96,"10","PSMB5"
0.227,1.22135255354624,0.546,1.7656579063282,0.214,0.826,"10","TCF7L2"
0.772,0.32199381078303,0.544,0.849699613263234,0.929,1,"10","AC010096.1"
0.229,0.216757553137903,0.542,0.313110388417492,0.929,0.97,"10","CCT7"
0.77,0.561050990537386,0.54,0.819937344240149,1,1,"10","SYTL2"
0.23,0.583546285943666,0.54,0.844391743213619,0.5,0.8,"10","KRR1"
0.231,3.46488107110738,0.538,5.00043380673732,0.429,0.895,"10","CACYBP"
0.232,0.650059621399151,0.536,0.946691880774295,0.357,0.877,"10","RUSC1-AS1"
0.233,0.545971579251984,0.534,0.789528589051839,0.143,0.709,"10","CHMP2A"
0.233,1.37899153859337,0.534,1.99095225945185,0.857,0.951,"10","PRDX5"
0.234,1.28398945347655,0.532,1.85574690133011,0.071,0.65,"10","RNF181"
0.764,0.180836804138101,0.528,0.800269101367969,1,1,"10","AC006548.28"
0.236,0.223496417034551,0.528,0.322680556197849,0.786,0.994,"10","BNIP3L"
0.236,1.43387436661727,0.528,2.07004253414276,0.429,0.848,"10","PWP1"
0.237,0.487922870310679,0.526,0.706018191084432,0.143,0.731,"10","RHBDD2"
0.762,0.672457973166749,0.524,1.21847551705984,0.929,0.842,"10","GALNTL5"
0.762,4.04740424688571,0.524,5.96632987062844,0.571,0.059,"10","RP11-24J19.1"
0.238,0.361345603487345,0.524,0.523875732143259,0.214,0.781,"10","TMEM2"
0.238,0.0812151883024796,0.524,0.117420808306761,0.214,0.719,"10","TMEM106C"
0.238,0.494361206499131,0.524,0.715138037837493,0.143,0.761,"10","RPP30"
0.238,1.58777277525607,0.524,2.29503741091869,0.643,0.919,"10","KDM5B"
0.239,0.525289945089622,0.522,0.760666146870528,0.286,0.719,"10","ERI3"
0.24,0.152148720429943,0.52,0.220929204116407,0.214,0.739,"10","LSM8"
0.24,0.806060787777773,0.52,1.16456382907676,0.357,0.775,"10","PSMC5"
0.243,0.468824984740008,0.514,0.678556414999385,0.214,0.694,"10","RNF34"
0.755,0.677244211914375,0.51,1.24564415823748,0.929,0.846,"10","RP11-923I11.4"
0.245,0.517691688523404,0.51,0.748899317427206,0.071,0.626,"10","DANCR"
0.246,0.0960460291327951,0.508,0.138908967838702,0.357,0.862,"10","C9orf72"
0.246,0.193708747539119,0.508,0.27983467801509,0.5,0.885,"10","SRP72"
0.248,1.31893748216476,0.504,1.91152016011756,0.214,0.755,"10","ERLEC1"
0.751,1.21190368657145,0.502,1.75036075994047,1,0.717,"10","NFIA"
0.249,0.486881947737207,0.502,0.703463197919991,0.5,0.789,"10","BZW2"
0.249,1.9929397011299,0.502,2.88115192149355,0.5,0.899,"10","ERO1L"
0.249,1.82758965383461,0.502,2.64038813651918,0.714,0.919,"10","TTC17"
0.249,0.535342165836656,0.502,0.773196348133942,0.571,0.921,"10","NAP1L4"
0.25,0.190210967907138,0.5,0.275214194112094,0.571,0.812,"10","AKAP13"
0.25,0.143645944374641,0.5,0.207492015956731,0.429,0.87,"10","POLR2G"
0.252,0.140494186103776,0.496,0.203744435992368,0.571,0.951,"10","USP9X"
0.252,0.693256383568204,0.496,1.00852770495321,0.286,0.828,"10","INTS6"
0.253,0.305667966016572,0.494,0.441870642365608,0.357,0.806,"10","POLR2F"
0.746,0.841761554473174,0.492,1.22252584624556,0.929,1,"10","RN7SL718P"
0.254,0.382762016576315,0.492,0.55303129133034,0.571,0.895,"10","PSMD1"
0.256,1.61255453075847,0.488,2.32901101316034,1,0.99,"10","POLR2J3"
0.743,0.722082486738408,0.486,1.08604096587467,0.929,0.996,"10","MAB21L3"
0.257,0.681178591961812,0.486,0.985227361445691,0.143,0.636,"10","HAX1"
0.258,0.262045976953612,0.484,0.378728119531841,0.786,0.953,"10","CANX"
0.258,0.0754458002564258,0.484,0.109820415418105,0.071,0.597,"10","RP11-286N22.8"
0.259,4.08895268722952,0.482,6.40278373629906,0.143,0.642,"10","RP11-100N21.1"
0.259,1.42156666891661,0.482,2.05733061668384,0.5,0.834,"10","FYTTD1"
0.259,0.22121164695543,0.482,0.320698407428993,0.143,0.666,"10","NDUFAF3"
0.259,1.17654076013,0.482,1.70151724454294,0.286,0.702,"10","UFD1L"
0.259,0.887877039829887,0.482,1.28352163629269,0.214,0.696,"10","PSMF1"
0.259,0.577728783641065,0.482,0.845450069577349,0.071,0.595,"10","EPB41L5"
0.259,0.665074249153818,0.482,0.960163366585071,0.571,0.883,"10","APEX1"
0.259,0.64774997591691,0.482,0.94014608226067,0.214,0.682,"10","RP11-488L18.10"
0.261,1.39495465044618,0.478,2.0195873233692,0.214,0.68,"10","RAB10"
0.738,0.621285774915214,0.476,0.900210217129397,0.929,1,"10","OR2A1-AS1"
0.262,0.291219289357193,0.476,0.425632469201717,0.214,0.727,"10","KIAA0368"
0.262,2.71617793222878,0.476,3.92212724600886,0.286,0.719,"10","CIAPIN1"
0.262,0.165711499002579,0.476,0.242081559175521,0.214,0.692,"10","PICALM"
0.263,0.677244161310827,0.474,0.981947355261682,0.286,0.709,"10","ARMCX3"
0.264,0.423776256138589,0.472,0.612650762878518,0.214,0.727,"10","FUNDC2"
0.264,0.254531705036935,0.472,0.371729930097887,0.5,0.895,"10","NPIPP1"
0.265,0.346133733231726,0.47,0.500541873096045,0.357,0.727,"10","SRPK1"
0.265,0.568265462787838,0.47,0.823436364510401,0.214,0.779,"10","MIA3"
0.265,0.832205401132424,0.47,1.20282298354967,0.286,0.763,"10","SCP2"
0.266,0.61793676545424,0.468,0.893523799069682,0.357,0.868,"10","PHF6"
0.266,0.426442791052096,0.468,0.629484378424849,0.5,0.771,"10","ZBTB10"
0.266,0.324814857931978,0.468,0.471412207963305,0.071,0.579,"10","SMDT1"
0.266,0.866043347478493,0.468,1.25196664539712,0.286,0.704,"10","ACADM"
0.267,0.313854436680396,0.466,0.456251513385057,0.143,0.623,"10","CLTA"
0.267,1.51188449410385,0.466,2.21087164918658,0.286,0.727,"10","ALMS1"
0.267,0.25393073008769,0.466,0.367215456961073,0.143,0.63,"10","PSME2"
0.267,0.773733351034179,0.466,1.11993731646746,0.214,0.678,"10","NDUFV1"
0.267,1.69247285437438,0.466,2.46547962793748,0.071,0.579,"10","DHX32"
0.268,0.0868628562963503,0.464,0.126008231296298,0.5,0.787,"10","LAMP2"
0.268,0.682004403824649,0.464,0.98750832257275,0.286,0.717,"10","MED4"
0.731,0.589416945270152,0.462,0.850931086006772,0.929,1,"10","RP1-59D14.9"
0.269,0.531772340458029,0.462,0.768488338480916,0.5,0.852,"10","EIF3D"
0.269,0.110396544275131,0.462,0.160562489599124,0.071,0.573,"10","RPF1"
0.73,0.32063239737471,0.46,1.33566084907719,0.857,0.709,"10","AP000476.1"
0.73,0.761142994570855,0.46,1.09871784477344,0.929,1,"10","RP11-294N21.2"
0.729,1.55215711663364,0.458,2.27668998420254,0.714,0.368,"10","BCL11B"
0.271,0.923898305615859,0.458,1.34625138673084,0.429,0.872,"10","TNPO2"
0.272,2.16889232670304,0.456,3.39834496984521,0.143,0.619,"10","NPM1P27"
0.272,0.969227637870572,0.456,1.40113751236467,0.143,0.611,"10","POLR2H"
0.273,1.76775815379743,0.454,2.55611778404967,0.214,0.723,"10","LEPROTL1"
0.273,0.979669695209036,0.454,1.41372503944621,0.786,0.939,"10","UBE2B"
0.726,0.751540219969958,0.452,1.08567827291531,0.929,0.731,"10","BCL11A"
0.274,0.562086626230283,0.452,0.832268366474046,0.143,0.599,"10","XYLT2"
0.725,0.674161461672816,0.45,1.18993501529085,0.929,1,"10","HNRNPA1P40"
0.276,1.00699345753705,0.448,1.45442116233766,0.571,0.816,"10","RBM3"
0.276,1.14222542142423,0.448,1.65246833538251,0.357,0.787,"10","ERVK3-1"
0.277,1.11121688949079,0.446,1.60793780964091,0.143,0.605,"10","RNF114"
0.277,0.210963419041144,0.446,0.306819312051752,0.357,0.69,"10","STK4"
0.277,1.16888287232592,0.446,1.68904115696814,0.643,0.866,"10","USP3"
0.277,1.02849093818278,0.446,1.48891611595405,0.429,0.761,"10","BNIP2"
0.278,2.06323797892416,0.444,2.98543309875725,0.214,0.628,"10","ASF1A"
0.278,0.340836636305594,0.444,0.493013322598006,0.286,0.771,"10","LAMTOR3"
0.721,0.269893902155635,0.442,0.594153510220389,0.929,1,"10","HNRNPA1P54"
0.279,0.426065723546678,0.442,0.616905518029372,0.5,0.796,"10","YWHAH"
0.279,0.889436676732272,0.442,1.29070944409657,0.214,0.664,"10","AUP1"
0.279,0.261264303677895,0.442,0.378722541955794,0.286,0.684,"10","PFKM"
0.28,0.765687281996914,0.44,1.11714398935649,0.143,0.628,"10","RNF149"
0.28,1.00003400381637,0.44,1.45355722347844,0.143,0.585,"10","ATP5S"
0.28,0.376641176792558,0.44,0.543711491896964,0.857,0.994,"10","SRSF10"
0.281,0.231868094193388,0.438,0.335424591795093,0.214,0.63,"10","RFC4"
0.281,2.31469388696168,0.438,3.34641130602875,0.143,0.605,"10","ATP6V1E1"
0.281,1.22020310531086,0.438,1.760812157136,0.786,0.976,"10","ATP5O"
0.282,0.652540970290751,0.436,0.942762203482975,0.429,0.852,"10","ZC3H15"
0.282,1.77103760821167,0.436,2.56060288241275,0.429,0.868,"10","MAPRE2"
0.282,1.43361590785092,0.436,2.0764114902824,0.5,0.822,"10","GSPT1"
0.718,0.770289707716661,0.436,1.12426886389988,0.929,1,"10","RP11-83M16.5"
0.283,1.53771203813873,0.434,2.22067838747125,0.714,0.915,"10","PUF60"
0.283,0.50643695146248,0.434,0.752700261541228,0.286,0.686,"10","FAM168B"
0.283,0.569173865171352,0.434,1.25524554156396,0.071,0.545,"10","CSNK2A3"
0.284,0.250189080210889,0.432,0.372219413237904,0.071,0.543,"10","MAP3K1"
0.284,0.782563154337355,0.432,1.13804702343907,0.286,0.834,"10","TP53"
0.285,0.424770415693492,0.43,0.622596878438318,0.143,0.575,"10","CMBL"
0.715,0.595094967110008,0.43,0.88342141337976,0.929,1,"10","RP11-166O4.6"
0.286,0.118998356877413,0.428,0.172060499179027,0.714,0.953,"10","SUPT16H"
0.287,0.417908423450401,0.426,0.604489151669712,0.357,0.885,"10","TCEAL4"
0.287,0.336704397193622,0.426,0.533530403584092,0.143,0.577,"10","SPDYE3"
0.287,0.161234104160398,0.426,0.234330883151494,0.5,0.808,"10","CPE"
0.289,0.749063500336737,0.422,1.0883712374615,0.214,0.623,"10","ODF2"
0.289,0.585638114615671,0.422,0.847620829467293,0.214,0.654,"10","MTFR1L"
0.711,1.89505296770969,0.422,2.74033851905231,1,0.775,"10","ANK2"
0.29,1.08084085382171,0.42,1.56119046451909,0.857,0.974,"10","PRKDC"
0.29,2.17883831530015,0.42,3.22183455484124,0.071,0.528,"10","RP11-402J6.3"
0.29,1.14681955713319,0.42,1.6566486149926,0.714,0.976,"10","POGZ"
0.291,0.556006325388269,0.418,0.80365302574441,0.429,0.767,"10","OXR1"
0.291,0.537489411595146,0.418,0.794984367294945,0.071,0.526,"10","FAM103A2P"
0.291,1.15801691742386,0.418,1.6769432286925,0.143,0.583,"10","SEC23B"
0.291,1.23771144143456,0.418,1.78790672621729,0.357,0.775,"10","ORMDL1"
0.291,1.16263465031587,0.418,1.76806809817607,0.429,0.804,"10","RP11-397A16.1"
0.709,2.08420581549822,0.418,3.08402700467967,0.643,0.196,"10","EPHA5"
0.292,0.933260026814168,0.416,1.35201548065497,0.071,0.524,"10","PLEKHJ1"
0.292,0.640740154530024,0.416,0.926456532697992,0.857,0.994,"10","GLG1"
0.293,1.19284207696833,0.414,1.73365536328395,0.286,0.704,"10","CPSF2"
0.707,0.558390945278316,0.414,0.805913668970609,1,1,"10","TTC3"
0.294,0.502531696528793,0.412,0.732579095478765,0.357,0.713,"10","CXorf23"
0.294,0.767246099035143,0.412,1.10912778052587,0.5,0.891,"10","TRAPPC2"
0.294,0.0817504693711939,0.412,0.118212775291902,0.214,0.621,"10","RGS2"
0.295,0.515155542595503,0.41,0.748717394374721,0.286,0.644,"10","GRIPAP1"
0.295,0.0897915562414688,0.41,0.130156077797098,0.357,0.713,"10","SLU7"
0.295,0.341766331313078,0.41,0.493558732571287,0.714,0.966,"10","TIA1"
0.296,0.966517673204303,0.408,1.39561044922466,0.929,0.98,"10","USP11"
0.296,0.24123681019974,0.408,0.350070016716499,0.286,0.623,"10","RPF2"
0.296,0.481918853702823,0.408,0.701305320913326,0.357,0.719,"10","IBTK"
0.296,0.724370237695158,0.408,1.04905211836431,0.5,0.84,"10","DCBLD2"
0.704,0.455797112983184,0.408,0.721230836539281,0.5,0.079,"10","DPP6"
0.297,0.130730984317615,0.406,0.190669562641663,0.357,0.818,"10","EIF4H"
0.297,1.01985327866223,0.406,1.47542195076278,0.571,0.806,"10","ACSL3"
0.297,0.35925596791149,0.406,0.521622127323222,0.429,0.751,"10","PTPN4"
0.297,0.152955196194311,0.406,0.243146165182452,0.071,0.512,"10","GATAD2A"
0.297,1.16879328820538,0.406,1.68706258622878,0.643,0.96,"10","RSF1"
0.298,0.285677571668311,0.404,0.414766661540547,0.571,0.917,"10","AP1G1"
0.702,0.526675007886808,0.404,0.786823798039275,0.929,0.976,"10","RP11-167N5.5"
0.702,1.11940768744302,0.404,1.62054664212671,1,0.994,"10","ANKRD36"
0.299,1.36993536983443,0.402,1.97981080978303,0.357,0.698,"10","SIVA1"
0.299,0.629191652068529,0.402,0.908725652839834,0.714,0.864,"10","DCTN2"
0.3,3.01243166563645,0.4,4.36246763266585,0.286,0.727,"10","RYK"
