"","orig.ident","nCount_RNA","nFeature_RNA","tissue","stage","gsm","source","sample_type","region_group","RNA_snn_res.0.1","seurat_clusters","RNA_snn_res.0.2","RNA_snn_res.0.3","RNA_snn_res.0.4","RNA_snn_res.0.5","RNA_snn_res.0.6","RNA_snn_res.0.7","RNA_snn_res.0.8","RNA_snn_res.0.9","RNA_snn_res.1","RNA_snn_res.1.1","RNA_snn_res.1.2","RNA_snn_res.1.3","RNA_snn_res.1.4","RNA_snn_res.1.5","RNA_snn_res.1.6","RNA_snn_res.1.7","RNA_snn_res.1.8","RNA_snn_res.1.9","RNA_snn_res.2","RNA_snn_res.2.1","RNA_snn_res.2.2","RNA_snn_res.2.3","RNA_snn_res.2.4","RNA_snn_res.2.5","RNA_snn_res.2.6","RNA_snn_res.2.7","RNA_snn_res.2.8","RNA_snn_res.2.9","RNA_snn_res.3"
"SRR2967100","Camp2015",530922.766125041,6936,"Dissociated whole cerebral organoid","33 days","GSM1957048","iPSC 409B2","organoid",NA,"1","1","1","1","1","0","0","0","0","0","0","0","0","0","2","2","2","2","1","1","1","1","1","1","1","1","1","0","0","0","0"
"SRR2967101","Camp2015",348047.627689371,10010,"Dissociated whole cerebral organoid","33 days","GSM1957049","iPSC 409B2","organoid",NA,"1","1","1","1","1","0","0","0","0","0","0","0","0","0","2","2","2","2","1","1","1","1","1","1","1","1","1","0","0","0","0"
"SRR2967102","Camp2015",442916.704728188,10231,"Dissociated whole cerebral organoid","33 days","GSM1957050","iPSC 409B2","organoid",NA,"1","2","1","1","1","0","0","0","0","0","0","3","3","3","3","3","3","3","2","2","2","2","2","10","10","9","9","10","10","10","10"
"SRR2967103","Camp2015",498148.732394084,7773,"Dissociated whole cerebral organoid","33 days","GSM1957051","iPSC 409B2","organoid",NA,"1","9","1","1","1","0","0","0","0","0","0","0","0","0","6","8","8","8","9","9","9","9","9","9","9","8","7","8","8","8","7"
"SRR2967104","Camp2015",592862.528541929,7739,"Dissociated whole cerebral organoid","33 days","GSM1957052","iPSC 409B2","organoid",NA,"1","1","1","1","1","0","0","0","0","0","0","0","0","0","2","2","2","2","1","1","1","1","1","1","1","1","1","0","0","0","0"
"SRR2967105","Camp2015",474315.1199093,10108,"Dissociated whole cerebral organoid","33 days","GSM1957053","iPSC 409B2","organoid",NA,"1","1","1","1","1","0","0","0","0","0","0","0","0","0","2","2","2","2","1","1","1","1","1","1","1","1","1","0","0","0","0"
"SRR2967106","Camp2015",604506.048953323,8498,"Dissociated whole cerebral organoid","33 days","GSM1957054","iPSC 409B2","organoid",NA,"1","1","1","1","1","0","0","0","0","0","0","0","0","0","2","2","2","2","1","1","1","1","1","1","1","1","1","0","0","0","0"
"SRR2967107","Camp2015",337643.991833481,8054,"Dissociated whole cerebral organoid","33 days","GSM1957055","iPSC 409B2","organoid",NA,"2","7","0","0","0","2","2","1","1","1","6","7","7","7","6","7","7","7","7","7","8","7","7","8","8","7","8","7","7","7","6"
"SRR2967108","Camp2015",495091.867027493,8292,"Dissociated whole cerebral organoid","33 days","GSM1957056","iPSC 409B2","organoid",NA,"1","1","1","1","1","0","0","0","0","0","0","0","0","0","2","2","2","2","1","1","1","1","1","1","1","1","1","0","0","0","0"
"SRR2967109","Camp2015",422743.802310625,8512,"Dissociated whole cerebral organoid","33 days","GSM1957057","iPSC 409B2","organoid",NA,"1","9","1","1","1","0","0","0","0","0","0","0","0","0","6","8","8","8","9","9","9","9","9","9","9","8","7","8","8","8","7"
"SRR2967110","Camp2015",455379.08113067,5861,"Dissociated whole cerebral organoid","33 days","GSM1957058","iPSC 409B2","organoid",NA,"0","6","0","0","0","4","4","5","5","5","5","6","6","6","7","6","6","6","6","6","5","6","5","4","4","10","10","11","11","11","11"
"SRR2967111","Camp2015",399123.678011664,8665,"Dissociated whole cerebral organoid","33 days","GSM1957059","iPSC 409B2","organoid",NA,"1","1","1","1","1","0","0","0","0","0","0","0","0","0","2","2","2","2","1","1","1","1","1","10","10","9","9","10","10","10","10"
"SRR2967112","Camp2015",689127.048783724,9255,"Dissociated whole cerebral organoid","33 days","GSM1957060","iPSC 409B2","organoid",NA,"1","2","1","1","1","0","0","0","0","0","0","3","3","3","3","3","3","3","2","2","2","2","2","10","10","9","9","10","10","10","10"
"SRR2967113","Camp2015",720160.396575878,8654,"Dissociated whole cerebral organoid","33 days","GSM1957061","iPSC 409B2","organoid",NA,"1","9","1","1","1","0","0","0","0","0","0","7","7","7","6","8","8","8","9","9","9","9","9","9","9","8","7","8","8","8","7"
"SRR2967114","Camp2015",430232.105329711,9631,"Dissociated whole cerebral organoid","33 days","GSM1957062","iPSC 409B2","organoid",NA,"1","9","1","1","1","0","0","0","0","0","0","0","0","0","6","8","8","8","9","9","9","9","9","9","9","8","7","8","8","8","7"
"SRR2967115","Camp2015",430987.220831547,7762,"Dissociated whole cerebral organoid","33 days","GSM1957063","iPSC 409B2","organoid",NA,"1","9","1","1","1","0","0","0","0","0","0","0","0","0","6","8","8","8","9","9","9","9","9","9","9","8","7","8","8","8","7"
"SRR2967116","Camp2015",303691.898102638,9110,"Dissociated whole cerebral organoid","33 days","GSM1957064","iPSC 409B2","organoid",NA,"1","2","1","1","1","0","0","0","0","0","0","3","3","3","3","3","3","3","2","2","2","2","2","6","6","5","5","5","5","4","4"
"SRR2967117","Camp2015",463723.043488797,8427,"Dissociated whole cerebral organoid","33 days","GSM1957065","iPSC 409B2","organoid",NA,"1","2","1","1","1","0","0","0","0","0","0","3","3","3","3","3","3","3","2","2","2","2","2","6","6","5","5","5","5","4","4"
"SRR2967118","Camp2015",430206.943155044,9495,"Dissociated whole cerebral organoid","33 days","GSM1957066","iPSC 409B2","organoid",NA,"1","2","1","1","1","0","0","0","0","0","0","3","3","3","3","3","3","3","2","2","2","2","2","6","6","5","5","5","5","4","4"
"SRR2967119","Camp2015",373367.764541904,9685,"Dissociated whole cerebral organoid","33 days","GSM1957067","iPSC 409B2","organoid",NA,"1","1","1","1","1","0","0","0","0","0","0","0","0","0","2","2","2","2","1","1","1","1","1","1","1","1","1","0","0","0","0"
"SRR2967120","Camp2015",511281.83072001,10053,"Dissociated whole cerebral organoid","33 days","GSM1957068","iPSC 409B2","organoid",NA,"1","2","1","1","1","0","0","0","0","0","0","3","3","3","3","3","3","3","2","2","2","2","2","10","10","9","9","10","10","10","10"
"SRR2967121","Camp2015",462111.442846495,5886,"Dissociated whole cerebral organoid","33 days","GSM1957069","iPSC 409B2","organoid",NA,"0","4","0","0","0","1","1","1","1","1","2","2","2","2","1","7","7","7","4","4","4","7","7","8","8","3","3","2","7","7","6"
"SRR2967122","Camp2015",448729.726275652,9414,"Dissociated whole cerebral organoid","33 days","GSM1957070","iPSC 409B2","organoid",NA,"1","2","1","1","1","0","0","0","0","0","0","3","3","3","3","3","3","3","2","2","2","2","2","6","6","5","5","5","5","4","4"
"SRR2967123","Camp2015",566295.516983098,8295,"Dissociated whole cerebral organoid","33 days","GSM1957071","iPSC 409B2","organoid",NA,"1","1","1","1","1","0","0","0","0","0","0","0","0","0","2","2","2","2","1","1","1","1","1","1","1","1","1","0","0","0","0"
"SRR2967124","Camp2015",439215.361633368,8444,"Dissociated whole cerebral organoid","33 days","GSM1957072","iPSC 409B2","organoid",NA,"1","1","1","1","1","0","0","0","0","0","0","0","0","0","2","2","2","2","1","1","1","1","1","1","1","1","1","0","0","0","0"
"SRR2967125","Camp2015",414236.30277577,5575,"Dissociated whole cerebral organoid","33 days","GSM1957073","iPSC 409B2","organoid",NA,"2","7","0","0","0","2","2","1","1","1","6","7","7","7","6","7","7","7","7","7","8","7","7","8","8","7","8","7","7","7","6"
"SRR2967126","Camp2015",477249.715812732,9828,"Dissociated whole cerebral organoid","33 days","GSM1957074","iPSC 409B2","organoid",NA,"1","1","1","1","1","0","0","0","0","0","0","0","0","0","2","2","2","2","1","1","1","1","1","10","10","9","9","10","10","10","10"
"SRR2967127","Camp2015",290912.097491821,9633,"Dissociated whole cerebral organoid","33 days","GSM1957075","iPSC 409B2","organoid",NA,"1","2","1","1","1","0","0","0","0","0","0","3","3","3","3","3","3","3","2","9","9","9","9","9","9","8","7","8","8","8","7"
"SRR2967128","Camp2015",256736.555312788,8961,"Dissociated whole cerebral organoid","33 days","GSM1957076","iPSC 409B2","organoid",NA,"1","1","1","1","1","0","0","0","0","0","0","0","0","0","2","2","2","2","1","1","1","1","1","1","1","1","1","0","0","0","0"
"SRR2967129","Camp2015",373557.934445558,10161,"Dissociated whole cerebral organoid","33 days","GSM1957077","iPSC 409B2","organoid",NA,"1","1","1","1","1","0","0","0","0","0","0","0","0","0","2","2","2","2","1","1","1","1","1","1","1","1","1","0","0","0","0"
"SRR2967130","Camp2015",414031.44503955,5572,"Dissociated whole cerebral organoid","33 days","GSM1957078","iPSC 409B2","organoid",NA,"1","7","1","1","1","0","0","1","1","1","6","7","7","7","6","7","7","7","7","7","8","7","7","8","8","7","8","7","7","7","6"
"SRR2967131","Camp2015",402872.840048479,10594,"Dissociated whole cerebral organoid","33 days","GSM1957079","iPSC 409B2","organoid",NA,"1","1","1","1","1","0","0","0","0","0","0","0","0","0","2","2","2","2","1","1","1","1","1","1","1","1","1","0","0","0","0"
"SRR2967132","Camp2015",539306.191499479,7488,"Dissociated whole cerebral organoid","33 days","GSM1957080","iPSC 409B2","organoid",NA,"1","1","1","1","1","0","0","0","0","0","0","0","0","0","2","2","2","2","1","1","1","1","1","9","9","8","7","8","8","8","7"
"SRR2967133","Camp2015",585247.587006566,5909,"Dissociated whole cerebral organoid","33 days","GSM1957081","iPSC 409B2","organoid",NA,"1","7","0","0","0","0","0","1","1","1","6","7","7","7","6","7","7","7","7","7","8","7","7","8","8","7","8","7","7","7","6"
"SRR2967134","Camp2015",451311.259826751,10053,"Dissociated whole cerebral organoid","33 days","GSM1957082","iPSC 409B2","organoid",NA,"1","1","1","1","1","0","0","0","0","0","0","0","0","0","2","2","2","2","1","1","1","1","1","1","1","1","1","0","0","0","0"
"SRR2967135","Camp2015",477394.537215543,9035,"Dissociated whole cerebral organoid","33 days","GSM1957083","iPSC 409B2","organoid",NA,"1","9","1","1","1","0","0","0","0","0","0","0","0","0","2","8","8","8","9","9","9","9","9","9","9","8","7","8","8","8","7"
"SRR2967136","Camp2015",532598.869764852,7082,"Dissociated whole cerebral organoid","33 days","GSM1957084","iPSC 409B2","organoid",NA,"1","1","1","1","1","0","0","0","0","0","0","0","0","0","2","2","2","2","1","1","1","1","1","1","1","1","1","0","0","0","0"
"SRR2967137","Camp2015",444767.755257069,8921,"Dissociated whole cerebral organoid","33 days","GSM1957085","iPSC 409B2","organoid",NA,"1","2","1","1","1","0","0","0","0","0","0","3","3","3","3","3","3","3","2","2","2","2","2","6","6","5","5","5","5","4","4"
"SRR2967138","Camp2015",540065.026316234,5661,"Dissociated whole cerebral organoid","33 days","GSM1957086","iPSC 409B2","organoid",NA,"0","7","0","0","0","1","1","1","1","1","6","7","7","7","6","7","7","7","7","7","8","7","7","8","8","7","8","7","7","7","6"
"SRR2967139","Camp2015",645048.596415335,5887,"Dissociated whole cerebral organoid","33 days","GSM1957087","iPSC 409B2","organoid",NA,"1","1","1","1","1","0","0","0","0","0","0","0","0","0","2","2","2","2","1","1","1","1","1","9","9","8","7","8","8","8","7"
"SRR2967140","Camp2015",584901.036857053,10656,"Dissociated whole cerebral organoid","35 days","GSM1957088","iPSC 409B2","organoid",NA,"1","2","1","1","1","0","0","0","0","0","0","3","3","3","3","3","3","3","2","2","2","2","2","10","10","9","9","10","10","10","10"
"SRR2967141","Camp2015",529390.96927905,8799,"Dissociated whole cerebral organoid","35 days","GSM1957089","iPSC 409B2","organoid",NA,"1","2","1","1","1","0","0","0","0","0","0","3","3","3","3","3","3","3","2","2","2","2","2","10","10","9","9","10","10","10","10"
"SRR2967142","Camp2015",456019.219720177,9704,"Dissociated whole cerebral organoid","35 days","GSM1957090","iPSC 409B2","organoid",NA,"1","2","1","1","1","0","0","0","0","0","0","3","3","3","3","3","3","3","2","2","2","2","2","9","9","8","7","8","8","8","7"
"SRR2967143","Camp2015",383598.061473661,7099,"Dissociated whole cerebral organoid","35 days","GSM1957091","iPSC 409B2","organoid",NA,"2","7","0","0","0","2","2","1","1","1","6","7","7","7","6","7","7","7","7","7","8","7","7","8","8","7","8","7","7","7","6"
"SRR2967144","Camp2015",341368.222796799,8944,"Dissociated whole cerebral organoid","35 days","GSM1957092","iPSC 409B2","organoid",NA,"1","2","1","1","1","0","0","0","0","0","0","3","3","3","3","3","3","3","2","2","2","2","2","6","6","5","5","5","5","4","4"
"SRR2967145","Camp2015",486965.847562177,8709,"Dissociated whole cerebral organoid","35 days","GSM1957093","iPSC 409B2","organoid",NA,"1","9","1","1","1","0","0","0","0","0","0","0","0","0","6","8","8","8","9","9","9","9","9","9","9","8","7","8","8","8","7"
"SRR2967146","Camp2015",605591.006299003,8314,"Dissociated whole cerebral organoid","35 days","GSM1957094","iPSC 409B2","organoid",NA,"1","9","1","1","1","0","0","0","0","0","0","0","0","0","6","8","8","8","9","9","9","9","9","9","9","8","7","8","8","8","7"
"SRR2967147","Camp2015",392655.470605268,10331,"Dissociated whole cerebral organoid","35 days","GSM1957095","iPSC 409B2","organoid",NA,"1","2","1","1","1","0","0","0","0","0","0","3","3","3","3","3","3","3","2","2","2","2","2","10","10","9","9","10","10","10","10"
"SRR2967148","Camp2015",313591.068451094,8173,"Dissociated whole cerebral organoid","35 days","GSM1957096","iPSC 409B2","organoid",NA,"1","7","0","0","0","0","0","1","1","1","6","7","7","7","6","7","7","7","7","7","8","7","7","8","8","7","8","7","7","7","6"
"SRR2967149","Camp2015",543003.318172458,7496,"Dissociated whole cerebral organoid","35 days","GSM1957097","iPSC 409B2","organoid",NA,"1","2","1","1","1","0","0","0","0","0","0","3","3","3","3","3","3","3","2","2","2","2","2","10","10","9","9","10","10","10","10"
"SRR2967150","Camp2015",462507.243041022,10777,"Dissociated whole cerebral organoid","35 days","GSM1957098","iPSC 409B2","organoid",NA,"1","2","1","1","1","0","0","0","0","0","0","3","3","3","3","3","3","3","2","2","2","2","2","10","10","9","9","10","10","10","10"
"SRR2967151","Camp2015",633865.77917874,8561,"Dissociated whole cerebral organoid","35 days","GSM1957099","iPSC 409B2","organoid",NA,"1","2","1","1","1","0","0","0","0","0","0","3","3","3","3","3","3","3","2","2","2","2","2","10","10","9","9","10","10","10","10"
"SRR2967152","Camp2015",601566.778123036,7451,"Dissociated whole cerebral organoid","35 days","GSM1957100","iPSC 409B2","organoid",NA,"1","9","1","1","1","0","0","0","0","0","0","0","0","0","6","8","8","8","9","9","9","9","9","9","9","8","7","8","8","8","7"
"SRR2967153","Camp2015",711171.551236366,7844,"Dissociated whole cerebral organoid","35 days","GSM1957101","iPSC 409B2","organoid",NA,"1","2","1","1","1","0","0","0","0","0","0","3","3","3","3","3","3","3","2","2","2","2","2","6","6","5","5","5","5","4","4"
"SRR2967154","Camp2015",528708.757760503,9079,"Dissociated whole cerebral organoid","35 days","GSM1957102","iPSC 409B2","organoid",NA,"1","9","1","1","1","0","0","0","0","0","0","0","0","0","6","8","8","8","9","9","9","9","9","9","9","8","7","8","8","8","7"
"SRR2967155","Camp2015",522027.532190603,8733,"Dissociated whole cerebral organoid","35 days","GSM1957103","iPSC 409B2","organoid",NA,"1","2","1","1","1","0","0","0","0","0","0","3","3","3","3","3","3","3","2","2","2","2","2","6","6","5","5","5","5","4","4"
"SRR2967156","Camp2015",555631.79817285,8915,"Dissociated whole cerebral organoid","35 days","GSM1957104","iPSC 409B2","organoid",NA,"1","2","1","1","1","0","0","0","0","0","0","3","3","3","3","3","3","3","2","2","2","2","2","6","6","5","5","5","5","4","4"
"SRR2967157","Camp2015",411544.955968325,11119,"Dissociated whole cerebral organoid","35 days","GSM1957105","iPSC 409B2","organoid",NA,"1","2","1","1","1","0","0","0","0","0","0","3","3","3","3","3","3","3","2","2","2","2","2","6","6","5","5","5","5","4","4"
"SRR2967158","Camp2015",384377.787395351,10193,"Dissociated whole cerebral organoid","35 days","GSM1957106","iPSC 409B2","organoid",NA,"1","2","1","1","1","0","0","0","0","0","0","3","3","3","3","3","3","3","2","2","2","2","2","6","6","5","5","5","5","4","4"
"SRR2967159","Camp2015",292910.23309598,9437,"Dissociated whole cerebral organoid","35 days","GSM1957107","iPSC 409B2","organoid",NA,"1","2","1","1","1","0","0","0","0","0","0","3","3","3","3","3","3","3","2","2","2","2","2","6","6","5","5","5","5","4","4"
"SRR2967160","Camp2015",435844.453524014,10185,"Dissociated whole cerebral organoid","35 days","GSM1957108","iPSC 409B2","organoid",NA,"1","2","1","1","1","0","0","0","0","0","0","3","3","3","3","3","3","3","2","2","2","2","2","6","6","5","5","5","5","4","4"
"SRR2967161","Camp2015",533972.325689222,8968,"Dissociated whole cerebral organoid","35 days","GSM1957109","iPSC 409B2","organoid",NA,"1","2","1","1","1","0","0","0","0","0","0","3","3","3","3","3","3","3","2","2","2","2","2","6","6","5","5","5","5","4","4"
"SRR2967162","Camp2015",375643.839254663,8780,"Dissociated whole cerebral organoid","35 days","GSM1957110","iPSC 409B2","organoid",NA,"1","9","1","1","1","0","0","0","0","0","0","3","3","3","6","8","8","8","9","9","9","9","9","9","9","8","7","8","8","8","7"
"SRR2967163","Camp2015",289888.901986153,6036,"Dissociated whole cerebral organoid","35 days","GSM1957111","iPSC 409B2","organoid",NA,"0","4","0","0","0","1","1","1","1","1","2","2","2","2","1","1","1","1","4","4","4","4","4","3","3","3","3","2","3","3","5"
"SRR2967164","Camp2015",709347.781599355,10168,"Dissociated whole cerebral organoid","35 days","GSM1957112","iPSC 409B2","organoid",NA,"1","2","1","1","1","0","0","0","0","0","0","3","3","3","3","3","3","3","2","2","2","2","2","10","10","9","9","10","10","10","10"
"SRR2967165","Camp2015",330380.649482422,9251,"Dissociated whole cerebral organoid","35 days","GSM1957113","iPSC 409B2","organoid",NA,"1","2","1","1","1","0","0","0","0","0","0","3","3","3","3","3","3","3","2","2","2","2","2","6","6","5","5","5","5","4","4"
"SRR2967166","Camp2015",487311.26728241,9239,"Dissociated whole cerebral organoid","35 days","GSM1957114","iPSC 409B2","organoid",NA,"1","1","1","1","1","0","0","0","0","0","0","0","0","0","2","2","2","2","1","1","1","1","1","10","10","9","9","10","10","10","10"
"SRR2967167","Camp2015",316640.980549032,6303,"Dissociated whole cerebral organoid","35 days","GSM1957115","iPSC 409B2","organoid",NA,"0","4","0","0","0","1","1","1","1","1","2","2","2","2","1","1","1","1","4","4","4","4","4","3","3","3","3","2","3","7","6"
"SRR2967168","Camp2015",309330.069732934,5979,"Dissociated whole cerebral organoid","35 days","GSM1957116","iPSC 409B2","organoid",NA,"0","5","0","0","0","1","1","4","4","4","4","5","5","5","5","5","5","5","5","5","6","5","6","5","5","4","4","4","4","5","3"
"SRR2967169","Camp2015",294117.607692363,10260,"Dissociated whole cerebral organoid","35 days","GSM1957117","iPSC 409B2","organoid",NA,"1","2","1","1","1","0","0","0","0","0","0","3","3","3","3","3","3","3","2","2","2","2","2","6","6","5","5","5","5","4","4"
"SRR2967170","Camp2015",304119.507321651,9331,"Dissociated whole cerebral organoid","35 days","GSM1957118","iPSC 409B2","organoid",NA,"1","2","1","1","1","0","0","0","0","0","0","3","3","3","3","3","3","3","2","2","2","2","2","6","6","5","5","5","5","4","4"
"SRR2967171","Camp2015",365944.621943203,9575,"Dissociated whole cerebral organoid","35 days","GSM1957119","iPSC 409B2","organoid",NA,"1","2","1","1","1","0","0","0","0","0","0","3","3","3","3","3","3","3","2","2","2","2","2","6","6","5","5","5","5","4","4"
"SRR2967172","Camp2015",477553.707420101,9033,"Dissociated whole cerebral organoid","35 days","GSM1957120","iPSC 409B2","organoid",NA,"1","2","1","1","1","0","0","0","0","0","0","3","3","3","3","3","3","3","2","2","2","2","2","6","6","5","5","5","5","4","4"
"SRR2967173","Camp2015",385731.595739768,8177,"Dissociated whole cerebral organoid","35 days","GSM1957121","iPSC 409B2","organoid",NA,"1","2","1","1","1","0","0","0","0","0","0","3","3","3","3","3","3","3","2","2","2","2","2","6","6","5","5","5","5","4","4"
"SRR2967174","Camp2015",473099.072086219,9036,"Dissociated whole cerebral organoid","35 days","GSM1957122","iPSC 409B2","organoid",NA,"1","2","1","1","1","0","0","0","0","0","0","3","3","3","3","3","3","3","2","2","2","2","2","10","10","9","9","10","8","8","7"
"SRR2967175","Camp2015",496319.53109204,9918,"Dissociated whole cerebral organoid","35 days","GSM1957123","iPSC 409B2","organoid",NA,"1","2","1","1","1","0","0","0","0","0","0","3","3","3","3","3","3","3","2","2","2","2","2","6","6","5","5","5","5","4","4"
"SRR2967176","Camp2015",445004.454390984,9763,"Dissociated whole cerebral organoid","35 days","GSM1957124","iPSC 409B2","organoid",NA,"1","2","1","1","1","0","0","0","0","0","0","3","3","3","3","3","3","3","2","2","2","2","2","10","10","9","9","10","10","10","10"
"SRR2967177","Camp2015",468348.580156962,8414,"Dissociated whole cerebral organoid","35 days","GSM1957125","iPSC 409B2","organoid",NA,"1","2","1","1","1","0","0","0","0","0","0","3","3","3","3","3","3","3","2","2","2","2","2","6","6","5","5","5","5","4","4"
"SRR2967178","Camp2015",340094.099190704,9832,"Dissociated whole cerebral organoid","35 days","GSM1957126","iPSC 409B2","organoid",NA,"1","2","1","1","1","0","0","0","0","0","0","3","3","3","3","3","3","3","2","2","2","2","2","6","6","5","5","5","5","4","4"
"SRR2967179","Camp2015",327359.826044755,8718,"Dissociated whole cerebral organoid","35 days","GSM1957127","iPSC 409B2","organoid",NA,"1","2","1","1","1","0","0","0","0","0","0","3","3","3","3","3","3","3","2","2","2","2","2","6","6","5","5","5","5","4","4"
"SRR2967180","Camp2015",396931.463523914,10329,"Dissociated whole cerebral organoid","35 days","GSM1957128","iPSC 409B2","organoid",NA,"1","2","1","1","1","0","0","0","0","0","0","3","3","3","3","3","3","3","2","2","2","2","2","6","6","5","5","5","5","4","4"
"SRR2967181","Camp2015",618508.519024098,8264,"Dissociated whole cerebral organoid","35 days","GSM1957129","iPSC 409B2","organoid",NA,"1","2","1","1","1","0","0","0","0","0","0","3","3","3","3","3","3","3","2","2","2","2","2","10","10","9","9","10","10","10","10"
"SRR2967182","Camp2015",423285.892378207,9333,"Dissociated whole cerebral organoid","35 days","GSM1957130","iPSC 409B2","organoid",NA,"1","2","1","1","1","0","0","0","0","0","0","3","3","3","3","3","3","3","2","2","2","2","2","6","6","5","5","5","5","4","4"
"SRR2967183","Camp2015",306389.162836326,8857,"Dissociated whole cerebral organoid","35 days","GSM1957131","iPSC 409B2","organoid",NA,"1","2","1","1","1","0","0","0","0","0","0","3","3","3","3","3","3","3","2","2","2","2","2","6","6","5","5","5","5","4","4"
"SRR2967184","Camp2015",347663.555471008,6480,"Dissociated whole cerebral organoid","35 days","GSM1957132","iPSC 409B2","organoid",NA,"1","7","0","0","0","0","0","1","1","1","6","7","7","7","6","7","7","7","7","7","8","7","7","8","8","7","8","7","7","7","6"
"SRR2967185","Camp2015",568007.62611061,8361,"Dissociated whole cerebral organoid","35 days","GSM1957133","iPSC 409B2","organoid",NA,"1","2","1","1","1","0","0","0","0","0","0","3","3","3","3","3","3","3","2","2","2","2","2","6","6","5","5","5","5","4","4"
"SRR2967186","Camp2015",600375.372321748,8605,"Dissociated whole cerebral organoid","35 days","GSM1957134","iPSC 409B2","organoid",NA,"1","2","1","1","1","0","0","0","0","0","0","3","3","3","3","3","3","3","2","2","2","2","2","6","6","5","5","5","5","4","4"
"SRR2967187","Camp2015",617496.17787112,10148,"Dissociated whole cerebral organoid","35 days","GSM1957135","iPSC 409B2","organoid",NA,"1","2","1","1","1","0","0","0","0","0","0","3","3","3","3","3","3","3","2","2","2","2","2","10","10","9","9","10","10","10","10"
"SRR2967188","Camp2015",326833.397977014,6299,"Dissociated whole cerebral organoid","35 days","GSM1957136","iPSC 409B2","organoid",NA,"0","4","0","0","0","1","1","1","1","1","2","2","2","2","1","1","1","1","4","4","4","4","4","3","3","3","3","2","3","3","6"
"SRR2967189","Camp2015",456576.133819309,9469,"Dissociated whole cerebral organoid","35 days","GSM1957137","iPSC 409B2","organoid",NA,"1","2","1","1","1","0","0","0","0","0","0","3","3","3","3","3","3","3","2","2","2","2","2","6","6","5","5","5","5","4","4"
"SRR2967190","Camp2015",346788.140314769,9908,"Dissociated whole cerebral organoid","35 days","GSM1957138","iPSC 409B2","organoid",NA,"1","2","1","1","1","0","0","0","0","0","0","3","3","3","3","3","3","3","2","2","2","2","2","6","6","5","5","5","5","4","4"
"SRR2967191","Camp2015",325604.73681454,8567,"Dissociated whole cerebral organoid","35 days","GSM1957139","iPSC 409B2","organoid",NA,"1","2","1","1","1","0","0","0","0","0","0","3","3","3","3","3","3","3","2","2","2","2","2","6","6","5","5","5","5","4","4"
"SRR2967192","Camp2015",340572.758123485,7827,"Dissociated whole cerebral organoid","35 days","GSM1957140","iPSC 409B2","organoid",NA,"1","7","1","1","1","0","0","0","0","0","6","7","7","7","6","7","7","7","7","7","8","7","7","8","8","7","8","7","7","7","6"
"SRR2967193","Camp2015",483502.925357284,6519,"Dissociated whole cerebral organoid","35 days","GSM1957141","iPSC 409B2","organoid",NA,"1","7","1","1","1","0","0","0","0","1","6","7","7","7","6","7","7","7","7","7","8","7","7","8","8","7","8","7","7","7","6"
"SRR2967194","Camp2015",394970.141667217,6858,"Dissociated whole cerebral organoid","35 days","GSM1957142","iPSC 409B2","organoid",NA,"2","7","0","0","0","2","2","1","1","1","6","7","7","7","6","7","7","7","7","7","8","7","7","8","8","7","8","7","7","7","6"
"SRR2967195","Camp2015",325342.43618358,9127,"Dissociated whole cerebral organoid","35 days","GSM1957143","iPSC 409B2","organoid",NA,"1","2","1","1","1","0","0","0","0","0","0","3","3","3","3","3","3","3","2","2","2","2","2","6","6","5","5","5","5","4","4"
"SRR2967196","Camp2015",487861.598525295,6976,"Dissociated whole cerebral organoid","35 days","GSM1957144","iPSC 409B2","organoid",NA,"1","2","1","1","1","0","0","0","0","0","0","3","3","3","3","3","3","3","2","2","2","2","2","6","6","5","5","5","5","4","4"
"SRR2967197","Camp2015",496644.837750979,9167,"Dissociated whole cerebral organoid","35 days","GSM1957145","iPSC 409B2","organoid",NA,"1","2","1","1","1","0","0","0","0","0","0","3","3","3","3","3","3","3","2","2","2","2","2","6","6","5","5","5","5","4","4"
"SRR2967198","Camp2015",460394.307015847,9905,"Dissociated whole cerebral organoid","35 days","GSM1957146","iPSC 409B2","organoid",NA,"1","2","1","1","1","0","0","0","0","0","0","3","3","3","3","3","3","3","2","2","2","2","2","6","6","5","5","5","5","4","4"
"SRR2967199","Camp2015",517096.646357775,10158,"Dissociated whole cerebral organoid","35 days","GSM1957147","iPSC 409B2","organoid",NA,"1","2","1","1","1","0","0","0","0","0","0","3","3","3","3","3","3","3","2","2","2","2","2","10","10","9","9","10","10","10","10"
"SRR2967200","Camp2015",384739.156306203,8475,"Dissociated whole cerebral organoid","35 days","GSM1957148","iPSC 409B2","organoid",NA,"1","2","1","1","1","0","0","0","0","0","0","3","3","3","3","3","3","3","2","2","2","2","2","6","6","5","5","5","5","4","4"
"SRR2967201","Camp2015",283151.471783878,6594,"Dissociated whole cerebral organoid","35 days","GSM1957149","iPSC 409B2","organoid",NA,"0","4","0","0","0","1","1","1","1","1","2","2","2","2","1","1","1","1","4","4","4","4","4","3","3","3","3","2","3","3","5"
"SRR2967202","Camp2015",320378.863315659,10036,"Dissociated whole cerebral organoid","35 days","GSM1957150","iPSC 409B2","organoid",NA,"1","2","1","1","1","0","0","0","0","0","0","3","3","3","3","3","3","3","2","2","2","2","2","6","6","5","5","5","5","4","4"
"SRR2967203","Camp2015",310072.022923794,10543,"Dissociated whole cerebral organoid","35 days","GSM1957151","iPSC 409B2","organoid",NA,"1","2","1","1","1","0","0","0","0","0","0","3","3","3","3","3","3","3","2","2","2","2","2","6","6","5","5","5","5","4","4"
"SRR2967204","Camp2015",436360.17743193,9299,"Dissociated whole cerebral organoid","35 days","GSM1957152","iPSC 409B2","organoid",NA,"1","2","1","1","1","0","0","0","0","0","0","3","3","3","3","3","3","3","2","2","2","2","2","6","6","5","5","5","5","4","4"
"SRR2967205","Camp2015",430012.335341429,7716,"Dissociated whole cerebral organoid","35 days","GSM1957153","iPSC 409B2","organoid",NA,"1","2","1","1","1","0","0","0","0","0","0","3","3","3","3","3","3","3","2","2","2","2","2","6","6","5","5","5","5","4","4"
"SRR2967206","Camp2015",333001.604761189,10642,"Dissociated whole cerebral organoid","35 days","GSM1957154","iPSC 409B2","organoid",NA,"1","2","1","1","1","0","0","0","0","0","0","3","3","3","3","3","3","3","2","2","2","2","2","6","6","5","5","5","5","4","4"
"SRR2967207","Camp2015",328671.800948124,6752,"Dissociated whole cerebral organoid","35 days","GSM1957155","iPSC 409B2","organoid",NA,"1","7","0","0","0","0","0","1","1","1","6","7","7","7","6","7","7","7","7","7","8","7","7","8","8","7","8","7","7","7","6"
"SRR2967208","Camp2015",472758.809490748,7925,"Dissociated whole cerebral organoid","37 days","GSM1957156","iPSC 409B2","organoid",NA,"1","1","1","1","1","0","0","0","0","0","0","0","0","0","2","2","2","2","1","1","1","1","1","1","1","1","1","0","0","0","0"
"SRR2967209","Camp2015",435541.343943399,8678,"Dissociated whole cerebral organoid","37 days","GSM1957157","iPSC 409B2","organoid",NA,"1","1","1","1","1","0","0","0","0","0","0","0","0","0","2","2","2","2","1","1","1","1","1","1","1","1","1","0","0","0","0"
"SRR2967210","Camp2015",434126.626912984,8471,"Dissociated whole cerebral organoid","37 days","GSM1957158","iPSC 409B2","organoid",NA,"1","1","1","1","1","0","0","0","0","0","0","0","0","0","2","2","2","2","1","1","1","1","1","1","1","1","1","0","0","0","0"
"SRR2967211","Camp2015",347579.81322104,9461,"Dissociated whole cerebral organoid","37 days","GSM1957159","iPSC 409B2","organoid",NA,"1","1","1","1","1","0","0","0","0","0","0","0","0","0","2","2","2","2","1","1","1","1","1","1","1","1","1","0","0","0","0"
"SRR2967212","Camp2015",506731.385349815,7792,"Dissociated whole cerebral organoid","37 days","GSM1957160","iPSC 409B2","organoid",NA,"1","9","1","1","1","0","0","0","0","0","0","0","0","0","6","8","8","8","9","9","9","9","9","9","9","8","7","8","8","8","7"
"SRR2967213","Camp2015",295554.973654796,10169,"Dissociated whole cerebral organoid","37 days","GSM1957161","iPSC 409B2","organoid",NA,"1","1","1","1","1","0","0","0","0","0","0","0","0","0","2","2","2","2","1","1","1","1","1","1","1","1","1","0","0","0","0"
"SRR2967214","Camp2015",569914.128882971,8441,"Dissociated whole cerebral organoid","37 days","GSM1957162","iPSC 409B2","organoid",NA,"1","1","1","1","1","0","0","0","0","0","0","0","0","0","2","2","2","2","1","1","1","1","1","1","1","1","1","0","0","0","0"
"SRR2967215","Camp2015",458332.307207495,8569,"Dissociated whole cerebral organoid","37 days","GSM1957163","iPSC 409B2","organoid",NA,"1","9","1","1","1","0","0","0","0","0","0","0","0","0","6","8","8","8","9","9","9","9","9","9","9","8","7","8","8","8","7"
"SRR2967216","Camp2015",331600.100181245,8431,"Dissociated whole cerebral organoid","37 days","GSM1957164","iPSC 409B2","organoid",NA,"1","1","1","1","1","0","0","0","0","0","0","0","0","0","2","2","2","2","1","1","1","1","1","1","1","1","1","0","0","4","4"
"SRR2967217","Camp2015",365724.75272032,7531,"Dissociated whole cerebral organoid","37 days","GSM1957165","iPSC 409B2","organoid",NA,"1","1","1","1","1","0","0","0","0","0","0","0","0","0","2","2","2","2","1","1","1","1","1","1","1","1","1","0","0","0","0"
"SRR2967218","Camp2015",409071.522005645,5179,"Dissociated whole cerebral organoid","37 days","GSM1957166","iPSC 409B2","organoid",NA,"0","4","0","0","0","1","1","1","1","1","2","2","2","2","1","1","1","1","4","4","4","4","4","3","3","3","3","2","3","3","5"
"SRR2967219","Camp2015",409998.716947835,11212,"Dissociated whole cerebral organoid","37 days","GSM1957167","iPSC 409B2","organoid",NA,"1","1","1","1","1","0","0","0","0","0","0","0","0","0","2","2","2","2","1","1","1","1","1","1","1","1","1","0","0","0","0"
"SRR2967220","Camp2015",411390.441741197,8968,"Dissociated whole cerebral organoid","37 days","GSM1957168","iPSC 409B2","organoid",NA,"1","1","1","1","1","0","0","0","0","0","0","0","0","0","2","2","2","2","1","1","1","1","1","1","1","1","1","0","0","0","0"
"SRR2967221","Camp2015",315630.244304776,10463,"Dissociated whole cerebral organoid","37 days","GSM1957169","iPSC 409B2","organoid",NA,"1","1","1","1","1","0","0","0","0","0","0","0","0","0","2","2","2","2","1","1","1","1","1","1","1","1","1","0","0","0","0"
"SRR2967222","Camp2015",408275.525875552,8112,"Dissociated whole cerebral organoid","37 days","GSM1957170","iPSC 409B2","organoid",NA,"1","9","1","1","1","0","0","0","0","0","0","0","0","0","6","8","8","8","9","9","9","9","9","9","9","8","7","8","8","8","7"
"SRR2967223","Camp2015",425049.582944345,8946,"Dissociated whole cerebral organoid","37 days","GSM1957171","iPSC 409B2","organoid",NA,"1","1","1","1","1","0","0","0","0","0","0","0","0","0","2","2","2","2","1","1","1","1","1","1","1","1","1","0","0","0","0"
"SRR2967224","Camp2015",537622.901037356,8502,"Dissociated whole cerebral organoid","37 days","GSM1957172","iPSC 409B2","organoid",NA,"1","9","1","1","1","0","0","0","0","0","0","0","0","0","6","8","8","8","9","9","9","9","9","9","9","8","7","8","8","8","7"
"SRR2967225","Camp2015",409575.089794731,10650,"Dissociated whole cerebral organoid","37 days","GSM1957173","iPSC 409B2","organoid",NA,"1","1","1","1","1","0","0","0","0","0","0","0","0","0","2","2","2","2","1","1","1","1","1","1","1","1","1","0","0","0","0"
"SRR2967226","Camp2015",364532.637430211,9917,"Dissociated whole cerebral organoid","37 days","GSM1957174","iPSC 409B2","organoid",NA,"1","1","1","1","1","0","0","0","0","0","0","0","0","0","2","2","2","2","1","1","1","1","1","1","1","1","1","0","0","0","0"
"SRR2967227","Camp2015",459645.321638279,9551,"Dissociated whole cerebral organoid","37 days","GSM1957175","iPSC 409B2","organoid",NA,"1","9","1","1","1","0","0","0","0","0","0","0","0","0","6","8","8","8","9","9","9","9","9","9","9","8","7","8","8","8","7"
"SRR2967228","Camp2015",363228.851553036,8314,"Dissociated whole cerebral organoid","37 days","GSM1957176","iPSC 409B2","organoid",NA,"1","1","1","1","1","0","0","0","0","0","0","0","0","0","2","2","2","2","1","1","1","1","1","1","1","1","1","0","0","0","0"
"SRR2967229","Camp2015",431415.983078924,9237,"Dissociated whole cerebral organoid","37 days","GSM1957177","iPSC 409B2","organoid",NA,"1","1","1","1","1","0","0","0","0","0","0","0","0","0","2","2","2","2","1","1","1","1","1","1","1","1","1","0","0","0","0"
"SRR2967230","Camp2015",448349.848615717,9572,"Dissociated whole cerebral organoid","37 days","GSM1957178","iPSC 409B2","organoid",NA,"1","9","1","1","1","0","0","0","0","0","0","0","0","0","2","2","8","8","9","9","9","9","9","9","9","8","7","8","8","8","7"
"SRR2967231","Camp2015",620584.73843873,8598,"Dissociated whole cerebral organoid","37 days","GSM1957179","iPSC 409B2","organoid",NA,"1","1","1","1","1","0","0","0","0","0","0","0","0","0","2","2","2","2","1","1","1","1","1","1","1","1","1","0","0","0","0"
"SRR2967232","Camp2015",456834.688434996,9684,"Dissociated whole cerebral organoid","37 days","GSM1957180","iPSC 409B2","organoid",NA,"1","1","1","1","1","0","0","0","0","0","0","0","0","0","2","2","2","2","1","1","1","1","1","10","10","9","9","10","10","10","10"
"SRR2967233","Camp2015",435727.96458085,9494,"Dissociated whole cerebral organoid","37 days","GSM1957181","iPSC 409B2","organoid",NA,"1","1","1","1","1","0","0","0","0","0","0","0","0","0","2","2","2","2","1","1","1","1","1","1","1","1","1","0","0","0","0"
"SRR2967234","Camp2015",410812.963054357,10687,"Dissociated whole cerebral organoid","37 days","GSM1957182","iPSC 409B2","organoid",NA,"1","1","1","1","1","0","0","0","0","0","0","0","0","0","2","2","2","2","1","1","1","1","1","1","1","1","1","0","0","0","0"
"SRR2967235","Camp2015",398325.255761373,7171,"Dissociated whole cerebral organoid","37 days","GSM1957183","iPSC 409B2","organoid",NA,"2","6","0","0","3","2","2","5","5","5","5","6","6","6","7","6","6","6","6","6","5","6","5","4","4","11","11","12","12","12","12"
"SRR2967236","Camp2015",439887.449692851,9926,"Dissociated whole cerebral organoid","37 days","GSM1957184","iPSC 409B2","organoid",NA,"1","1","1","1","1","0","0","0","0","0","0","0","0","0","2","2","2","2","1","1","1","1","1","10","10","9","9","10","10","10","10"
"SRR2967237","Camp2015",410506.673808045,8932,"Dissociated whole cerebral organoid","37 days","GSM1957185","iPSC 409B2","organoid",NA,"1","1","1","1","1","0","0","0","0","0","0","0","0","0","2","2","2","2","1","1","1","1","1","1","1","1","1","0","0","0","0"
"SRR2967238","Camp2015",655304.434631638,9336,"Dissociated whole cerebral organoid","37 days","GSM1957186","iPSC 409B2","organoid",NA,"1","1","1","1","1","0","0","0","0","0","0","0","0","0","2","2","2","2","1","1","1","1","1","1","1","1","1","0","0","0","0"
"SRR2967239","Camp2015",349096.566710325,7825,"Dissociated whole cerebral organoid","37 days","GSM1957187","iPSC 409B2","organoid",NA,"1","9","1","1","1","0","0","0","0","0","0","0","0","0","6","8","8","8","9","9","9","9","9","9","9","8","7","8","8","8","7"
"SRR2967240","Camp2015",384061.121573963,10463,"Dissociated whole cerebral organoid","37 days","GSM1957188","iPSC 409B2","organoid",NA,"1","1","1","1","1","0","0","0","0","0","0","0","0","0","2","2","2","2","1","1","1","1","1","1","1","1","1","0","0","0","0"
"SRR2967241","Camp2015",471573.956258294,9502,"Dissociated whole cerebral organoid","37 days","GSM1957189","iPSC 409B2","organoid",NA,"1","9","1","1","1","0","0","0","0","0","0","0","0","0","6","8","8","8","9","9","9","9","9","9","9","8","7","8","8","8","7"
"SRR2967242","Camp2015",599486.172253398,8120,"Dissociated whole cerebral organoid","37 days","GSM1957190","iPSC 409B2","organoid",NA,"1","1","1","1","1","0","0","0","0","0","0","0","0","0","2","2","2","2","1","1","1","1","1","1","1","1","1","0","0","0","0"
"SRR2967243","Camp2015",601709.25881422,8981,"Dissociated whole cerebral organoid","37 days","GSM1957191","iPSC 409B2","organoid",NA,"1","1","1","1","1","0","0","0","0","0","0","0","0","0","2","2","2","2","1","1","1","1","1","1","1","1","1","0","0","0","0"
"SRR2967244","Camp2015",463671.623732449,9718,"Dissociated whole cerebral organoid","37 days","GSM1957192","iPSC 409B2","organoid",NA,"1","1","1","1","1","0","0","0","0","0","0","0","0","0","2","2","2","2","1","1","1","1","1","1","1","1","1","0","0","0","0"
"SRR2967245","Camp2015",339123.495596521,8499,"Dissociated whole cerebral organoid","37 days","GSM1957193","iPSC 409B2","organoid",NA,"1","1","1","1","1","0","0","0","0","0","0","0","0","0","2","2","2","2","1","1","1","1","1","1","1","1","1","0","0","0","0"
"SRR2967246","Camp2015",454123.495151489,8443,"Dissociated whole cerebral organoid","37 days","GSM1957194","iPSC 409B2","organoid",NA,"1","1","1","1","1","0","0","0","0","0","0","0","0","0","2","2","2","2","1","1","1","1","1","1","1","1","1","0","0","0","0"
"SRR2967247","Camp2015",534488.575664466,8599,"Dissociated whole cerebral organoid","37 days","GSM1957195","iPSC 409B2","organoid",NA,"1","9","1","1","1","0","0","0","0","0","0","0","0","0","6","8","8","8","9","9","9","9","9","9","9","8","7","8","8","8","7"
"SRR2967248","Camp2015",469722.898557007,8391,"Dissociated whole cerebral organoid","37 days","GSM1957196","iPSC 409B2","organoid",NA,"1","1","1","1","1","0","0","0","0","0","0","0","0","0","2","2","2","2","1","1","1","1","1","1","1","1","1","0","0","0","0"
"SRR2967249","Camp2015",468212.07541348,8982,"Dissociated whole cerebral organoid","37 days","GSM1957197","iPSC 409B2","organoid",NA,"1","1","1","1","1","0","0","0","0","0","0","0","0","0","2","2","2","2","1","1","1","1","1","1","1","1","1","0","0","0","0"
"SRR2967250","Camp2015",481909.379985276,9739,"Dissociated whole cerebral organoid","37 days","GSM1957198","iPSC 409B2","organoid",NA,"1","1","1","1","1","0","0","0","0","0","0","0","0","0","2","2","2","2","1","1","1","1","1","1","1","1","1","0","0","0","0"
"SRR2967251","Camp2015",400223.923930124,9564,"Dissociated whole cerebral organoid","37 days","GSM1957199","iPSC 409B2","organoid",NA,"1","1","1","1","1","0","0","0","0","0","0","0","0","0","2","2","2","2","1","1","1","1","1","1","1","1","1","0","0","0","0"
"SRR2967252","Camp2015",528130.328282495,9099,"Dissociated whole cerebral organoid","37 days","GSM1957200","iPSC 409B2","organoid",NA,"1","1","1","1","1","0","0","0","0","0","0","0","0","0","2","2","2","2","1","1","1","1","1","1","1","1","1","0","0","0","0"
"SRR2967253","Camp2015",419056.506411614,10247,"Dissociated whole cerebral organoid","37 days","GSM1957201","iPSC 409B2","organoid",NA,"1","1","1","1","1","0","0","0","0","0","0","0","0","0","2","2","2","2","1","1","1","1","1","1","1","1","1","0","0","0","0"
"SRR2967254","Camp2015",588282.230903335,8429,"Dissociated whole cerebral organoid","37 days","GSM1957202","iPSC 409B2","organoid",NA,"1","1","1","1","1","0","0","0","0","0","0","0","0","0","2","2","2","2","1","1","1","1","1","1","1","1","1","0","0","0","0"
"SRR2967255","Camp2015",443719.048347405,8788,"Dissociated whole cerebral organoid","37 days","GSM1957203","iPSC 409B2","organoid",NA,"1","9","1","1","1","0","0","0","0","0","0","0","0","0","6","8","8","8","9","9","9","9","9","9","9","8","7","8","8","8","7"
"SRR2967256","Camp2015",508902.305203427,8374,"Dissociated whole cerebral organoid","37 days","GSM1957204","iPSC 409B2","organoid",NA,"1","1","1","1","1","0","0","0","0","0","0","0","0","0","2","2","2","2","1","1","1","1","1","1","1","1","1","0","0","0","0"
"SRR2967257","Camp2015",502690.147060232,7564,"Dissociated whole cerebral organoid","37 days","GSM1957205","iPSC 409B2","organoid",NA,"1","1","1","1","1","0","0","0","0","0","0","0","0","0","2","2","2","2","1","1","1","1","1","1","1","1","1","0","0","0","0"
"SRR2967258","Camp2015",574185.746376806,9123,"Dissociated whole cerebral organoid","37 days","GSM1957206","iPSC 409B2","organoid",NA,"1","1","1","1","1","0","0","0","0","0","0","0","0","0","2","2","2","2","1","1","1","1","1","10","10","9","9","10","10","10","10"
"SRR2967259","Camp2015",471067.083756029,8774,"Dissociated whole cerebral organoid","37 days","GSM1957207","iPSC 409B2","organoid",NA,"1","1","1","1","1","0","0","0","0","0","0","0","0","0","2","2","2","2","1","1","1","1","1","1","1","1","1","0","0","0","0"
"SRR2967260","Camp2015",440636.535622557,10492,"Dissociated whole cerebral organoid","37 days","GSM1957208","iPSC 409B2","organoid",NA,"1","1","1","1","1","0","0","0","0","0","0","0","0","0","2","2","2","2","1","1","1","1","1","1","1","1","1","0","0","0","0"
"SRR2967261","Camp2015",366514.893530537,9411,"Dissociated whole cerebral organoid","37 days","GSM1957209","iPSC 409B2","organoid",NA,"1","1","1","1","1","0","0","0","0","0","0","0","0","0","2","2","2","2","1","1","1","1","1","1","1","1","1","0","0","0","0"
"SRR2967262","Camp2015",429555.442676798,8535,"Dissociated whole cerebral organoid","37 days","GSM1957210","iPSC 409B2","organoid",NA,"1","9","1","1","1","0","0","0","0","0","0","0","0","0","6","8","8","8","9","9","9","9","9","9","9","8","7","8","8","8","7"
"SRR2967263","Camp2015",648647.832175487,9239,"Dissociated whole cerebral organoid","37 days","GSM1957211","iPSC 409B2","organoid",NA,"1","2","1","1","1","0","0","0","0","0","0","3","3","3","3","3","3","3","2","2","2","2","2","10","10","9","9","10","10","10","10"
"SRR2967264","Camp2015",358047.961463797,6516,"Dissociated whole cerebral organoid","37 days","GSM1957212","iPSC 409B2","organoid",NA,"2","0","2","2","2","2","2","2","2","2","1","1","1","1","0","0","0","0","0","0","0","0","0","0","0","0","0","3","2","2","2"
"SRR2967265","Camp2015",340329.278950459,5823,"Dissociated whole cerebral organoid","37 days","GSM1957213","iPSC 409B2","organoid",NA,"0","4","0","0","0","1","1","1","1","1","2","2","2","2","1","1","1","1","4","4","4","7","7","8","8","3","3","2","7","7","6"
"SRR2967266","Camp2015",439629.227639976,8077,"Dissociated whole cerebral organoid","37 days","GSM1957214","iPSC 409B2","organoid",NA,"0","6","0","0","3","4","4","5","5","5","5","6","6","6","7","6","6","6","6","6","5","6","5","4","4","11","11","12","12","12","12"
"SRR2967267","Camp2015",308508.70163085,8543,"Dissociated whole cerebral organoid","37 days","GSM1957215","iPSC 409B2","organoid",NA,"1","9","1","1","1","0","0","0","0","0","0","0","0","0","6","8","8","8","9","9","9","9","9","9","9","8","7","8","8","8","7"
"SRR2967268","Camp2015",408888.407414669,10579,"Dissociated whole cerebral organoid","37 days","GSM1957216","iPSC 409B2","organoid",NA,"1","2","1","1","1","0","0","0","0","0","0","0","0","0","2","2","3","3","2","2","2","2","2","10","10","9","9","10","10","10","10"
"SRR2967269","Camp2015",2140574.59775706,8510,"Dissociated whole cerebral organoid","37 days","GSM1957217","iPSC 409B2","organoid",NA,"1","1","1","1","1","0","0","0","0","0","0","0","0","0","2","2","2","2","1","1","1","1","1","1","1","1","1","0","0","0","0"
"SRR2967270","Camp2015",619979.807814867,6710,"Dissociated whole cerebral organoid","37 days","GSM1957218","iPSC 409B2","organoid",NA,"1","1","1","1","1","0","0","0","0","0","0","0","0","0","2","2","2","2","1","1","1","1","1","1","1","1","1","0","0","0","0"
"SRR2967271","Camp2015",456517.233545495,5933,"Dissociated whole cerebral organoid","37 days","GSM1957219","iPSC 409B2","organoid",NA,"0","4","0","0","0","1","1","1","1","1","2","2","6","6","7","7","7","7","4","4","4","7","7","8","8","11","11","12","7","7","6"
"SRR2967272","Camp2015",724550.302010438,9277,"Dissociated whole cerebral organoid","37 days","GSM1957220","iPSC 409B2","organoid",NA,"1","9","1","1","1","0","0","0","0","0","0","0","0","0","6","8","8","8","9","9","9","9","9","9","9","8","7","8","8","8","7"
"SRR2967273","Camp2015",479097.95460556,9984,"Dissociated whole cerebral organoid","37 days","GSM1957221","iPSC 409B2","organoid",NA,"1","1","1","1","1","0","0","0","0","0","0","0","0","0","2","2","2","2","1","1","1","1","1","10","10","9","9","10","10","10","10"
"SRR2967274","Camp2015",306357.726268052,7092,"Dissociated whole cerebral organoid","37 days","GSM1957222","iPSC 409B2","organoid",NA,"2","0","2","2","2","2","2","2","2","2","1","1","1","1","0","0","0","0","0","0","0","0","0","0","0","0","0","7","7","7","6"
"SRR2967275","Camp2015",492175.321574197,10284,"Dissociated whole cerebral organoid","37 days","GSM1957223","iPSC 409B2","organoid",NA,"1","2","1","1","1","0","0","0","0","0","0","0","0","0","2","2","3","3","2","2","2","2","2","10","10","9","9","10","10","10","10"
"SRR2967276","Camp2015",550885.019325677,8163,"Dissociated whole cerebral organoid","37 days","GSM1957224","iPSC 409B2","organoid",NA,"1","1","1","1","1","0","0","0","0","0","0","0","0","0","2","2","2","2","1","1","1","1","1","1","1","1","1","0","0","0","0"
"SRR2967277","Camp2015",429426.135177571,9528,"Dissociated whole cerebral organoid","37 days","GSM1957225","iPSC 409B2","organoid",NA,"1","1","1","1","1","0","0","0","0","0","0","0","0","0","2","2","2","2","1","1","1","1","1","1","1","1","1","0","0","0","0"
"SRR2967278","Camp2015",558479.883336882,8863,"Dissociated whole cerebral organoid","37 days","GSM1957226","iPSC 409B2","organoid",NA,"1","2","1","1","1","0","0","0","0","0","0","0","0","0","2","2","3","3","2","2","2","2","2","10","10","9","9","10","10","10","10"
"SRR2967279","Camp2015",549573.66741974,6505,"Dissociated whole cerebral organoid","41 days","GSM1957227","iPSC 409B2","organoid",NA,"0","5","0","0","0","1","1","4","4","4","4","5","5","5","5","5","5","5","5","5","6","5","6","5","5","4","4","4","4","5","3"
"SRR2967280","Camp2015",582155.132192474,5502,"Dissociated whole cerebral organoid","41 days","GSM1957228","iPSC 409B2","organoid",NA,"0","3","3","3","3","3","3","3","3","3","3","4","4","4","4","4","4","4","3","3","3","3","3","2","2","2","2","1","1","1","1"
"SRR2967281","Camp2015",384111.546736532,6871,"Dissociated whole cerebral organoid","41 days","GSM1957229","iPSC 409B2","organoid",NA,"0","5","0","0","0","1","1","4","4","4","4","5","5","5","5","5","5","5","5","5","6","5","6","5","5","4","4","4","4","5","3"
"SRR2967282","Camp2015",342275.902550347,6373,"Dissociated whole cerebral organoid","41 days","GSM1957230","iPSC 409B2","organoid",NA,"0","6","0","0","0","4","4","5","5","5","5","6","6","6","7","6","6","6","6","6","5","6","5","4","4","10","10","11","11","11","11"
"SRR2967283","Camp2015",567838.345454777,7000,"Dissociated whole cerebral organoid","41 days","GSM1957231","iPSC 409B2","organoid",NA,"0","5","0","0","0","1","1","4","4","4","4","5","5","5","5","5","5","5","5","5","6","5","6","5","5","4","4","4","4","5","3"
"SRR2967284","Camp2015",638055.120115192,6625,"Dissociated whole cerebral organoid","41 days","GSM1957232","iPSC 409B2","organoid",NA,"0","3","3","3","3","3","3","3","3","3","3","4","4","4","4","4","4","4","3","3","3","3","3","2","2","2","2","1","1","1","1"
"SRR2967285","Camp2015",430056.401087117,7099,"Dissociated whole cerebral organoid","41 days","GSM1957233","iPSC 409B2","organoid",NA,"0","8","0","0","0","1","1","1","1","1","2","2","2","2","1","1","5","5","8","8","7","8","8","7","7","6","6","6","6","6","8"
"SRR2967286","Camp2015",614561.055062797,8965,"Dissociated whole cerebral organoid","41 days","GSM1957234","iPSC 409B2","organoid",NA,"0","8","0","0","0","1","3","4","4","4","4","5","5","5","5","5","5","5","8","8","7","8","8","7","7","6","6","6","6","6","14"
"SRR2967287","Camp2015",717393.64864327,6365,"Dissociated whole cerebral organoid","41 days","GSM1957235","iPSC 409B2","organoid",NA,"0","3","3","3","3","3","3","3","3","3","3","4","4","4","4","4","4","4","3","3","3","3","3","2","2","2","2","1","1","1","1"
"SRR2967288","Camp2015",407987.055547192,5527,"Dissociated whole cerebral organoid","41 days","GSM1957236","iPSC 409B2","organoid",NA,"0","3","3","3","3","3","3","3","3","3","3","4","4","4","4","4","4","4","3","3","3","3","3","2","2","2","2","1","1","1","1"
"SRR2967289","Camp2015",457939.764215651,6280,"Dissociated whole cerebral organoid","41 days","GSM1957237","iPSC 409B2","organoid",NA,"0","3","3","3","3","3","3","3","3","3","3","4","4","4","4","4","4","4","3","3","3","3","3","2","2","2","2","1","1","1","1"
"SRR2967290","Camp2015",657229.307007843,5534,"Dissociated whole cerebral organoid","41 days","GSM1957238","iPSC 409B2","organoid",NA,"0","3","3","3","3","3","3","3","3","3","3","4","4","4","4","4","4","4","3","3","3","3","3","2","2","2","2","1","1","1","1"
"SRR2967291","Camp2015",336698.612251672,9295,"Dissociated whole cerebral organoid","41 days","GSM1957239","iPSC 409B2","organoid",NA,"0","3","3","3","3","3","3","3","3","3","3","4","4","4","4","4","4","4","3","3","3","3","3","2","2","2","2","1","1","1","1"
"SRR2967292","Camp2015",356353.728863244,4582,"Dissociated whole cerebral organoid","41 days","GSM1957240","iPSC 409B2","organoid",NA,"2","0","2","2","2","2","2","2","2","2","1","1","1","1","0","0","0","0","0","0","0","0","0","0","0","0","0","3","2","2","2"
"SRR2967293","Camp2015",405861.923279652,7125,"Dissociated whole cerebral organoid","41 days","GSM1957241","iPSC 409B2","organoid",NA,"0","3","3","3","3","3","3","3","3","3","3","4","4","4","4","4","4","4","3","3","3","3","3","2","2","2","2","1","1","1","1"
"SRR2967294","Camp2015",610779.454209118,7599,"Dissociated whole cerebral organoid","41 days","GSM1957242","iPSC 409B2","organoid",NA,"0","3","3","3","3","3","3","3","3","3","3","4","4","4","4","4","4","4","3","3","3","3","3","2","2","2","2","1","1","1","1"
"SRR2967295","Camp2015",417018.172174192,5731,"Dissociated whole cerebral organoid","41 days","GSM1957243","iPSC 409B2","organoid",NA,"0","3","3","3","3","3","3","3","3","3","3","4","4","4","4","4","4","4","3","3","3","3","3","2","2","2","2","1","1","1","1"
"SRR2967296","Camp2015",472504.966906005,7617,"Dissociated whole cerebral organoid","41 days","GSM1957244","iPSC 409B2","organoid",NA,"0","3","3","3","3","3","3","3","3","3","3","4","4","4","4","4","4","4","3","3","3","3","3","2","2","2","2","1","1","1","1"
"SRR2967297","Camp2015",378383.425162467,6738,"Dissociated whole cerebral organoid","41 days","GSM1957245","iPSC 409B2","organoid",NA,"0","6","0","0","3","4","4","5","5","5","5","6","6","6","7","6","6","6","6","6","5","6","5","4","4","11","11","12","12","12","12"
"SRR2967298","Camp2015",447824.716193153,7654,"Dissociated whole cerebral organoid","41 days","GSM1957246","iPSC 409B2","organoid",NA,"0","3","3","3","3","3","3","3","3","3","3","4","4","4","4","4","4","4","3","3","3","3","3","2","2","2","2","1","1","1","1"
"SRR2967299","Camp2015",506756.839406469,4762,"Dissociated whole cerebral organoid","41 days","GSM1957247","iPSC 409B2","organoid",NA,"0","6","0","0","0","4","4","5","5","5","5","6","6","6","7","6","6","6","6","6","5","6","5","4","4","11","11","12","12","12","12"
"SRR2967300","Camp2015",504716.198538363,7514,"Dissociated whole cerebral organoid","41 days","GSM1957248","iPSC 409B2","organoid",NA,"0","3","3","3","3","3","3","3","3","3","3","4","4","4","4","4","4","4","3","3","3","3","3","2","2","2","2","1","1","1","1"
"SRR2967301","Camp2015",190013.347620475,5617,"Dissociated whole cerebral organoid","41 days","GSM1957249","iPSC 409B2","organoid",NA,"0","4","0","0","0","1","1","1","1","1","2","2","2","2","1","9","9","9","4","4","4","10","10","11","11","12","12","13","13","13","13"
"SRR2967302","Camp2015",383490.805429229,7913,"Dissociated whole cerebral organoid","41 days","GSM1957250","iPSC 409B2","organoid",NA,"0","8","0","0","2","2","2","2","2","4","1","5","5","5","5","5","5","5","8","8","7","8","8","7","7","6","6","6","6","6","14"
"SRR2967303","Camp2015",473313.66090319,7853,"Dissociated whole cerebral organoid","41 days","GSM1957251","iPSC 409B2","organoid",NA,"0","3","3","3","3","3","3","3","3","3","3","4","4","4","4","4","4","4","3","3","3","3","3","2","2","2","2","1","1","1","1"
"SRR2967304","Camp2015",460857.557354923,7807,"Dissociated whole cerebral organoid","41 days","GSM1957252","iPSC 409B2","organoid",NA,"0","3","3","3","3","3","3","3","3","3","3","4","4","4","4","4","4","4","3","3","3","3","3","2","2","2","2","1","1","1","1"
"SRR2967305","Camp2015",253041.49543211,8410,"Dissociated whole cerebral organoid","41 days","GSM1957253","iPSC 409B2","organoid",NA,"0","8","0","0","0","1","1","4","4","4","4","5","5","5","5","5","5","5","8","8","7","8","8","7","7","6","6","6","6","6","14"
"SRR2967306","Camp2015",361331.354805398,7175,"Dissociated whole cerebral organoid","41 days","GSM1957254","iPSC 409B2","organoid",NA,"0","3","3","3","3","3","3","3","3","3","3","4","4","4","4","4","4","4","3","3","3","3","3","2","2","2","2","1","1","1","1"
"SRR2967307","Camp2015",400931.327154067,7639,"Dissociated whole cerebral organoid","41 days","GSM1957255","iPSC 409B2","organoid",NA,"0","8","0","0","0","1","3","4","4","4","4","5","5","5","5","5","5","5","8","8","7","8","8","7","7","6","6","6","6","6","14"
"SRR2967308","Camp2015",287980.85558845,6558,"Dissociated whole cerebral organoid","41 days","GSM1957256","iPSC 409B2","organoid",NA,"0","5","0","0","0","1","1","4","4","4","4","5","5","5","5","5","5","5","5","5","6","5","6","5","5","4","4","4","4","5","3"
"SRR2967309","Camp2015",388588.431269793,6952,"Dissociated whole cerebral organoid","41 days","GSM1957257","iPSC 409B2","organoid",NA,"0","8","0","0","0","1","1","1","1","1","2","2","2","2","1","1","1","1","8","8","7","8","8","7","7","6","6","6","6","6","8"
"SRR2967310","Camp2015",399999.293418184,4738,"Dissociated whole cerebral organoid","41 days","GSM1957258","iPSC 409B2","organoid",NA,"0","6","0","0","0","4","4","5","5","5","5","6","6","6","7","6","6","6","6","6","5","6","5","4","4","11","11","12","12","12","12"
"SRR2967311","Camp2015",406575.585060371,6981,"Dissociated whole cerebral organoid","41 days","GSM1957259","iPSC 409B2","organoid",NA,"0","3","3","3","3","3","3","3","3","3","3","4","4","4","4","4","4","4","3","3","3","3","3","2","2","2","2","1","1","1","1"
"SRR2967312","Camp2015",450536.37932313,8182,"Dissociated whole cerebral organoid","41 days","GSM1957260","iPSC 409B2","organoid",NA,"0","3","3","3","3","3","3","3","3","3","3","4","4","4","4","4","4","4","3","3","3","3","3","2","2","2","2","1","1","1","1"
"SRR2967313","Camp2015",341274.577382686,8809,"Dissociated whole cerebral organoid","41 days","GSM1957261","iPSC 409B2","organoid",NA,"0","8","0","0","0","1","3","4","4","4","4","5","5","5","5","5","5","5","8","8","7","8","8","7","7","6","6","6","6","6","14"
"SRR2967314","Camp2015",311533.861158494,6104,"Dissociated whole cerebral organoid","41 days","GSM1957262","iPSC 409B2","organoid",NA,"0","3","3","3","3","3","3","3","3","3","3","4","4","4","4","4","4","4","3","3","3","3","3","2","2","2","2","1","1","1","1"
"SRR2967315","Camp2015",350776.706973505,5607,"Dissociated whole cerebral organoid","41 days","GSM1957263","iPSC 409B2","organoid",NA,"0","6","0","0","3","4","4","5","5","5","5","6","6","6","7","6","6","6","6","6","5","6","5","4","4","11","11","12","12","12","12"
"SRR2967316","Camp2015",415674.881388548,7613,"Dissociated whole cerebral organoid","41 days","GSM1957264","iPSC 409B2","organoid",NA,"0","3","3","3","3","3","3","3","3","3","3","4","4","4","4","4","4","4","3","3","3","3","3","2","2","2","2","1","1","1","1"
"SRR2967317","Camp2015",322468.98162076,8309,"Dissociated whole cerebral organoid","41 days","GSM1957265","iPSC 409B2","organoid",NA,"0","3","3","3","3","3","3","3","3","3","3","4","4","4","4","4","4","4","3","3","3","3","3","2","2","2","2","1","1","1","1"
"SRR2967318","Camp2015",477519.086288936,7606,"Dissociated whole cerebral organoid","41 days","GSM1957266","iPSC 409B2","organoid",NA,"0","3","3","3","3","3","3","3","3","3","3","4","4","4","4","4","4","4","3","3","3","3","3","2","2","2","2","1","1","1","1"
"SRR2967319","Camp2015",423185.707690045,4657,"Dissociated whole cerebral organoid","41 days","GSM1957267","iPSC 409B2","organoid",NA,"2","0","2","2","2","2","2","2","2","2","1","1","1","1","0","0","0","0","0","0","0","0","0","0","0","0","0","3","2","2","2"
"SRR2967320","Camp2015",387848.705355726,5824,"Dissociated whole cerebral organoid","41 days","GSM1957268","iPSC 409B2","organoid",NA,"0","3","3","3","3","3","3","3","3","3","3","4","4","4","4","4","4","4","3","3","3","3","3","2","2","2","2","1","1","1","1"
"SRR2967321","Camp2015",520816.799258088,6111,"Dissociated whole cerebral organoid","41 days","GSM1957269","iPSC 409B2","organoid",NA,"0","3","3","3","3","3","3","3","3","3","3","4","4","4","4","4","4","4","3","3","3","3","3","2","2","2","2","1","1","1","1"
"SRR2967322","Camp2015",407681.054743223,4234,"Dissociated whole cerebral organoid","41 days","GSM1957270","iPSC 409B2","organoid",NA,"0","6","0","0","0","4","4","5","5","5","5","6","6","6","7","6","6","6","6","6","5","6","5","4","4","11","11","12","12","12","12"
"SRR2967323","Camp2015",319498.138165708,5827,"Dissociated whole cerebral organoid","41 days","GSM1957271","iPSC 409B2","organoid",NA,"0","8","0","0","0","1","1","1","1","1","2","2","2","2","1","1","1","1","8","8","7","8","8","7","7","6","6","6","6","6","8"
"SRR2967324","Camp2015",557967.761478555,7677,"Dissociated whole cerebral organoid","41 days","GSM1957272","iPSC 409B2","organoid",NA,"0","3","3","3","3","3","3","3","3","3","3","4","4","4","4","4","4","4","3","3","3","3","3","2","2","2","2","1","1","1","1"
"SRR2967325","Camp2015",409978.446362786,6803,"Dissociated whole cerebral organoid","41 days","GSM1957273","iPSC 409B2","organoid",NA,"0","3","3","3","3","3","3","3","3","3","3","4","4","4","4","4","4","4","3","3","3","3","3","2","2","2","2","1","1","1","1"
"SRR2967326","Camp2015",366404.09959822,5561,"Dissociated whole cerebral organoid","41 days","GSM1957274","iPSC 409B2","organoid",NA,"0","3","3","3","3","3","3","3","3","3","3","4","4","4","4","4","4","4","3","3","3","3","3","2","2","2","2","1","1","1","1"
"SRR2967327","Camp2015",376966.295820111,6537,"Dissociated whole cerebral organoid","41 days","GSM1957275","iPSC 409B2","organoid",NA,"0","3","3","3","3","3","3","3","3","3","3","4","4","4","4","4","4","4","3","3","3","3","3","2","2","2","2","1","1","1","1"
"SRR2967328","Camp2015",326846.799016381,6803,"Dissociated whole cerebral organoid","41 days","GSM1957276","iPSC 409B2","organoid",NA,"0","3","3","3","3","3","3","3","3","3","3","4","4","4","4","4","4","4","3","3","3","3","3","2","2","2","2","1","1","1","1"
"SRR2967329","Camp2015",479534.557212808,5095,"Dissociated whole cerebral organoid","41 days","GSM1957277","iPSC 409B2","organoid",NA,"0","3","3","3","3","3","3","3","3","3","3","4","4","4","4","4","4","4","3","3","3","3","3","2","2","2","2","1","1","1","1"
"SRR2967330","Camp2015",441355.317154586,5482,"Dissociated whole cerebral organoid","41 days","GSM1957278","iPSC 409B2","organoid",NA,"0","3","3","3","3","3","3","3","3","3","3","4","4","4","4","4","4","4","3","3","3","3","3","2","2","2","2","1","1","1","1"
"SRR2967331","Camp2015",491912.202912346,5713,"Dissociated whole cerebral organoid","41 days","GSM1957279","iPSC 409B2","organoid",NA,"0","6","0","0","3","4","4","5","5","5","5","6","6","6","7","6","6","6","6","6","5","6","5","4","4","11","11","12","12","12","12"
"SRR2967332","Camp2015",555773.029003004,5710,"Dissociated whole cerebral organoid","41 days","GSM1957280","iPSC 409B2","organoid",NA,"0","8","0","0","0","1","1","1","1","4","4","2","5","5","5","5","5","5","8","8","7","8","8","7","7","6","6","6","6","6","8"
"SRR2967333","Camp2015",407530.381909988,4882,"Dissociated whole cerebral organoid","41 days","GSM1957281","iPSC 409B2","organoid",NA,"0","4","0","0","0","1","1","1","1","1","2","2","2","2","1","1","1","1","4","4","4","4","4","3","3","3","3","2","3","3","5"
"SRR2967334","Camp2015",597844.252844731,6805,"Dissociated whole cerebral organoid","41 days","GSM1957282","iPSC 409B2","organoid",NA,"0","3","3","3","3","3","3","3","3","3","3","4","4","4","4","4","4","4","3","3","3","3","3","2","2","2","2","1","1","1","1"
"SRR2967335","Camp2015",512302.488304493,6893,"Dissociated whole cerebral organoid","41 days","GSM1957283","iPSC 409B2","organoid",NA,"0","3","3","3","3","3","3","3","3","3","3","4","4","4","4","4","4","4","3","3","3","3","3","2","2","2","2","1","1","1","1"
"SRR2967336","Camp2015",511846.70241666,8284,"Dissociated whole cerebral organoid","41 days","GSM1957284","iPSC 409B2","organoid",NA,"0","3","3","3","3","3","3","3","3","3","3","4","4","4","4","4","4","4","3","3","3","3","3","2","2","2","2","1","1","1","1"
"SRR2967337","Camp2015",404083.957491897,6946,"Dissociated whole cerebral organoid","41 days","GSM1957285","iPSC 409B2","organoid",NA,"0","8","0","0","0","1","1","1","1","1","2","2","2","2","1","1","1","1","8","8","7","8","8","7","7","6","6","6","6","6","8"
"SRR2967338","Camp2015",430808.138301831,5955,"Dissociated whole cerebral organoid","41 days","GSM1957286","iPSC 409B2","organoid",NA,"0","5","0","0","0","1","1","4","4","4","4","5","5","5","5","5","5","5","5","5","6","5","6","5","5","4","4","4","6","6","3"
"SRR2967339","Camp2015",399680.386029829,5738,"Dissociated whole cerebral organoid","41 days","GSM1957287","iPSC 409B2","organoid",NA,"0","8","0","0","0","1","1","1","1","4","4","2","5","5","5","5","5","5","8","8","7","8","8","7","7","6","6","6","6","6","8"
"SRR2967340","Camp2015",399789.75119081,10555,"Dissociated whole cerebral organoid","41 days","GSM1957288","iPSC 409B2","organoid",NA,"0","3","3","3","3","3","3","3","3","3","3","4","4","4","4","4","4","4","3","3","3","3","3","2","2","2","2","1","1","1","1"
"SRR2967341","Camp2015",492371.170701489,6324,"Dissociated whole cerebral organoid","41 days","GSM1957289","iPSC 409B2","organoid",NA,"0","3","3","3","3","3","3","3","3","3","3","4","4","4","4","4","4","4","3","3","3","3","3","2","2","2","2","1","1","1","1"
"SRR2967342","Camp2015",260874.431965629,5027,"Dissociated whole cerebral organoid","41 days","GSM1957290","iPSC 409B2","organoid",NA,"0","5","0","0","0","1","1","1","1","4","4","2","5","5","5","5","5","5","5","5","6","5","6","5","5","4","4","4","4","5","3"
"SRR2967343","Camp2015",446224.684182956,5713,"Dissociated whole cerebral organoid","41 days","GSM1957291","iPSC 409B2","organoid",NA,"0","6","0","0","3","4","4","5","5","5","5","6","6","6","7","6","6","6","6","6","5","6","5","4","4","11","11","12","12","12","12"
"SRR2967344","Camp2015",542332.231939336,7353,"Dissociated whole cerebral organoid","41 days","GSM1957292","iPSC 409B2","organoid",NA,"0","3","3","3","3","3","3","3","3","3","3","4","4","4","4","4","4","4","3","3","3","3","3","2","2","2","2","1","1","1","1"
"SRR2967345","Camp2015",350926.412290599,6034,"Dissociated whole cerebral organoid","41 days","GSM1957293","iPSC 409B2","organoid",NA,"0","3","3","3","3","3","3","3","3","3","3","4","4","4","4","4","4","4","3","3","3","3","3","2","2","2","2","1","1","1","1"
"SRR2967346","Camp2015",525612.166896618,7101,"Dissociated whole cerebral organoid","41 days","GSM1957294","iPSC 409B2","organoid",NA,"2","0","2","2","2","2","2","2","2","2","1","1","1","1","0","0","0","0","0","0","0","0","0","0","0","0","0","3","2","2","2"
"SRR2967347","Camp2015",437624.633187983,4657,"Dissociated whole cerebral organoid","41 days","GSM1957295","iPSC 409B2","organoid",NA,"0","4","0","0","0","1","1","1","1","1","2","2","2","2","1","1","1","1","4","4","4","4","4","3","3","3","3","2","3","3","5"
"SRR2967348","Camp2015",464636.107666178,7213,"Dissociated whole cerebral organoid","41 days","GSM1957296","iPSC 409B2","organoid",NA,"0","3","3","3","3","3","3","3","3","3","3","4","4","4","4","4","4","4","3","3","3","3","3","2","2","2","2","1","1","1","1"
"SRR2967349","Camp2015",470353.855748001,7530,"Dissociated whole cerebral organoid","41 days","GSM1957297","iPSC 409B2","organoid",NA,"0","3","3","3","3","3","3","3","3","3","3","4","4","4","4","4","4","4","3","3","3","3","3","2","2","2","2","1","1","1","1"
"SRR2967350","Camp2015",500681.475714684,7551,"Dissociated whole cerebral organoid","41 days","GSM1957298","iPSC 409B2","organoid",NA,"0","8","0","0","0","1","3","4","4","4","4","5","5","5","5","5","5","5","8","8","7","8","8","7","7","6","6","6","6","6","14"
"SRR2967351","Camp2015",488504.73654046,7301,"Dissociated whole cerebral organoid","41 days","GSM1957299","iPSC 409B2","organoid",NA,"0","3","3","3","3","3","3","3","3","3","3","4","4","4","4","4","4","4","3","3","3","3","3","2","2","2","2","1","1","1","1"
"SRR2967352","Camp2015",399009.887288895,6489,"Dissociated whole cerebral organoid","41 days","GSM1957300","iPSC 409B2","organoid",NA,"0","3","3","3","3","3","3","3","3","3","3","4","4","4","4","4","4","4","3","3","3","3","3","2","2","2","2","1","1","1","1"
"SRR2967353","Camp2015",239492.197615999,5862,"Dissociated whole cerebral organoid","65 days","GSM1957301","iPSC 409B2","organoid",NA,"2","0","2","2","2","2","2","2","2","2","1","1","1","1","0","0","0","0","0","0","0","0","0","0","0","0","0","3","2","2","2"
"SRR2967354","Camp2015",183496.511964252,6710,"Dissociated whole cerebral organoid","65 days","GSM1957302","iPSC 409B2","organoid",NA,"2","0","2","2","2","2","2","2","2","2","1","1","1","1","0","0","0","0","0","0","0","0","0","0","0","0","0","3","2","2","2"
"SRR2967355","Camp2015",307642.91146361,7565,"Dissociated whole cerebral organoid","65 days","GSM1957303","iPSC 409B2","organoid",NA,"2","0","2","2","2","2","2","2","2","2","1","1","1","1","0","0","0","0","0","0","0","0","0","0","0","0","0","3","2","2","2"
"SRR2967356","Camp2015",327909.292884329,8934,"Dissociated whole cerebral organoid","65 days","GSM1957304","iPSC 409B2","organoid",NA,"0","6","0","0","0","4","4","5","5","5","5","6","6","6","7","6","6","6","6","6","5","6","5","4","4","10","10","11","11","11","11"
"SRR2967357","Camp2015",319753.672658559,4690,"Dissociated whole cerebral organoid","65 days","GSM1957305","iPSC 409B2","organoid",NA,"0","6","0","0","0","4","4","5","5","5","5","6","6","6","7","6","6","6","6","6","5","6","5","4","4","11","11","12","12","12","12"
"SRR2967358","Camp2015",319535.577871198,7428,"Dissociated whole cerebral organoid","65 days","GSM1957306","iPSC 409B2","organoid",NA,"0","6","0","0","0","4","4","5","5","5","5","6","6","6","7","6","6","6","6","6","5","6","5","4","4","10","10","11","11","11","11"
"SRR2967359","Camp2015",422313.036719988,4866,"Dissociated whole cerebral organoid","65 days","GSM1957307","iPSC 409B2","organoid",NA,"2","0","2","2","2","2","2","2","2","2","1","1","1","1","0","0","0","0","0","0","0","0","0","0","0","0","0","3","2","2","2"
"SRR2967360","Camp2015",506395.336365329,8364,"Dissociated whole cerebral organoid","65 days","GSM1957308","iPSC 409B2","organoid",NA,"1","1","1","1","1","0","0","0","0","0","0","0","0","0","2","2","2","2","1","1","1","1","1","1","1","1","1","0","0","0","0"
"SRR2967361","Camp2015",819402.083570666,9630,"Dissociated whole cerebral organoid","65 days","GSM1957309","iPSC 409B2","organoid",NA,"0","3","3","3","3","3","3","3","3","3","3","4","4","4","4","4","4","4","3","3","3","3","3","2","2","2","2","1","1","1","1"
"SRR2967362","Camp2015",346873.243329382,4980,"Dissociated whole cerebral organoid","65 days","GSM1957310","iPSC 409B2","organoid",NA,"0","4","0","0","0","1","1","1","1","1","2","2","2","2","1","1","1","1","4","4","4","4","4","3","3","3","3","2","3","3","5"
"SRR2967363","Camp2015",923420.212888467,6605,"Dissociated whole cerebral organoid","65 days","GSM1957311","iPSC 409B2","organoid",NA,"0","6","0","0","0","4","4","5","5","5","5","6","6","6","7","6","6","6","6","6","5","6","5","4","4","10","10","11","11","11","11"
"SRR2967364","Camp2015",294652.170204836,7236,"Dissociated whole cerebral organoid","65 days","GSM1957312","iPSC 409B2","organoid",NA,"0","5","0","0","0","1","1","4","4","4","4","5","5","5","5","5","5","5","5","5","6","5","6","5","5","4","4","4","4","5","3"
"SRR2967365","Camp2015",417487.271100295,6857,"Dissociated whole cerebral organoid","65 days","GSM1957313","iPSC 409B2","organoid",NA,"2","0","2","2","2","2","2","2","2","2","1","1","1","1","0","0","0","0","0","0","0","0","0","0","0","0","0","3","2","2","2"
"SRR2967366","Camp2015",270399.616549255,7100,"Dissociated whole cerebral organoid","65 days","GSM1957314","iPSC 409B2","organoid",NA,"0","5","0","0","0","1","1","4","4","4","4","5","5","5","5","5","5","5","5","5","6","5","6","5","5","4","4","4","4","5","3"
"SRR2967367","Camp2015",335969.13887063,7267,"Dissociated whole cerebral organoid","65 days","GSM1957315","iPSC 409B2","organoid",NA,"0","5","0","0","0","1","1","4","4","4","4","5","5","5","5","5","5","5","5","5","6","5","6","7","7","6","6","6","6","6","8"
"SRR2967368","Camp2015",486253.645184406,8180,"Dissociated whole cerebral organoid","65 days","GSM1957316","iPSC 409B2","organoid",NA,"0","3","3","3","3","3","3","3","3","3","3","4","4","4","4","4","4","4","3","3","3","3","3","2","2","2","2","1","1","1","1"
"SRR2967369","Camp2015",338175.790301994,7684,"Dissociated whole cerebral organoid","65 days","GSM1957317","iPSC 409B2","organoid",NA,"0","6","0","0","3","4","4","5","5","5","5","6","6","6","7","6","6","6","6","6","5","6","5","4","4","11","11","12","12","12","12"
"SRR2967370","Camp2015",418655.986949829,7927,"Dissociated whole cerebral organoid","65 days","GSM1957318","iPSC 409B2","organoid",NA,"0","6","0","0","3","4","4","5","5","5","5","6","6","6","7","6","6","6","6","6","5","6","5","4","4","11","11","12","12","12","12"
"SRR2967371","Camp2015",551123.980673031,5636,"Dissociated whole cerebral organoid","65 days","GSM1957319","iPSC 409B2","organoid",NA,"0","6","0","0","0","4","4","5","5","5","5","6","6","6","7","6","6","6","6","6","5","6","5","4","4","10","10","11","11","11","11"
"SRR2967372","Camp2015",518608.568089231,6669,"Dissociated whole cerebral organoid","65 days","GSM1957320","iPSC 409B2","organoid",NA,"0","5","0","0","0","1","1","4","4","4","4","5","5","5","5","5","5","5","5","5","6","5","6","5","5","4","4","4","4","5","3"
"SRR2967373","Camp2015",555401.221418369,6785,"Dissociated whole cerebral organoid","65 days","GSM1957321","iPSC 409B2","organoid",NA,"0","6","0","0","0","4","4","5","5","5","5","6","6","6","7","6","6","6","6","6","5","6","5","4","4","10","10","11","11","11","11"
"SRR2967374","Camp2015",466529.071348029,5026,"Dissociated whole cerebral organoid","65 days","GSM1957322","iPSC 409B2","organoid",NA,"2","0","2","2","2","2","2","2","2","2","1","1","1","1","0","0","0","0","0","0","0","0","0","0","0","0","0","9","9","9","9"
"SRR2967375","Camp2015",316883.473356713,6776,"Dissociated whole cerebral organoid","65 days","GSM1957323","iPSC 409B2","organoid",NA,"0","6","0","0","0","4","4","5","5","5","5","6","6","6","7","6","6","6","6","6","5","6","5","4","4","10","10","11","11","11","11"
"SRR2967376","Camp2015",381629.456957517,6049,"Dissociated whole cerebral organoid","65 days","GSM1957324","iPSC 409B2","organoid",NA,"2","0","2","2","2","2","2","2","2","2","1","1","1","1","0","0","0","0","0","0","0","0","0","0","0","0","0","3","2","2","2"
"SRR2967377","Camp2015",274666.615722368,6894,"Dissociated whole cerebral organoid","65 days","GSM1957325","iPSC 409B2","organoid",NA,"2","0","2","2","2","2","2","2","2","2","1","1","1","1","0","0","0","0","0","0","0","0","0","0","0","0","0","3","2","2","2"
"SRR2967378","Camp2015",548091.915878461,8114,"Dissociated whole cerebral organoid","65 days","GSM1957326","iPSC 409B2","organoid",NA,"0","3","3","3","3","3","3","3","3","3","3","4","4","4","4","4","4","4","3","3","3","3","3","2","2","2","2","1","1","1","1"
"SRR2967379","Camp2015",379104.069722436,6036,"Dissociated whole cerebral organoid","65 days","GSM1957327","iPSC 409B2","organoid",NA,"0","6","0","0","0","4","4","5","5","5","5","6","6","6","7","6","6","6","6","6","5","6","5","4","4","10","10","11","11","11","11"
"SRR2967380","Camp2015",508403.378137383,4990,"Dissociated whole cerebral organoid","65 days","GSM1957328","iPSC 409B2","organoid",NA,"0","6","0","0","0","4","4","5","5","5","5","6","6","6","7","6","6","6","6","6","5","6","5","4","4","10","10","11","11","11","11"
"SRR2967381","Camp2015",447638.096219711,6695,"Dissociated whole cerebral organoid","65 days","GSM1957329","iPSC 409B2","organoid",NA,"0","6","0","0","0","4","4","5","5","5","5","6","6","6","7","6","6","6","6","6","5","6","5","4","4","10","10","11","11","11","11"
"SRR2967382","Camp2015",300256.890859297,5918,"Dissociated whole cerebral organoid","65 days","GSM1957330","iPSC 409B2","organoid",NA,"0","4","0","0","0","1","1","1","1","1","2","2","2","2","1","1","1","1","4","4","4","4","4","3","3","3","3","2","3","3","5"
"SRR2967383","Camp2015",407697.285245768,5904,"Dissociated whole cerebral organoid","65 days","GSM1957331","iPSC 409B2","organoid",NA,"0","6","0","0","0","4","4","5","5","5","5","6","6","6","7","6","6","6","6","6","5","6","5","4","4","10","10","11","11","11","11"
"SRR2967384","Camp2015",310360.354458329,5835,"Dissociated whole cerebral organoid","65 days","GSM1957332","iPSC 409B2","organoid",NA,"0","6","0","0","0","4","4","5","5","5","5","6","6","6","7","6","6","6","6","6","5","6","5","4","4","10","10","11","11","11","11"
"SRR2967385","Camp2015",468326.835459161,5069,"Dissociated whole cerebral organoid","65 days","GSM1957333","iPSC 409B2","organoid",NA,"0","4","0","0","0","1","1","1","1","1","2","2","2","2","1","1","1","1","4","4","4","4","4","3","3","3","3","2","3","3","5"
"SRR2967386","Camp2015",257138.637585683,4750,"Dissociated whole cerebral organoid","65 days","GSM1957334","iPSC 409B2","organoid",NA,"0","4","0","0","0","1","1","1","1","1","2","2","2","2","1","1","1","1","4","4","4","4","4","3","3","3","3","2","3","3","5"
"SRR2967387","Camp2015",504405.23615788,5407,"Dissociated whole cerebral organoid","65 days","GSM1957335","iPSC 409B2","organoid",NA,"0","6","0","0","0","4","4","5","5","5","5","6","6","6","7","6","6","6","6","6","5","6","5","4","4","10","10","11","11","11","11"
"SRR2967388","Camp2015",303290.92472244,6850,"Dissociated whole cerebral organoid","65 days","GSM1957336","iPSC 409B2","organoid",NA,"2","0","2","2","2","2","2","2","2","2","1","1","1","1","0","0","0","0","0","0","0","0","0","0","0","0","0","3","2","2","2"
"SRR2967389","Camp2015",207295.5744279,6572,"Dissociated whole cerebral organoid","65 days","GSM1957337","iPSC 409B2","organoid",NA,"2","0","2","2","2","2","2","2","2","2","1","1","1","1","0","0","0","0","0","0","0","0","0","0","0","0","0","3","2","2","2"
"SRR2967390","Camp2015",3670242.07876989,6862,"Dissociated whole cerebral organoid","65 days","GSM1957338","iPSC 409B2","organoid",NA,"0","6","0","0","0","4","4","5","5","5","5","6","6","6","7","6","6","6","6","6","5","6","5","4","4","10","10","11","11","11","11"
"SRR2967391","Camp2015",274222.256733566,6333,"Dissociated whole cerebral organoid","65 days","GSM1957339","iPSC 409B2","organoid",NA,"2","0","2","2","2","2","2","2","2","2","1","1","1","1","0","0","0","0","0","0","0","0","0","0","0","0","0","3","2","2","2"
"SRR2967392","Camp2015",330385.472805912,5144,"Dissociated whole cerebral organoid","65 days","GSM1957340","iPSC 409B2","organoid",NA,"0","6","0","0","0","4","4","5","5","5","5","6","6","6","7","6","6","6","6","6","5","6","5","4","4","10","10","11","11","11","11"
"SRR2967393","Camp2015",319676.254465324,5799,"Dissociated whole cerebral organoid","65 days","GSM1957341","iPSC 409B2","organoid",NA,"2","0","2","2","2","2","2","2","2","2","1","1","1","1","0","0","0","0","0","0","0","0","0","0","0","0","0","9","9","9","9"
"SRR2967394","Camp2015",450786.839957697,5718,"Dissociated whole cerebral organoid","65 days","GSM1957342","iPSC 409B2","organoid",NA,"0","6","0","0","0","4","4","5","5","5","5","6","6","6","7","6","6","6","6","6","5","6","5","4","4","10","10","11","11","11","11"
"SRR2967395","Camp2015",235027.477387508,8601,"Dissociated whole cerebral organoid","65 days","GSM1957343","iPSC 409B2","organoid",NA,"2","0","2","2","2","2","2","2","2","2","1","1","1","1","0","0","0","0","0","0","0","0","0","0","0","0","0","3","2","2","2"
"SRR2967396","Camp2015",322392.121658306,6703,"Dissociated whole cerebral organoid","65 days","GSM1957344","iPSC 409B2","organoid",NA,"0","5","0","0","0","1","1","4","4","4","4","5","5","5","5","5","5","5","5","5","6","5","6","5","5","4","4","4","4","5","3"
"SRR2967397","Camp2015",353569.303960408,5621,"Dissociated whole cerebral organoid","65 days","GSM1957345","iPSC 409B2","organoid",NA,"2","0","2","2","2","2","2","2","2","2","1","1","1","1","0","0","0","0","0","0","0","0","0","0","0","0","0","9","9","9","9"
"SRR2967398","Camp2015",232026.047742936,5898,"Dissociated whole cerebral organoid","65 days","GSM1957346","iPSC 409B2","organoid",NA,"2","0","2","2","2","2","2","2","2","2","1","1","1","1","0","0","0","0","0","0","0","0","0","0","0","0","0","9","9","9","9"
"SRR2967399","Camp2015",315197.495717535,5305,"Dissociated whole cerebral organoid","65 days","GSM1957347","iPSC 409B2","organoid",NA,"0","6","0","0","0","4","4","5","5","5","5","6","6","6","7","6","6","6","6","6","5","6","5","4","4","10","10","11","11","11","11"
"SRR2967400","Camp2015",438845.097153337,5836,"Dissociated whole cerebral organoid","65 days","GSM1957348","iPSC 409B2","organoid",NA,"0","4","0","0","0","1","1","1","1","1","2","2","2","2","1","1","1","1","4","4","4","4","4","7","7","6","6","6","6","6","8"
"SRR2967401","Camp2015",535375.709908565,4779,"Dissociated whole cerebral organoid","65 days","GSM1957349","iPSC 409B2","organoid",NA,"0","7","0","0","0","1","1","1","1","1","6","7","7","7","6","7","7","7","7","7","8","7","7","8","8","7","8","7","7","7","6"
"SRR2967402","Camp2015",324950.891251741,5752,"Dissociated whole cerebral organoid","65 days","GSM1957350","iPSC 409B2","organoid",NA,"2","0","2","2","2","2","2","2","2","2","1","1","1","1","0","0","0","0","0","0","0","0","0","0","0","0","0","3","2","2","2"
"SRR2967403","Camp2015",249047.469848445,5500,"Dissociated whole cerebral organoid","65 days","GSM1957351","iPSC 409B2","organoid",NA,"0","6","0","0","0","4","4","5","5","5","5","6","6","6","7","6","6","6","6","6","5","6","5","4","4","10","10","11","11","11","11"
"SRR2967404","Camp2015",369457.706597269,8817,"Dissociated whole cerebral organoid","65 days","GSM1957352","iPSC 409B2","organoid",NA,"1","9","1","1","1","0","0","0","0","0","0","0","0","0","6","8","8","8","9","9","9","9","9","9","9","8","7","8","8","8","7"
"SRR2967405","Camp2015",377711.774021415,5468,"Dissociated whole cerebral organoid","65 days","GSM1957353","iPSC 409B2","organoid",NA,"0","4","0","0","0","1","1","1","1","1","2","2","2","2","1","1","1","1","4","4","4","4","4","3","3","3","3","2","3","3","5"
"SRR2967406","Camp2015",394165.298277519,8217,"Dissociated whole cerebral organoid","65 days","GSM1957354","iPSC 409B2","organoid",NA,"0","6","0","0","0","4","4","5","5","5","5","6","6","6","7","6","6","6","6","6","5","6","5","4","4","10","10","11","11","11","11"
"SRR2967407","Camp2015",237683.815207788,3164,"Dissociated whole cerebral organoid","65 days","GSM1957355","iPSC 409B2","organoid",NA,"2","10","2","2","2","5","5","6","6","6","7","8","8","8","8","9","9","9","10","10","10","10","10","11","11","12","12","13","13","13","13"
"SRR2967408","Camp2015",309899.896918981,6454,"Dissociated whole cerebral organoid","65 days","GSM1957356","iPSC 409B2","organoid",NA,"0","6","0","0","3","4","4","5","5","5","5","6","6","6","7","6","6","6","6","6","5","6","5","4","4","11","11","12","12","12","12"
"SRR2967409","Camp2015",504046.743266586,5014,"Dissociated whole cerebral organoid","65 days","GSM1957357","iPSC 409B2","organoid",NA,"2","0","2","2","2","2","2","2","2","2","1","1","1","1","0","0","0","0","0","0","0","0","0","0","0","0","0","3","2","2","2"
"SRR2967410","Camp2015",326675.988924128,8053,"Dissociated whole cerebral organoid","65 days","GSM1957358","iPSC 409B2","organoid",NA,"0","6","0","0","3","4","4","5","5","5","5","6","6","6","7","6","6","6","6","6","5","6","5","4","4","11","11","12","12","12","12"
"SRR2967411","Camp2015",327480.407093395,8108,"Dissociated whole cerebral organoid","65 days","GSM1957359","iPSC 409B2","organoid",NA,"0","6","0","0","0","4","4","5","5","5","5","6","6","6","7","6","6","6","6","6","5","6","5","4","4","10","10","11","11","11","11"
"SRR2967412","Camp2015",456307.286587795,6311,"Dissociated whole cerebral organoid","65 days","GSM1957360","iPSC 409B2","organoid",NA,"2","6","0","0","3","4","4","5","5","5","5","6","6","6","7","6","6","6","6","6","5","6","5","4","4","11","11","12","12","12","12"
"SRR2967413","Camp2015",273569.207526092,5878,"Dissociated whole cerebral organoid","65 days","GSM1957361","iPSC 409B2","organoid",NA,"0","4","0","0","0","1","1","1","1","1","2","2","2","2","1","1","1","1","4","4","4","4","4","3","3","3","3","2","3","3","5"
"SRR2967414","Camp2015",366685.912136772,8315,"Dissociated whole cerebral organoid","65 days","GSM1957362","iPSC 409B2","organoid",NA,"0","6","0","0","0","4","4","5","5","5","5","6","6","6","7","6","6","6","6","6","5","6","5","4","4","10","10","11","11","11","11"
"SRR2967415","Camp2015",530300.243914803,8510,"Dissociated whole cerebral organoid","65 days","GSM1957363","iPSC 409B2","organoid",NA,"0","6","0","0","3","4","4","5","5","5","5","6","6","6","7","6","6","6","6","6","5","6","5","4","4","11","11","12","12","12","12"
"SRR2967416","Camp2015",317311.597449456,6200,"Dissociated whole cerebral organoid","65 days","GSM1957364","iPSC 409B2","organoid",NA,"2","0","2","2","2","2","2","2","2","2","1","1","1","1","0","0","0","0","0","0","0","0","0","0","0","0","0","9","9","9","9"
"SRR2967417","Camp2015",264475.793233362,5991,"Dissociated whole cerebral organoid","65 days","GSM1957365","iPSC 409B2","organoid",NA,"2","0","2","2","2","2","2","2","2","2","1","1","1","1","0","0","0","0","0","0","0","0","0","0","0","0","0","3","2","2","2"
"SRR2967418","Camp2015",610068.106403503,5107,"Dissociated whole cerebral organoid","65 days","GSM1957366","iPSC 409B2","organoid",NA,"2","0","2","2","2","2","2","2","2","2","1","1","1","1","0","0","0","0","0","0","0","0","0","0","0","0","0","3","2","2","2"
"SRR2967419","Camp2015",419209.821869678,6233,"Dissociated whole cerebral organoid","65 days","GSM1957367","iPSC 409B2","organoid",NA,"0","6","0","0","3","4","4","5","5","5","5","6","6","6","7","6","6","6","6","6","5","6","5","4","4","11","11","12","12","12","12"
"SRR2967420","Camp2015",284278.838123436,6234,"Dissociated whole cerebral organoid","65 days","GSM1957368","iPSC 409B2","organoid",NA,"2","0","2","2","2","2","2","2","2","2","1","1","1","1","0","0","0","0","0","0","0","0","0","0","0","0","0","3","2","2","2"
"SRR2967421","Camp2015",248183.810615055,5180,"Dissociated whole cerebral organoid","65 days","GSM1957369","iPSC 409B2","organoid",NA,"2","0","2","2","2","2","2","2","2","2","1","1","1","1","0","0","0","0","0","0","0","0","0","0","0","0","0","9","9","9","9"
"SRR2967422","Camp2015",238127.409987166,5255,"Dissociated whole cerebral organoid","65 days","GSM1957370","iPSC 409B2","organoid",NA,"2","0","2","2","2","2","2","2","2","2","1","1","1","1","0","0","0","0","0","0","0","0","0","0","0","0","0","9","9","9","9"
"SRR2967423","Camp2015",397849.161916587,7620,"Dissociated whole cerebral organoid","65 days","GSM1957371","iPSC 409B2","organoid",NA,"0","3","3","3","3","3","3","3","3","3","3","4","4","4","4","4","4","4","3","3","3","3","3","2","2","2","2","1","1","1","1"
"SRR2967424","Camp2015",322222.656791903,6399,"Dissociated whole cerebral organoid","65 days","GSM1957372","iPSC 409B2","organoid",NA,"0","6","0","0","3","4","4","5","5","5","5","6","6","6","7","6","6","6","6","6","5","6","5","4","4","11","11","12","12","12","12"
"SRR2967425","Camp2015",483071.673755142,8940,"Dissociated whole cerebral organoid","65 days","GSM1957373","iPSC 409B2","organoid",NA,"1","6","1","1","1","0","0","5","5","5","5","0","0","6","7","6","6","6","6","6","5","6","5","4","4","10","10","11","11","11","11"
"SRR2967426","Camp2015",237899.65378688,6060,"Dissociated whole cerebral organoid","65 days","GSM1957374","iPSC 409B2","organoid",NA,"0","4","0","0","0","1","1","1","1","1","2","2","2","2","1","1","1","1","4","4","4","4","4","3","3","3","3","2","3","3","5"
"SRR2967427","Camp2015",334798.298717009,6381,"Dissociated whole cerebral organoid","65 days","GSM1957375","iPSC 409B2","organoid",NA,"0","6","0","0","3","4","4","5","5","5","5","6","6","6","7","6","6","6","6","6","5","6","5","4","4","11","11","12","12","12","12"
"SRR2967428","Camp2015",636068.494695644,6611,"Dissociated whole cerebral organoid","65 days","GSM1957376","iPSC 409B2","organoid",NA,"2","0","2","2","2","2","2","2","2","2","1","1","1","1","0","0","0","0","0","0","0","0","0","0","0","0","0","3","2","2","2"
"SRR2967429","Camp2015",418399.764398164,5583,"Dissociated whole cerebral organoid","65 days","GSM1957377","iPSC 409B2","organoid",NA,"2","0","2","2","2","2","2","2","2","2","1","1","1","1","0","0","0","0","0","0","0","0","0","0","0","0","0","9","9","9","9"
"SRR2967430","Camp2015",388039.736511617,7425,"Dissociated whole cerebral organoid","65 days","GSM1957378","iPSC 409B2","organoid",NA,"0","8","0","0","0","1","1","1","1","1","2","2","2","2","1","1","1","1","8","8","7","8","8","7","7","6","6","6","6","6","8"
"SRR2967431","Camp2015",443029.438265372,9132,"Dissociated whole cerebral organoid","65 days","GSM1957379","iPSC 409B2","organoid",NA,"0","3","3","3","3","3","3","3","3","3","3","4","4","4","4","4","4","4","3","3","3","3","3","2","2","2","2","1","1","1","1"
"SRR2967432","Camp2015",407251.160260016,7691,"Dissociated whole cerebral organoid","65 days","GSM1957380","iPSC 409B2","organoid",NA,"0","6","0","0","0","4","4","5","5","5","5","7","7","7","6","6","6","6","6","6","5","6","5","4","4","10","10","11","11","11","11"
"SRR2967433","Camp2015",341892.866637198,5331,"Microdissected cortical-like ventricle from cerebral organoid","53 days","GSM1957381","ESC H9","organoid",NA,"0","5","0","0","0","1","1","4","4","4","4","5","5","5","5","5","5","5","5","5","6","5","6","5","5","4","4","4","4","5","3"
"SRR2967434","Camp2015",416850.472256878,8256,"Microdissected cortical-like ventricle from cerebral organoid","53 days","GSM1957382","ESC H9","organoid",NA,"0","5","0","0","0","1","1","4","4","4","4","5","5","5","5","5","5","5","5","5","6","5","6","5","5","4","4","4","4","5","3"
"SRR2967435","Camp2015",425081.390558564,8066,"Microdissected cortical-like ventricle from cerebral organoid","53 days","GSM1957383","ESC H9","organoid",NA,"2","0","2","2","2","2","2","2","2","2","1","1","1","1","0","0","0","0","0","0","0","0","0","0","0","0","0","3","2","2","2"
"SRR2967436","Camp2015",387330.629772938,7435,"Microdissected cortical-like ventricle from cerebral organoid","53 days","GSM1957384","ESC H9","organoid",NA,"0","3","3","3","3","3","3","3","3","3","3","4","4","4","4","4","4","4","3","3","3","3","3","2","2","2","2","1","1","1","1"
"SRR2967437","Camp2015",457621.227057776,6860,"Microdissected cortical-like ventricle from cerebral organoid","53 days","GSM1957385","ESC H9","organoid",NA,"0","5","0","0","0","1","1","4","4","4","4","5","5","5","5","5","5","5","5","5","6","5","6","5","5","4","4","4","4","5","3"
"SRR2967438","Camp2015",454096.821476059,6253,"Microdissected cortical-like ventricle from cerebral organoid","53 days","GSM1957386","ESC H9","organoid",NA,"0","3","3","3","3","3","3","3","3","3","3","4","4","4","4","4","4","4","3","3","3","3","3","2","2","2","2","1","1","1","1"
"SRR2967439","Camp2015",335180.698523207,5756,"Microdissected cortical-like ventricle from cerebral organoid","53 days","GSM1957387","ESC H9","organoid",NA,"0","4","0","0","0","1","1","1","1","1","2","2","2","2","1","1","1","1","4","4","4","4","4","3","3","3","3","2","3","3","5"
"SRR2967440","Camp2015",399703.199942788,7357,"Microdissected cortical-like ventricle from cerebral organoid","53 days","GSM1957388","ESC H9","organoid",NA,"0","5","0","0","0","1","1","4","4","4","4","5","5","5","5","5","5","5","5","5","6","5","6","5","5","4","4","4","4","5","3"
"SRR2967441","Camp2015",404618.81483748,8576,"Microdissected cortical-like ventricle from cerebral organoid","53 days","GSM1957389","ESC H9","organoid",NA,"2","0","2","2","2","2","2","2","2","2","1","1","1","1","0","0","0","0","0","0","0","0","0","0","0","0","0","3","2","2","2"
"SRR2967442","Camp2015",348164.210077171,6895,"Microdissected cortical-like ventricle from cerebral organoid","53 days","GSM1957390","ESC H9","organoid",NA,"0","5","0","0","0","1","1","4","4","4","4","5","5","5","5","5","5","5","5","5","6","5","6","5","5","4","4","4","4","5","3"
"SRR2967443","Camp2015",309732.52366885,7860,"Microdissected cortical-like ventricle from cerebral organoid","53 days","GSM1957391","ESC H9","organoid",NA,"2","0","2","2","2","2","2","2","2","2","1","1","1","1","0","0","0","0","0","0","0","0","0","0","0","0","0","3","2","2","2"
"SRR2967444","Camp2015",530858.119554718,6926,"Microdissected cortical-like ventricle from cerebral organoid","53 days","GSM1957392","ESC H9","organoid",NA,"0","5","0","0","0","1","1","4","4","4","4","5","5","5","5","5","5","5","5","5","6","5","6","5","5","4","4","4","4","5","3"
"SRR2967445","Camp2015",468559.835061429,7818,"Microdissected cortical-like ventricle from cerebral organoid","53 days","GSM1957393","ESC H9","organoid",NA,"0","3","3","3","3","3","3","3","3","3","3","4","4","4","4","4","4","4","3","3","3","3","3","2","2","2","2","1","1","1","1"
"SRR2967446","Camp2015",451101.989909304,6401,"Microdissected cortical-like ventricle from cerebral organoid","53 days","GSM1957394","ESC H9","organoid",NA,"0","3","3","3","3","3","3","3","3","3","3","4","4","4","4","4","4","4","3","3","3","3","3","2","2","2","2","1","1","1","1"
"SRR2967447","Camp2015",317077.112701419,6981,"Microdissected cortical-like ventricle from cerebral organoid","53 days","GSM1957395","ESC H9","organoid",NA,"0","5","0","0","0","1","1","4","4","4","4","5","5","5","5","5","5","5","5","5","6","5","6","5","5","4","4","4","4","5","3"
"SRR2967448","Camp2015",327912.344277136,6849,"Microdissected cortical-like ventricle from cerebral organoid","53 days","GSM1957396","ESC H9","organoid",NA,"0","6","0","0","0","4","4","5","5","5","5","6","6","6","7","6","6","6","6","6","5","6","5","4","4","10","10","11","11","11","11"
"SRR2967449","Camp2015",441771.670722271,4879,"Microdissected cortical-like ventricle from cerebral organoid","53 days","GSM1957397","ESC H9","organoid",NA,"0","4","0","0","0","1","1","1","1","1","2","2","2","2","1","1","1","1","4","4","4","4","4","3","3","3","3","2","3","3","5"
"SRR2967450","Camp2015",698129.411494911,5792,"Microdissected cortical-like ventricle from cerebral organoid","53 days","GSM1957398","ESC H9","organoid",NA,"0","5","0","0","0","1","1","4","4","4","4","5","5","5","5","5","5","5","5","5","6","5","6","5","5","4","4","4","4","5","3"
"SRR2967451","Camp2015",437591.845650464,5564,"Microdissected cortical-like ventricle from cerebral organoid","53 days","GSM1957399","ESC H9","organoid",NA,"2","0","2","2","2","2","2","2","2","2","1","1","1","1","0","0","0","0","0","0","0","0","0","0","0","0","0","3","2","2","2"
"SRR2967452","Camp2015",394457.999554161,6718,"Microdissected cortical-like ventricle from cerebral organoid","53 days","GSM1957400","ESC H9","organoid",NA,"0","5","0","0","0","1","1","1","1","1","2","2","2","2","1","1","1","1","5","5","6","5","6","5","5","4","4","4","4","5","3"
"SRR2967453","Camp2015",349186.840877896,7933,"Microdissected cortical-like ventricle from cerebral organoid","53 days","GSM1957401","ESC H9","organoid",NA,"2","0","2","2","2","2","2","2","2","2","1","1","1","1","0","0","0","0","0","0","0","0","0","0","0","0","0","3","2","2","2"
"SRR2967454","Camp2015",340511.401341923,5008,"Microdissected cortical-like ventricle from cerebral organoid","53 days","GSM1957402","ESC H9","organoid",NA,"0","4","0","0","0","1","1","1","1","1","2","2","2","2","1","1","1","1","4","4","4","4","4","3","3","3","3","2","3","3","5"
"SRR2967455","Camp2015",398410.620444009,5824,"Microdissected cortical-like ventricle from cerebral organoid","53 days","GSM1957403","ESC H9","organoid",NA,"2","0","2","2","2","2","2","2","2","2","1","1","1","1","0","0","0","0","0","0","0","0","0","0","0","0","0","3","2","2","2"
"SRR2967456","Camp2015",466216.518416341,7926,"Microdissected cortical-like ventricle from cerebral organoid","53 days","GSM1957404","ESC H9","organoid",NA,"0","3","3","3","3","3","3","3","3","3","3","4","4","4","4","4","4","4","3","3","3","3","3","2","2","2","2","1","1","1","1"
"SRR2967457","Camp2015",304807.589020387,5145,"Microdissected cortical-like ventricle from cerebral organoid","53 days","GSM1957405","ESC H9","organoid",NA,"0","5","0","0","0","1","1","4","4","4","4","5","5","5","5","5","5","5","5","5","6","5","6","5","5","4","4","4","4","5","3"
"SRR2967458","Camp2015",415865.147594659,8146,"Microdissected cortical-like ventricle from cerebral organoid","53 days","GSM1957406","ESC H9","organoid",NA,"0","5","0","0","0","1","1","4","4","4","4","5","5","5","5","5","5","5","5","5","6","5","6","5","5","4","4","4","4","5","3"
"SRR2967459","Camp2015",298872.45038206,7558,"Microdissected cortical-like ventricle from cerebral organoid","53 days","GSM1957407","ESC H9","organoid",NA,"0","5","0","0","0","1","1","4","4","4","4","5","5","5","5","5","5","5","5","5","6","5","6","5","5","4","4","4","4","5","3"
"SRR2967460","Camp2015",345082.340242152,6310,"Microdissected cortical-like ventricle from cerebral organoid","53 days","GSM1957408","ESC H9","organoid",NA,"0","3","3","3","3","3","3","3","3","3","3","4","4","4","4","4","4","4","3","3","3","3","3","2","2","2","2","1","1","1","1"
"SRR2967461","Camp2015",357553.21322062,6963,"Microdissected cortical-like ventricle from cerebral organoid","53 days","GSM1957409","ESC H9","organoid",NA,"0","5","0","0","0","1","1","4","4","4","4","5","5","5","5","5","5","5","5","5","6","5","6","5","5","4","4","4","4","5","3"
"SRR2967462","Camp2015",320362.374592766,6516,"Microdissected cortical-like ventricle from cerebral organoid","53 days","GSM1957410","ESC H9","organoid",NA,"0","5","0","0","0","1","1","4","4","4","4","5","5","5","5","5","5","5","5","5","6","5","6","5","5","4","4","4","4","5","3"
"SRR2967463","Camp2015",475523.137234333,5714,"Microdissected cortical-like ventricle from cerebral organoid","53 days","GSM1957411","ESC H9","organoid",NA,"0","4","0","0","0","1","1","1","1","1","2","2","2","2","1","1","1","1","4","4","4","4","4","3","3","3","3","2","3","3","5"
"SRR2967464","Camp2015",386342.590303017,6517,"Microdissected cortical-like ventricle from cerebral organoid","53 days","GSM1957412","ESC H9","organoid",NA,"0","5","0","0","0","1","1","4","4","4","4","5","5","5","5","5","5","5","5","5","6","5","6","5","5","4","4","4","4","5","3"
"SRR2967465","Camp2015",491552.564474474,6088,"Microdissected cortical-like ventricle from cerebral organoid","53 days","GSM1957413","ESC H9","organoid",NA,"0","3","3","3","3","3","3","3","3","3","3","4","4","4","4","4","4","4","3","3","3","3","3","2","2","2","2","1","1","1","1"
"SRR2967466","Camp2015",388569.851981655,7167,"Microdissected cortical-like ventricle from cerebral organoid","53 days","GSM1957414","ESC H9","organoid",NA,"0","5","0","0","0","1","1","4","4","4","4","5","5","5","5","5","5","5","5","5","6","5","6","5","5","4","4","4","4","5","3"
"SRR2967467","Camp2015",310738.489605857,6275,"Microdissected cortical-like ventricle from cerebral organoid","53 days","GSM1957415","ESC H9","organoid",NA,"0","5","0","0","0","1","1","4","4","4","4","5","5","5","5","5","5","5","5","5","6","5","6","5","5","4","4","4","4","5","3"
"SRR2967468","Camp2015",672032.880206894,5838,"Microdissected cortical-like ventricle from cerebral organoid","53 days","GSM1957416","ESC H9","organoid",NA,"0","3","3","3","3","3","3","3","3","3","3","4","4","4","4","4","4","4","3","3","3","3","3","2","2","2","2","1","1","1","1"
"SRR2967469","Camp2015",368525.947403534,8607,"Microdissected cortical-like ventricle from cerebral organoid","53 days","GSM1957417","ESC H9","organoid",NA,"0","5","0","0","0","1","1","4","4","4","4","5","5","5","5","5","5","5","5","5","6","5","6","5","5","4","4","4","4","5","3"
"SRR2967470","Camp2015",307003.179891769,4963,"Microdissected cortical-like ventricle from cerebral organoid","53 days","GSM1957418","ESC H9","organoid",NA,"0","4","0","0","0","1","1","1","1","1","2","2","2","2","1","1","1","1","4","4","4","4","4","3","3","3","3","2","3","3","5"
"SRR2967471","Camp2015",436712.167169524,8583,"Microdissected cortical-like ventricle from cerebral organoid","53 days","GSM1957419","ESC H9","organoid",NA,"0","3","3","3","3","3","3","3","3","3","3","4","4","4","4","4","4","4","3","3","3","3","3","2","2","2","2","1","1","1","1"
"SRR2967472","Camp2015",291136.134527878,7925,"Microdissected cortical-like ventricle from cerebral organoid","53 days","GSM1957420","ESC H9","organoid",NA,"2","0","2","2","2","2","2","2","2","2","1","1","1","1","0","0","0","0","0","0","0","0","0","0","0","0","0","3","2","2","2"
"SRR2967473","Camp2015",405701.762749131,5818,"Microdissected cortical-like ventricle from cerebral organoid","53 days","GSM1957421","ESC H9","organoid",NA,"0","4","0","0","0","1","1","1","1","1","2","2","2","2","1","1","1","1","4","4","4","4","4","3","3","3","3","2","3","3","5"
"SRR2967474","Camp2015",517766.293939453,8651,"Microdissected cortical-like ventricle from cerebral organoid","53 days","GSM1957422","ESC H9","organoid",NA,"1","9","1","1","1","0","0","0","0","4","0","5","5","5","5","8","8","8","9","9","9","9","9","9","9","8","7","8","8","8","14"
"SRR2967475","Camp2015",311145.520776518,6290,"Microdissected cortical-like ventricle from cerebral organoid","53 days","GSM1957423","ESC H9","organoid",NA,"2","0","2","2","2","2","2","2","2","2","1","1","1","1","0","0","0","0","0","0","0","0","0","0","0","0","0","3","2","2","2"
"SRR2967476","Camp2015",615301.43137208,6191,"Microdissected cortical-like ventricle from cerebral organoid","53 days","GSM1957424","ESC H9","organoid",NA,"0","5","0","0","0","1","1","4","4","4","4","5","5","5","5","5","5","5","5","5","6","5","6","5","5","4","4","4","4","5","3"
"SRR2967477","Camp2015",281040.613680687,5680,"Microdissected cortical-like ventricle from cerebral organoid","53 days","GSM1957425","ESC H9","organoid",NA,"2","0","2","2","2","2","2","2","2","2","1","1","1","1","0","0","0","0","0","0","0","0","0","0","0","0","0","3","2","2","2"
"SRR2967478","Camp2015",320218.359969848,8794,"Microdissected cortical-like ventricle from cerebral organoid","53 days","GSM1957426","ESC H9","organoid",NA,"0","5","0","0","0","1","1","4","4","4","4","5","5","5","5","5","5","5","5","5","6","5","6","5","5","4","4","4","4","5","3"
"SRR2967479","Camp2015",442686.463094893,7039,"Microdissected cortical-like ventricle from cerebral organoid","53 days","GSM1957427","ESC H9","organoid",NA,"0","5","0","0","0","1","1","4","4","4","4","5","5","5","5","5","5","5","5","5","6","5","6","5","5","4","4","4","4","5","3"
"SRR2967480","Camp2015",235982.779451639,4014,"Microdissected cortical-like ventricle from cerebral organoid","53 days","GSM1957428","ESC H9","organoid",NA,"2","10","2","2","2","5","5","6","6","6","7","8","8","8","8","9","9","9","10","10","10","10","10","11","11","12","12","13","13","13","13"
"SRR2967481","Camp2015",399492.024788181,6501,"Microdissected cortical-like ventricle from cerebral organoid","53 days","GSM1957429","ESC H9","organoid",NA,"0","5","0","0","0","1","1","1","1","1","2","2","2","2","1","1","1","1","5","5","6","5","6","5","5","4","4","4","4","5","3"
"SRR2967482","Camp2015",342134.584794806,5191,"Microdissected cortical-like ventricle from cerebral organoid","53 days","GSM1957430","ESC H9","organoid",NA,"0","4","0","0","0","1","1","1","1","1","2","2","2","2","1","1","1","1","4","4","4","4","4","3","3","3","3","2","3","3","5"
"SRR2967483","Camp2015",327880.756564524,5201,"Microdissected cortical-like ventricle from cerebral organoid","53 days","GSM1957431","ESC H9","organoid",NA,"0","4","0","0","0","1","1","1","1","1","2","2","2","2","1","1","1","1","4","4","4","4","4","3","3","3","3","2","3","3","5"
"SRR2967484","Camp2015",506620.52333588,4928,"Microdissected cortical-like ventricle from cerebral organoid","53 days","GSM1957432","ESC H9","organoid",NA,"2","0","2","2","2","2","2","2","2","2","1","1","1","1","0","0","0","0","0","0","0","0","0","0","0","0","0","3","2","2","2"
"SRR2967485","Camp2015",177852.137606003,4092,"Microdissected cortical-like ventricle from cerebral organoid","53 days","GSM1957433","ESC H9","organoid",NA,"2","10","2","2","2","5","5","6","6","6","7","8","8","8","8","9","9","9","10","10","10","10","10","11","11","12","12","13","13","13","13"
"SRR2967486","Camp2015",373736.896794436,4822,"Microdissected cortical-like ventricle from cerebral organoid","53 days","GSM1957434","ESC H9","organoid",NA,"2","0","2","2","2","2","2","2","2","2","1","1","1","1","0","0","0","0","0","0","0","0","0","0","0","0","0","3","2","2","2"
"SRR2967487","Camp2015",315838.799258182,6455,"Microdissected cortical-like ventricle from cerebral organoid","53 days","GSM1957435","ESC H9","organoid",NA,"0","5","0","0","0","1","1","4","4","4","4","5","5","5","5","5","5","5","5","5","6","5","6","5","5","4","4","4","4","5","3"
"SRR2967488","Camp2015",417379.34105546,5718,"Microdissected cortical-like ventricle from cerebral organoid","53 days","GSM1957436","ESC H9","organoid",NA,"0","5","0","0","0","1","1","4","4","4","4","5","5","5","5","5","5","5","5","5","6","5","6","5","5","4","4","4","4","5","3"
"SRR2967489","Camp2015",121420.387167913,4031,"Microdissected cortical-like ventricle from cerebral organoid","53 days","GSM1957437","ESC H9","organoid",NA,"2","10","2","2","2","5","5","6","6","6","7","8","8","8","8","9","9","9","10","10","10","10","10","11","11","12","12","13","13","13","13"
"SRR2967490","Camp2015",378610.469369246,5561,"Microdissected cortical-like ventricle from cerebral organoid","53 days","GSM1957438","ESC H9","organoid",NA,"0","4","0","0","0","1","1","1","1","1","2","2","2","2","1","1","1","1","4","4","4","4","4","3","3","3","3","2","3","3","5"
"SRR2967491","Camp2015",491165.688491724,4954,"Microdissected cortical-like ventricle from cerebral organoid","53 days","GSM1957439","ESC H9","organoid",NA,"0","4","0","0","0","1","1","1","1","1","2","2","2","2","1","1","1","1","4","4","4","4","4","3","3","3","3","2","3","3","5"
"SRR2967492","Camp2015",181789.41189004,4066,"Microdissected cortical-like ventricle from cerebral organoid","53 days","GSM1957440","ESC H9","organoid",NA,"2","10","2","2","2","5","5","6","6","6","7","8","8","8","8","9","9","9","10","10","10","10","10","11","11","12","12","13","13","13","13"
"SRR2967493","Camp2015",230248.568937354,7258,"Microdissected cortical-like ventricle from cerebral organoid","53 days","GSM1957441","ESC H9","organoid",NA,"2","0","2","2","2","2","2","2","2","2","1","1","1","1","0","0","0","0","0","0","0","0","0","0","0","0","0","3","2","2","2"
"SRR2967494","Camp2015",294325.064598078,5127,"Microdissected cortical-like ventricle from cerebral organoid","53 days","GSM1957442","ESC H9","organoid",NA,"0","4","0","0","0","1","1","1","1","1","2","2","2","2","1","1","1","1","4","4","4","4","4","3","3","3","3","2","3","3","5"
"SRR2967495","Camp2015",168061.828752677,3081,"Microdissected cortical-like ventricle from cerebral organoid","53 days","GSM1957443","ESC H9","organoid",NA,"2","10","2","2","2","5","5","6","6","6","7","8","8","8","8","9","9","9","10","10","10","10","10","11","11","12","12","13","13","13","13"
"SRR2967496","Camp2015",361683.665269154,5241,"Microdissected cortical-like ventricle from cerebral organoid","53 days","GSM1957444","ESC H9","organoid",NA,"0","4","0","0","0","1","1","1","1","1","2","2","2","2","1","1","1","1","4","4","4","4","4","3","3","3","3","2","3","3","5"
"SRR2967497","Camp2015",500152.207045144,5098,"Microdissected cortical-like ventricle from cerebral organoid","53 days","GSM1957445","ESC H9","organoid",NA,"0","4","0","0","0","1","1","1","1","1","2","2","2","2","1","1","1","1","4","4","4","4","4","3","3","3","3","2","3","3","5"
"SRR2967498","Camp2015",376586.332386541,5578,"Microdissected cortical-like ventricle from cerebral organoid","53 days","GSM1957446","ESC H9","organoid",NA,"0","4","0","0","0","1","1","1","1","1","2","2","2","2","1","1","1","1","4","4","4","4","4","3","3","3","3","2","3","3","5"
"SRR2967499","Camp2015",379914.173488492,4450,"Microdissected cortical-like ventricle from cerebral organoid","53 days","GSM1957447","ESC H9","organoid",NA,"0","4","0","0","0","1","1","1","1","1","2","2","2","2","1","1","1","1","4","4","4","4","4","3","3","3","3","2","3","3","5"
"SRR2967500","Camp2015",267678.860450138,5994,"Microdissected cortical-like ventricle from cerebral organoid","53 days","GSM1957448","ESC H9","organoid",NA,"2","0","2","2","2","2","2","2","2","2","1","1","1","1","0","0","0","0","0","0","0","0","0","0","0","0","0","3","2","2","2"
"SRR2967501","Camp2015",140252.031849365,2678,"Microdissected cortical-like ventricle from cerebral organoid","53 days","GSM1957449","ESC H9","organoid",NA,"2","10","2","2","2","5","5","6","6","6","7","8","8","8","8","9","9","9","10","10","10","10","10","11","11","12","12","13","13","13","13"
"SRR2967502","Camp2015",149621.696502353,3055,"Microdissected cortical-like ventricle from cerebral organoid","53 days","GSM1957450","ESC H9","organoid",NA,"2","10","2","2","2","5","5","6","6","6","7","8","8","8","8","9","9","9","10","10","10","10","10","11","11","12","12","13","13","13","13"
"SRR2967503","Camp2015",411089.856812123,6116,"Microdissected cortical-like ventricle from cerebral organoid","53 days","GSM1957451","ESC H9","organoid",NA,"0","5","0","0","0","1","1","4","4","4","4","5","5","5","5","5","5","5","5","5","6","5","6","5","5","4","4","4","4","5","3"
"SRR2967504","Camp2015",373058.966027967,5133,"Microdissected cortical-like ventricle from cerebral organoid","53 days","GSM1957452","ESC H9","organoid",NA,"0","4","0","0","0","1","1","1","1","1","2","2","2","2","1","1","1","1","4","4","4","4","4","3","3","3","3","2","3","3","5"
"SRR2967505","Camp2015",251459.797291749,5662,"Microdissected cortical-like ventricle from cerebral organoid","53 days","GSM1957453","ESC H9","organoid",NA,"2","0","2","2","2","2","2","2","2","2","1","1","1","1","0","0","0","0","0","0","0","0","0","0","0","0","0","3","2","2","2"
"SRR2967506","Camp2015",121816.288517866,3532,"Microdissected cortical-like ventricle from cerebral organoid","53 days","GSM1957454","ESC H9","organoid",NA,"2","10","2","2","2","5","5","6","6","6","7","8","8","8","8","9","9","9","10","10","10","10","10","11","11","12","12","13","13","13","13"
"SRR2967507","Camp2015",369358.448770405,5034,"Microdissected cortical-like ventricle from cerebral organoid","53 days","GSM1957455","ESC H9","organoid",NA,"0","4","0","0","0","1","1","1","1","1","2","2","2","2","1","1","1","1","4","4","4","4","4","3","3","3","3","2","3","3","5"
"SRR2967508","Camp2015",268510.442626956,5853,"Microdissected cortical-like ventricle from cerebral organoid","53 days","GSM1957456","ESC H9","organoid",NA,"2","0","2","2","2","2","2","2","2","2","1","1","1","1","0","0","0","0","0","0","0","0","0","0","0","0","0","3","2","2","2"
"SRR2967509","Camp2015",460839.269796057,5870,"Microdissected cortical-like ventricle from cerebral organoid","53 days","GSM1957457","ESC H9","organoid",NA,"0","4","0","0","0","1","1","1","1","1","2","2","2","2","1","1","1","1","4","4","4","4","4","3","3","3","3","2","3","3","5"
"SRR2967510","Camp2015",523477.848380363,1063,"Microdissected cortical-like ventricle from cerebral organoid","53 days","GSM1957458","ESC H9","organoid",NA,"2","10","2","2","2","5","5","6","6","6","7","8","8","8","8","9","9","9","10","10","10","10","10","11","11","12","12","13","13","13","13"
"SRR2967511","Camp2015",246655.240121981,4623,"Microdissected cortical-like ventricle from cerebral organoid","53 days","GSM1957459","ESC H9","organoid",NA,"0","4","0","0","0","1","1","1","1","1","2","2","2","2","1","1","1","1","4","4","4","4","4","3","3","3","3","2","3","3","5"
"SRR2967512","Camp2015",254424.581352822,4519,"Microdissected cortical-like ventricle from cerebral organoid","53 days","GSM1957460","ESC H9","organoid",NA,"2","10","2","2","2","5","5","6","6","6","7","8","8","8","8","9","9","9","10","10","10","10","10","11","11","12","12","13","13","13","13"
"SRR2967513","Camp2015",380477.861074287,6008,"Microdissected cortical-like ventricle from cerebral organoid","53 days","GSM1957461","ESC H9","organoid",NA,"0","5","0","0","0","1","1","4","4","4","4","5","5","5","5","5","5","5","5","5","6","5","6","5","5","4","4","4","4","5","3"
"SRR2967514","Camp2015",300156.339569999,5711,"Microdissected cortical-like ventricle from cerebral organoid","53 days","GSM1957462","ESC H9","organoid",NA,"0","4","0","0","0","1","1","1","1","1","2","2","2","2","1","1","1","1","4","4","4","4","4","3","3","3","3","2","3","3","5"
"SRR2967515","Camp2015",490024.799261756,4903,"Microdissected cortical-like ventricle from cerebral organoid","53 days","GSM1957463","ESC H9","organoid",NA,"2","0","2","2","2","2","2","2","2","2","1","1","1","1","0","0","0","0","0","0","0","0","0","0","0","0","0","3","2","2","2"
"SRR2967516","Camp2015",331002.142923111,6480,"Microdissected cortical-like ventricle from cerebral organoid","53 days","GSM1957464","ESC H9","organoid",NA,"0","4","0","0","0","1","1","1","1","1","2","2","2","2","1","1","1","1","4","4","4","4","4","3","3","3","3","2","3","3","5"
"SRR2967517","Camp2015",163700.69922699,3734,"Microdissected cortical-like ventricle from cerebral organoid","53 days","GSM1957465","ESC H9","organoid",NA,"2","10","2","2","2","5","5","6","6","6","7","8","8","8","8","9","9","9","10","10","10","10","10","11","11","12","12","13","13","13","13"
"SRR2967518","Camp2015",339491.993123078,6199,"Microdissected cortical-like ventricle from cerebral organoid","53 days","GSM1957466","ESC H9","organoid",NA,"0","4","0","0","0","1","1","1","1","1","2","2","2","2","1","1","1","1","4","4","4","4","4","3","3","3","3","2","3","3","5"
"SRR2967519","Camp2015",156519.135552668,3223,"Microdissected cortical-like ventricle from cerebral organoid","53 days","GSM1957467","ESC H9","organoid",NA,"2","10","2","2","2","5","5","6","6","6","7","8","8","8","8","9","9","9","10","10","10","10","10","11","11","12","12","13","13","13","13"
"SRR2967520","Camp2015",481017.923202493,4221,"Microdissected cortical-like ventricle from cerebral organoid","53 days","GSM1957468","ESC H9","organoid",NA,"0","4","0","0","0","1","1","1","1","1","2","2","2","2","1","1","1","1","4","4","4","4","4","3","3","3","3","2","3","3","5"
"SRR2967521","Camp2015",322012.448850145,6703,"Microdissected cortical-like ventricle from cerebral organoid","53 days","GSM1957469","ESC H9","organoid",NA,"0","5","0","0","0","1","1","4","4","4","4","5","5","5","5","5","5","5","5","5","6","5","6","5","5","4","4","4","4","5","3"
"SRR2967522","Camp2015",347370.727271155,6767,"Microdissected cortical-like ventricle from cerebral organoid","53 days","GSM1957470","ESC H9","organoid",NA,"0","5","0","0","0","1","1","1","1","1","2","2","2","2","1","1","1","1","5","5","6","5","6","5","5","4","4","4","4","5","3"
"SRR2967523","Camp2015",343931.97140597,6578,"Microdissected cortical-like ventricle from cerebral organoid","53 days","GSM1957471","ESC H9","organoid",NA,"2","0","2","2","2","2","2","2","2","2","1","1","1","1","0","0","0","0","0","0","0","0","0","0","0","0","0","3","2","2","2"
"SRR2967524","Camp2015",462093.879903006,6059,"Microdissected cortical-like ventricle from cerebral organoid","53 days","GSM1957472","ESC H9","organoid",NA,"0","5","0","0","0","1","1","4","4","4","4","5","5","5","5","5","5","5","5","5","6","5","6","5","5","4","4","4","4","5","3"
"SRR2967525","Camp2015",281936.866417514,5557,"Microdissected cortical-like ventricle from cerebral organoid","53 days","GSM1957473","ESC H9","organoid",NA,"2","0","2","2","2","2","2","2","2","2","1","1","1","1","0","0","0","0","0","0","0","0","0","0","0","0","0","3","2","2","2"
"SRR2967526","Camp2015",214927.925509374,5665,"Microdissected cortical-like ventricle from cerebral organoid","53 days","GSM1957474","ESC H9","organoid",NA,"2","10","2","2","2","5","5","6","6","6","7","8","8","8","8","9","9","9","10","10","10","10","10","11","11","12","12","13","13","13","13"
"SRR2967527","Camp2015",416566.834718216,5099,"Microdissected cortical-like ventricle from cerebral organoid","53 days","GSM1957475","ESC H9","organoid",NA,"0","4","0","0","0","1","1","1","1","1","2","2","2","2","1","1","1","1","4","4","4","4","4","3","3","3","3","2","3","3","5"
"SRR2967528","Camp2015",354942.836784463,5016,"Microdissected cortical-like ventricle from cerebral organoid","53 days","GSM1957476","ESC H9","organoid",NA,"2","0","2","2","2","2","2","2","2","2","1","1","1","1","0","0","0","0","0","0","0","0","0","0","0","0","0","3","2","2","2"
"SRR2967529","Camp2015",420984.750886889,5539,"Microdissected cortical-like ventricle from cerebral organoid","58 days","GSM1957477","iPSC 409B2","organoid",NA,"0","4","0","0","0","1","1","1","1","1","2","2","2","2","1","1","1","1","4","4","7","8","8","7","7","6","6","6","6","6","8"
"SRR2967530","Camp2015",369318.326727589,5190,"Microdissected cortical-like ventricle from cerebral organoid","58 days","GSM1957478","iPSC 409B2","organoid",NA,"0","4","0","0","0","1","1","1","1","1","2","2","2","2","1","1","1","1","4","4","4","4","4","3","3","3","3","2","3","3","5"
"SRR2967531","Camp2015",392158.787498683,5188,"Microdissected cortical-like ventricle from cerebral organoid","58 days","GSM1957479","iPSC 409B2","organoid",NA,"2","0","2","2","2","2","2","2","2","2","1","1","1","1","0","0","0","0","0","0","0","0","0","0","0","0","0","3","2","2","2"
"SRR2967532","Camp2015",391236.480467408,6239,"Microdissected cortical-like ventricle from cerebral organoid","58 days","GSM1957480","iPSC 409B2","organoid",NA,"0","8","0","0","0","1","1","1","1","1","2","2","2","2","1","1","1","1","8","8","7","8","8","7","7","6","6","6","6","6","8"
"SRR2967533","Camp2015",422006.981125763,6573,"Microdissected cortical-like ventricle from cerebral organoid","58 days","GSM1957481","iPSC 409B2","organoid",NA,"0","8","0","0","0","1","1","1","1","1","2","2","2","2","1","1","1","1","8","8","7","8","8","7","7","6","6","6","6","6","8"
"SRR2967534","Camp2015",470178.711946646,5408,"Microdissected cortical-like ventricle from cerebral organoid","58 days","GSM1957482","iPSC 409B2","organoid",NA,"0","8","0","0","0","1","1","1","1","1","2","2","2","2","1","1","1","1","8","8","7","8","8","7","7","6","6","6","6","6","8"
"SRR2967535","Camp2015",367252.720256069,7617,"Microdissected cortical-like ventricle from cerebral organoid","58 days","GSM1957483","iPSC 409B2","organoid",NA,"0","5","0","0","0","1","1","4","4","4","4","5","5","5","5","5","5","5","5","5","7","8","8","7","7","6","6","6","6","6","8"
"SRR2967536","Camp2015",342561.799160888,6033,"Microdissected cortical-like ventricle from cerebral organoid","58 days","GSM1957484","iPSC 409B2","organoid",NA,"0","8","0","0","0","1","1","1","1","1","2","2","2","2","1","1","1","1","8","8","7","8","8","7","7","6","6","6","6","6","8"
"SRR2967537","Camp2015",361263.207781158,7327,"Microdissected cortical-like ventricle from cerebral organoid","58 days","GSM1957485","iPSC 409B2","organoid",NA,"0","8","0","0","0","1","1","1","1","1","2","2","2","2","1","1","1","1","8","8","7","8","8","7","7","6","6","6","6","6","8"
"SRR2967538","Camp2015",615772.703146241,5476,"Microdissected cortical-like ventricle from cerebral organoid","58 days","GSM1957486","iPSC 409B2","organoid",NA,"0","4","0","0","0","1","1","1","1","1","2","2","2","2","1","1","1","1","4","4","4","4","4","3","3","3","3","2","3","3","8"
"SRR2967539","Camp2015",361541.281811188,4312,"Microdissected cortical-like ventricle from cerebral organoid","58 days","GSM1957487","iPSC 409B2","organoid",NA,"2","0","2","2","2","2","2","2","2","2","1","1","1","1","0","0","0","0","0","0","0","0","0","0","0","0","0","9","9","9","9"
"SRR2967540","Camp2015",381958.465454769,5908,"Microdissected cortical-like ventricle from cerebral organoid","58 days","GSM1957488","iPSC 409B2","organoid",NA,"0","8","0","0","0","1","1","1","1","1","2","2","2","2","1","1","1","1","8","8","7","8","8","7","7","6","6","6","6","6","8"
"SRR2967541","Camp2015",277969.224382123,7178,"Microdissected cortical-like ventricle from cerebral organoid","58 days","GSM1957489","iPSC 409B2","organoid",NA,"0","8","0","0","0","1","1","1","1","1","2","2","2","2","1","1","1","1","8","8","7","8","8","7","7","6","6","6","6","6","8"
"SRR2967542","Camp2015",403529.166675815,6815,"Microdissected cortical-like ventricle from cerebral organoid","58 days","GSM1957490","iPSC 409B2","organoid",NA,"0","8","0","0","0","1","1","1","1","1","2","2","2","2","1","1","1","1","8","8","7","8","8","7","7","6","6","6","6","6","8"
"SRR2967543","Camp2015",443463.027486956,7429,"Microdissected cortical-like ventricle from cerebral organoid","58 days","GSM1957491","iPSC 409B2","organoid",NA,"0","8","0","0","0","1","1","1","1","1","2","2","2","2","1","1","1","1","8","8","7","8","8","7","7","6","6","6","6","6","8"
"SRR2967544","Camp2015",242829.598486478,6010,"Microdissected cortical-like ventricle from cerebral organoid","58 days","GSM1957492","iPSC 409B2","organoid",NA,"0","4","0","0","0","1","1","1","1","1","2","2","2","2","1","1","1","1","4","4","4","4","4","3","3","3","3","2","3","3","5"
"SRR2967545","Camp2015",208063.777498528,5303,"Microdissected cortical-like ventricle from cerebral organoid","58 days","GSM1957493","iPSC 409B2","organoid",NA,"2","0","2","2","2","2","2","2","2","2","1","1","1","1","0","0","0","0","0","0","0","0","0","0","0","0","0","9","9","9","9"
"SRR2967546","Camp2015",316567.952840377,6123,"Microdissected cortical-like ventricle from cerebral organoid","58 days","GSM1957495","iPSC 409B2","organoid",NA,"0","8","0","0","0","1","1","1","1","1","2","2","2","2","1","1","1","1","8","8","7","8","8","7","7","6","6","6","6","6","8"
"SRR2967547","Camp2015",311808.574820345,5099,"Microdissected cortical-like ventricle from cerebral organoid","58 days","GSM1957497","iPSC 409B2","organoid",NA,"0","4","0","0","0","1","1","1","1","1","2","2","2","2","1","1","1","1","4","4","4","4","4","3","3","3","3","2","3","3","5"
"SRR2967548","Camp2015",220150.552327149,6919,"Microdissected cortical-like ventricle from cerebral organoid","58 days","GSM1957499","iPSC 409B2","organoid",NA,"0","5","0","0","0","1","1","4","4","4","4","5","5","5","5","5","5","5","5","5","6","5","6","5","5","4","4","4","4","5","3"
"SRR2967549","Camp2015",579297.492924316,5671,"Microdissected cortical-like ventricle from cerebral organoid","58 days","GSM1957501","iPSC 409B2","organoid",NA,"0","5","0","0","0","1","1","4","4","4","4","5","5","5","5","5","5","5","5","5","6","5","6","5","5","4","4","4","4","5","3"
"SRR2967550","Camp2015",350681.389363549,4887,"Microdissected cortical-like ventricle from cerebral organoid","58 days","GSM1957503","iPSC 409B2","organoid",NA,"2","0","2","2","2","2","2","2","2","2","1","1","1","1","0","0","0","0","0","0","0","0","0","0","0","0","0","3","2","2","2"
"SRR2967551","Camp2015",193696.603808343,6136,"Microdissected cortical-like ventricle from cerebral organoid","58 days","GSM1957505","iPSC 409B2","organoid",NA,"2","0","2","2","2","2","2","2","2","2","1","1","1","1","0","0","0","0","0","0","0","0","0","0","0","0","0","9","9","9","9"
"SRR2967552","Camp2015",338843.048167666,6423,"Microdissected cortical-like ventricle from cerebral organoid","58 days","GSM1957507","iPSC 409B2","organoid",NA,"0","8","0","0","0","1","1","1","1","1","2","2","2","2","1","1","1","1","8","8","7","8","8","7","7","6","6","6","6","6","8"
"SRR2967553","Camp2015",387421.580924232,7178,"Microdissected cortical-like ventricle from cerebral organoid","58 days","GSM1957509","iPSC 409B2","organoid",NA,"0","8","0","0","0","1","1","1","1","1","2","2","2","2","1","1","1","1","8","8","7","8","8","7","7","6","6","6","6","6","8"
"SRR2967554","Camp2015",197452.321063166,5088,"Microdissected cortical-like ventricle from cerebral organoid","58 days","GSM1957511","iPSC 409B2","organoid",NA,"2","0","2","2","2","2","2","2","2","2","1","1","1","1","0","0","0","0","0","0","0","0","0","0","0","0","0","9","9","9","9"
"SRR2967555","Camp2015",450262.095912914,5464,"Microdissected cortical-like ventricle from cerebral organoid","58 days","GSM1957513","iPSC 409B2","organoid",NA,"0","8","0","0","0","1","1","1","1","1","2","2","2","2","1","1","1","1","8","8","7","8","8","7","7","6","6","6","6","6","8"
"SRR2967556","Camp2015",341750.481661293,5675,"Microdissected cortical-like ventricle from cerebral organoid","58 days","GSM1957515","iPSC 409B2","organoid",NA,"0","4","0","0","0","1","1","1","1","1","2","2","2","2","1","1","1","1","4","4","4","4","4","3","3","3","3","2","3","3","8"
"SRR2967557","Camp2015",312868.106735501,5380,"Microdissected cortical-like ventricle from cerebral organoid","58 days","GSM1957518","iPSC 409B2","organoid",NA,"0","4","0","0","0","1","1","1","1","1","2","2","2","2","1","1","1","1","4","4","4","4","4","3","3","3","3","2","3","3","5"
"SRR2967558","Camp2015",183205.542766955,5596,"Microdissected cortical-like ventricle from cerebral organoid","58 days","GSM1957520","iPSC 409B2","organoid",NA,"2","0","2","2","2","2","2","2","2","2","1","1","1","1","0","0","0","0","0","0","0","0","0","0","0","0","0","3","2","2","2"
"SRR2967559","Camp2015",306400.130386957,5729,"Microdissected cortical-like ventricle from cerebral organoid","58 days","GSM1957522","iPSC 409B2","organoid",NA,"2","0","2","2","2","2","2","2","2","2","1","1","1","1","0","0","0","0","0","0","0","0","0","0","0","0","0","3","2","2","2"
"SRR2967560","Camp2015",305347.977354443,6229,"Microdissected cortical-like ventricle from cerebral organoid","58 days","GSM1957524","iPSC 409B2","organoid",NA,"0","8","0","0","0","1","1","1","1","1","2","2","2","2","1","1","1","1","8","8","7","8","8","7","7","6","6","6","6","6","8"
"SRR2967561","Camp2015",290320.229273184,6943,"Microdissected cortical-like ventricle from cerebral organoid","58 days","GSM1957526","iPSC 409B2","organoid",NA,"0","5","0","0","0","1","1","4","4","4","4","5","5","5","5","5","5","5","5","5","6","5","6","5","5","4","4","4","4","5","3"
"SRR2967562","Camp2015",336603.553895485,6747,"Microdissected cortical-like ventricle from cerebral organoid","58 days","GSM1957527","iPSC 409B2","organoid",NA,"0","8","0","0","0","1","1","1","1","1","2","2","2","2","1","1","1","1","8","8","7","8","8","7","7","6","6","6","6","6","8"
"SRR2967563","Camp2015",277557.002004415,4821,"Microdissected cortical-like ventricle from cerebral organoid","58 days","GSM1957528","iPSC 409B2","organoid",NA,"2","0","2","2","2","2","2","2","2","2","1","1","1","1","0","0","0","0","0","0","0","0","0","0","0","0","0","3","2","2","2"
"SRR2967564","Camp2015",244116.748510013,4436,"Microdissected cortical-like ventricle from cerebral organoid","58 days","GSM1957529","iPSC 409B2","organoid",NA,"0","4","0","0","0","1","1","1","1","1","2","2","2","2","1","1","1","1","4","4","4","4","4","3","3","3","3","2","3","3","5"
"SRR2967565","Camp2015",611020.873120807,3029,"Microdissected cortical-like ventricle from cerebral organoid","58 days","GSM1957530","iPSC 409B2","organoid",NA,"2","0","2","2","2","2","2","2","2","2","1","1","1","1","0","0","0","0","0","0","0","0","0","0","0","0","0","3","2","2","2"
"SRR2967566","Camp2015",260085.967564478,5256,"Microdissected cortical-like ventricle from cerebral organoid","58 days","GSM1957531","iPSC 409B2","organoid",NA,"0","4","0","0","0","1","1","1","1","1","2","2","2","2","1","1","1","1","4","4","4","4","4","3","3","3","3","2","3","3","5"
"SRR2967567","Camp2015",271369.468557076,6437,"Microdissected cortical-like ventricle from cerebral organoid","58 days","GSM1957532","iPSC 409B2","organoid",NA,"2","0","2","2","2","2","2","2","2","2","1","1","1","1","0","0","0","0","0","0","0","0","0","0","0","0","0","3","2","2","2"
"SRR2967568","Camp2015",342191.728097163,5603,"Microdissected cortical-like ventricle from cerebral organoid","58 days","GSM1957533","iPSC 409B2","organoid",NA,"0","4","0","0","0","1","1","1","1","1","2","2","2","2","1","1","1","1","4","4","7","8","8","7","7","6","6","6","6","6","8"
"SRR2967569","Camp2015",552114.299450294,8068,"Microdissected cortical-like ventricle from cerebral organoid","58 days","GSM1957534","iPSC 409B2","organoid",NA,"1","1","1","1","1","0","0","0","0","0","0","0","0","0","2","2","2","2","1","1","1","1","1","1","1","1","1","0","0","0","0"
"SRR2967570","Camp2015",270032.128626165,5517,"Microdissected cortical-like ventricle from cerebral organoid","58 days","GSM1957535","iPSC 409B2","organoid",NA,"0","4","0","0","0","1","1","1","1","1","2","2","2","2","1","1","1","1","4","4","4","4","4","3","3","3","3","2","3","3","5"
"SRR2967571","Camp2015",295015.49077379,6511,"Microdissected cortical-like ventricle from cerebral organoid","58 days","GSM1957536","iPSC 409B2","organoid",NA,"0","8","0","0","0","1","1","1","1","1","2","2","2","2","1","1","1","1","8","8","7","8","8","7","7","6","6","6","6","6","8"
"SRR2967572","Camp2015",772336.825742738,5999,"Microdissected cortical-like ventricle from cerebral organoid","58 days","GSM1957537","iPSC 409B2","organoid",NA,"0","7","0","0","0","2","2","1","1","1","6","7","7","7","6","7","7","7","7","7","8","7","7","8","8","7","8","7","7","7","6"
"SRR2967573","Camp2015",377918.495342818,5172,"Microdissected cortical-like ventricle from cerebral organoid","58 days","GSM1957538","iPSC 409B2","organoid",NA,"2","7","0","0","0","2","2","1","1","1","6","7","7","7","6","7","7","7","7","7","8","7","7","8","8","7","8","7","7","7","6"
"SRR2967574","Camp2015",371543.50271928,6960,"Microdissected cortical-like ventricle from cerebral organoid","58 days","GSM1957539","iPSC 409B2","organoid",NA,"2","0","2","2","2","2","2","2","2","2","1","1","1","1","0","0","0","0","0","0","0","0","0","0","0","0","0","9","9","9","9"
"SRR2967575","Camp2015",375253.51868352,6573,"Microdissected cortical-like ventricle from cerebral organoid","58 days","GSM1957540","iPSC 409B2","organoid",NA,"0","7","0","0","0","2","2","1","1","1","6","7","7","7","6","7","7","7","7","7","8","7","7","8","8","7","8","7","7","7","6"
"SRR2967576","Camp2015",441709.272430523,5040,"Microdissected cortical-like ventricle from cerebral organoid","58 days","GSM1957541","iPSC 409B2","organoid",NA,"2","0","2","2","2","2","2","2","2","2","1","1","1","1","0","0","0","0","0","0","0","0","0","0","0","0","0","9","9","9","9"
"SRR2967577","Camp2015",445657.367093951,6273,"Microdissected cortical-like ventricle from cerebral organoid","58 days","GSM1957542","iPSC 409B2","organoid",NA,"2","7","0","0","0","2","2","1","1","1","6","7","7","7","6","7","7","7","7","7","8","7","7","8","8","7","8","7","7","7","6"
"SRR2967578","Camp2015",371552.750818904,4254,"Microdissected cortical-like ventricle from cerebral organoid","58 days","GSM1957543","iPSC 409B2","organoid",NA,"2","0","2","2","2","2","2","2","2","2","1","1","1","1","0","0","0","0","0","0","0","0","0","0","0","0","0","9","9","9","9"
"SRR2967579","Camp2015",523132.941392803,7452,"Microdissected cortical-like ventricle from cerebral organoid","58 days","GSM1957544","iPSC 409B2","organoid",NA,"0","6","0","0","3","4","4","5","5","5","5","6","6","6","7","6","6","6","6","6","5","6","5","4","4","11","11","12","12","12","12"
"SRR2967580","Camp2015",444122.872314348,6388,"Microdissected cortical-like ventricle from cerebral organoid","58 days","GSM1957545","iPSC 409B2","organoid",NA,"0","7","0","0","0","1","1","1","1","1","6","7","7","7","6","7","7","7","7","7","8","7","7","8","8","7","8","7","7","7","6"
"SRR2967581","Camp2015",265692.794266619,5466,"Microdissected cortical-like ventricle from cerebral organoid","58 days","GSM1957546","iPSC 409B2","organoid",NA,"2","0","2","2","2","2","2","2","2","2","1","1","1","1","0","0","0","0","0","0","0","0","0","0","0","0","0","9","9","9","9"
"SRR2967582","Camp2015",325159.784137422,4480,"Microdissected cortical-like ventricle from cerebral organoid","58 days","GSM1957547","iPSC 409B2","organoid",NA,"2","0","2","2","2","2","2","2","2","2","1","1","1","1","0","0","0","0","0","0","0","0","0","0","0","0","0","9","9","9","9"
"SRR2967583","Camp2015",311618.226467315,5165,"Microdissected cortical-like ventricle from cerebral organoid","58 days","GSM1957548","iPSC 409B2","organoid",NA,"2","7","2","2","2","2","2","2","2","2","1","1","1","1","0","7","7","7","7","7","8","7","7","8","8","7","8","7","7","7","6"
"SRR2967584","Camp2015",308280.260318805,5180,"Microdissected cortical-like ventricle from cerebral organoid","58 days","GSM1957549","iPSC 409B2","organoid",NA,"2","0","2","2","2","2","2","2","2","2","1","1","1","1","0","0","0","0","0","0","0","0","0","0","0","0","0","9","9","9","9"
"SRR2967585","Camp2015",228447.027159232,5097,"Microdissected cortical-like ventricle from cerebral organoid","58 days","GSM1957550","iPSC 409B2","organoid",NA,"2","0","2","2","2","2","2","2","2","2","1","1","1","1","0","0","0","0","0","0","0","0","0","0","0","0","0","9","9","9","9"
"SRR2967586","Camp2015",398228.263820652,5289,"Microdissected cortical-like ventricle from cerebral organoid","58 days","GSM1957551","iPSC 409B2","organoid",NA,"2","7","0","0","0","2","2","1","1","1","6","7","7","7","6","7","7","7","7","7","8","7","7","8","8","7","8","7","7","7","6"
"SRR2967587","Camp2015",340794.257666507,7243,"Microdissected cortical-like ventricle from cerebral organoid","58 days","GSM1957552","iPSC 409B2","organoid",NA,"0","7","0","0","0","1","1","1","1","1","6","7","7","7","6","7","7","7","7","7","8","7","7","8","8","7","8","7","7","7","6"
"SRR2967588","Camp2015",382216.392040988,6543,"Microdissected cortical-like ventricle from cerebral organoid","58 days","GSM1957553","iPSC 409B2","organoid",NA,"2","7","0","0","0","2","2","1","1","1","6","7","7","7","6","7","7","7","7","7","8","7","7","8","8","7","8","7","7","7","6"
"SRR2967589","Camp2015",441543.973229008,5703,"Microdissected cortical-like ventricle from cerebral organoid","58 days","GSM1957554","iPSC 409B2","organoid",NA,"0","7","0","0","0","1","1","1","1","1","6","7","7","7","6","7","7","7","7","7","8","7","7","8","8","7","8","7","7","7","6"
"SRR2967590","Camp2015",383533.526507961,5254,"Microdissected cortical-like ventricle from cerebral organoid","58 days","GSM1957555","iPSC 409B2","organoid",NA,"2","7","2","2","2","2","2","2","2","2","1","1","1","1","0","7","7","7","7","7","8","7","7","8","8","7","8","7","7","7","6"
"SRR2967591","Camp2015",488744.724190762,6726,"Microdissected cortical-like ventricle from cerebral organoid","58 days","GSM1957556","iPSC 409B2","organoid",NA,"0","5","0","0","0","1","1","4","4","4","4","5","5","5","5","5","5","5","5","5","6","5","6","5","5","4","4","4","4","5","3"
"SRR2967592","Camp2015",424122.142446169,5959,"Microdissected cortical-like ventricle from cerebral organoid","58 days","GSM1957557","iPSC 409B2","organoid",NA,"0","7","0","0","0","1","1","1","1","1","6","7","7","7","6","7","7","7","7","7","8","7","7","8","8","7","8","7","7","7","6"
"SRR2967593","Camp2015",390258.467881552,6899,"Microdissected cortical-like ventricle from cerebral organoid","58 days","GSM1957558","iPSC 409B2","organoid",NA,"2","7","0","0","0","2","2","1","1","1","6","7","7","7","6","7","7","7","7","7","8","7","7","8","8","7","8","7","7","7","6"
"SRR2967594","Camp2015",284372.290595796,4705,"Microdissected cortical-like ventricle from cerebral organoid","58 days","GSM1957559","iPSC 409B2","organoid",NA,"2","0","2","2","2","2","2","2","2","2","1","1","1","1","0","0","0","0","0","0","0","0","0","0","0","0","0","9","9","9","9"
"SRR2967595","Camp2015",309725.848725586,5001,"Microdissected cortical-like ventricle from cerebral organoid","58 days","GSM1957560","iPSC 409B2","organoid",NA,"2","0","2","2","2","2","2","2","2","2","1","1","1","1","0","0","0","0","0","0","0","0","0","0","0","0","0","9","9","9","9"
"SRR2967596","Camp2015",366247.470022981,6102,"Microdissected cortical-like ventricle from cerebral organoid","58 days","GSM1957561","iPSC 409B2","organoid",NA,"2","7","2","2","2","2","2","2","2","2","1","1","1","1","0","7","7","7","7","7","8","7","7","8","8","7","8","7","7","7","6"
"SRR2967597","Camp2015",330424.993061328,5289,"Microdissected cortical-like ventricle from cerebral organoid","58 days","GSM1957562","iPSC 409B2","organoid",NA,"2","0","2","2","2","2","2","2","2","2","1","1","1","1","0","0","0","0","0","0","0","0","0","0","0","0","0","9","9","9","9"
"SRR2967598","Camp2015",399280.388215793,4730,"Microdissected cortical-like ventricle from cerebral organoid","58 days","GSM1957563","iPSC 409B2","organoid",NA,"2","0","2","2","2","2","2","2","2","2","1","1","1","1","0","0","0","0","0","0","0","0","0","0","0","0","0","9","9","9","9"
"SRR2967599","Camp2015",301341.672262711,5896,"Microdissected cortical-like ventricle from cerebral organoid","58 days","GSM1957564","iPSC 409B2","organoid",NA,"2","7","0","0","0","2","2","1","1","1","6","7","7","7","6","7","7","7","7","7","8","7","7","8","8","7","8","7","7","7","6"
"SRR2967600","Camp2015",328745.848997756,5773,"Microdissected cortical-like ventricle from cerebral organoid","58 days","GSM1957565","iPSC 409B2","organoid",NA,"2","0","2","2","2","2","2","2","2","2","1","1","1","1","0","0","0","0","0","0","0","0","0","0","0","0","0","9","9","9","9"
"SRR2967601","Camp2015",247892.721877526,4832,"Microdissected cortical-like ventricle from cerebral organoid","58 days","GSM1957566","iPSC 409B2","organoid",NA,"2","0","2","2","2","2","2","2","2","2","1","1","1","1","0","0","0","0","0","0","0","0","0","0","0","0","0","9","9","9","9"
"SRR2967602","Camp2015",372999.00720282,4946,"Microdissected cortical-like ventricle from cerebral organoid","58 days","GSM1957567","iPSC 409B2","organoid",NA,"2","0","2","2","2","2","2","2","2","2","1","1","1","1","0","0","0","0","0","0","0","0","0","0","0","0","0","9","9","9","9"
"SRR2967603","Camp2015",369092.169377686,4266,"Microdissected cortical-like ventricle from cerebral organoid","58 days","GSM1957568","iPSC 409B2","organoid",NA,"2","0","2","2","2","2","2","2","2","2","1","1","1","1","0","0","0","0","0","0","0","0","0","0","0","0","0","9","9","9","9"
"SRR2967604","Camp2015",286925.989712179,4869,"Microdissected cortical-like ventricle from cerebral organoid","58 days","GSM1957569","iPSC 409B2","organoid",NA,"2","0","2","2","2","2","2","2","2","2","1","1","1","1","0","0","0","0","0","0","0","0","0","0","0","0","0","9","9","9","9"
"SRR2967605","Camp2015",515419.398399599,4958,"Microdissected cortical-like ventricle from cerebral organoid","58 days","GSM1957570","iPSC 409B2","organoid",NA,"2","7","2","2","2","2","2","2","2","2","1","1","1","1","0","7","7","7","7","7","8","7","7","8","8","7","8","7","7","7","6"
"SRR2967606","Camp2015",532150.497633976,4861,"Microdissected cortical-like ventricle from cerebral organoid","58 days","GSM1957571","iPSC 409B2","organoid",NA,"2","0","2","2","2","2","2","2","2","2","1","1","1","1","0","0","0","0","0","0","0","0","0","0","0","0","0","9","9","9","9"
"SRR2967607","Camp2015",475028.950721965,4807,"Microdissected cortical-like ventricle from cerebral organoid","58 days","GSM1957572","iPSC 409B2","organoid",NA,"0","7","0","0","0","1","1","1","1","1","6","7","7","7","6","7","7","7","7","7","8","7","7","8","8","7","8","7","7","7","6"
